image_path,latitude,longitude
data/images_converted/IMG_0210.png,39.95140833333333,-75.19058833333334
data/images_converted/IMG_0211.png,39.95140833333333,-75.19058833333334
data/images_converted/IMG_0212.png,39.95140833333333,-75.19058833333334
data/images_converted/IMG_0213.png,39.95140833333333,-75.19058833333334
data/images_converted/IMG_0214.png,39.95140833333333,-75.19058833333334
data/images_converted/IMG_0215.png,39.95140833333333,-75.19058833333334
data/images_converted/IMG_0216.png,39.95140833333333,-75.19058833333334
data/images_converted/IMG_0217.png,39.95140833333333,-75.19058833333334
data/images_converted/IMG_0221.png,39.95148,-75.19079666666667
data/images_converted/IMG_0222.png,39.95148,-75.19079666666667
data/images_converted/IMG_0223.png,39.951496666666664,-75.19077166666666
data/images_converted/IMG_0224.png,39.95148833333333,-75.19076666666666
data/images_converted/IMG_0225.png,39.95148,-75.19079666666667
data/images_converted/IMG_0226.png,39.95147166666667,-75.19082833333333
data/images_converted/IMG_0227.png,39.95147,-75.19083333333333
data/images_converted/IMG_0228.png,39.95147166666667,-75.190855
data/images_converted/IMG_0229.png,39.951478333333334,-75.19086333333334
data/images_converted/IMG_0230.png,39.951386666666664,-75.19119166666667
data/images_converted/IMG_0231.png,39.951386666666664,-75.19120833333334
data/images_converted/IMG_0232.png,39.9514,-75.19125333333334
data/images_converted/IMG_0233.png,39.9514,-75.19125333333334
data/images_converted/IMG_0234.png,39.9514,-75.19125333333334
data/images_converted/IMG_0235.png,39.9514,-75.19125333333334
data/images_converted/IMG_0236.png,39.9514,-75.19125333333334
data/images_converted/IMG_0237.png,39.9514,-75.19126166666666
data/images_converted/IMG_0238.png,39.9514,-75.19126166666666
data/images_converted/IMG_0239.png,39.9514,-75.19126166666666
data/images_converted/IMG_0240.png,39.95169666666666,-75.19175833333334
data/images_converted/IMG_0241.png,39.95169666666666,-75.19175833333334
data/images_converted/IMG_0242.png,39.95169666666666,-75.19175833333334
data/images_converted/IMG_0243.png,39.95169666666666,-75.19175833333334
data/images_converted/IMG_0244.png,39.95169666666666,-75.19175833333334
data/images_converted/IMG_0245.png,39.951703333333334,-75.191795
data/images_converted/IMG_0246.png,39.951703333333334,-75.191795
data/images_converted/IMG_0247.png,39.951703333333334,-75.191795
data/images_converted/IMG_0248.png,39.95156333333333,-75.19217
data/images_converted/IMG_0249.png,39.95153833333333,-75.19216166666666
data/images_converted/IMG_0250.png,39.95158333333333,-75.1921
data/images_converted/IMG_0251.png,39.95151333333333,-75.19166666666666
data/images_converted/IMG_0252.png,39.95163,-75.19148833333334
data/images_converted/IMG_0253.png,39.951695,-75.19161166666666
data/images_converted/IMG_0254.png,39.951755,-75.19168
data/images_converted/IMG_0255.png,39.951755,-75.19171166666666
data/images_converted/IMG_0256.png,39.951725,-75.19172833333333
data/images_converted/IMG_0257.png,39.95173833333333,-75.19173333333333
data/images_converted/IMG_0258.png,39.95173666666667,-75.19176333333333
data/images_converted/IMG_0259.png,39.95160333333333,-75.19173333333333
data/images_converted/IMG_0260.png,39.95153333333333,-75.19174166666667
data/images_converted/IMG_0261.png,39.951503333333335,-75.19177166666667
data/images_converted/IMG_0262.png,39.95148833333333,-75.19180333333334
data/images_converted/IMG_0263.png,39.95148,-75.19181166666667
data/images_converted/IMG_0264.png,39.95147,-75.19185
data/images_converted/IMG_0265.png,39.95147166666667,-75.19185
data/images_converted/IMG_0266.png,39.95147166666667,-75.19185
data/images_converted/IMG_0267.png,39.951683333333335,-75.19173333333333
data/images_converted/IMG_0268.png,39.95166666666667,-75.19172
data/images_converted/IMG_0269.png,39.951611666666665,-75.19168833333333
data/images_converted/IMG_0270.png,39.95108333333334,-75.19146666666667
data/images_converted/IMG_0271.png,39.95106333333333,-75.19148333333334
data/images_converted/IMG_0272.png,39.95169666666666,-75.19175833333334
data/images_converted/IMG_0273.png,39.95169666666666,-75.19175833333334
data/images_converted/IMG_0274.png,39.95169666666666,-75.19175833333334
data/images_converted/IMG_0275.png,39.951213333333335,-75.19177166666667
data/images_converted/IMG_0276.png,39.951195,-75.19175833333334
data/images_converted/IMG_0277.png,39.95120333333333,-75.19172833333333
data/images_converted/IMG_0278.png,39.951191666666666,-75.19171166666666
data/images_converted/IMG_0279.png,39.951175,-75.19168833333333
data/images_converted/IMG_0280.png,39.951161666666664,-75.19167166666666
data/images_converted/IMG_0281.png,39.95123666666667,-75.19169666666667
data/images_converted/IMG_0282.png,39.95118333333333,-75.19168833333333
data/images_converted/IMG_0283.png,39.95168,-75.19175833333334
data/images_converted/IMG_0284.png,39.95168,-75.19174166666667
data/images_converted/IMG_0285.png,39.95158,-75.19162
data/images_converted/IMG_0286.png,39.95153333333333,-75.19163666666667
data/images_converted/IMG_0287.png,39.951503333333335,-75.19162
data/images_converted/IMG_0288.png,39.9515,-75.19161166666666
data/images_converted/IMG_0289.png,39.95149166666667,-75.19161166666666
data/images_converted/IMG_0290.png,39.95148,-75.19161166666666
data/images_converted/IMG_0291.png,39.95148,-75.19158833333333
data/images_converted/IMG_0292.png,39.95211333333334,-75.19028666666667
data/images_converted/IMG_0293.png,39.95211166666667,-75.19031333333334
data/images_converted/IMG_0294.png,39.95211333333334,-75.19031333333334
data/images_converted/IMG_0295.png,39.95211166666667,-75.19031333333334
data/images_converted/IMG_0296.png,39.95211333333334,-75.19031333333334
data/images_converted/IMG_0297.png,39.95211333333334,-75.19031333333334
data/images_converted/IMG_0298.png,39.95211333333334,-75.19030833333333
data/images_converted/IMG_0299.png,39.95211333333334,-75.19030833333333
data/images_converted/IMG_0300.png,39.95210333333333,-75.19030833333333
data/images_converted/IMG_0301.png,39.952105,-75.19031333333334
data/images_converted/IMG_0001.png,39.95065333333334,-75.19148333333334
data/images_converted/IMG_0002.png,39.95065333333334,-75.19146666666667
data/images_converted/IMG_0003.png,39.950645,-75.19148333333334
data/images_converted/IMG_0004.png,39.95063833333333,-75.19148333333334
data/images_converted/IMG_0005.png,39.95064166666667,-75.191475
data/images_converted/IMG_0006.png,39.95064166666667,-75.19148333333334
data/images_converted/IMG_0007.png,39.95065,-75.19149666666667
data/images_converted/IMG_0008.png,39.95065,-75.19148333333334
data/images_converted/IMG_0009.png,39.95083833333333,-75.19128333333333
data/images_converted/IMG_0010.png,39.95083833333333,-75.19128333333333
data/images_converted/IMG_0011.png,39.95083833333333,-75.19128333333333
data/images_converted/IMG_0012.png,39.95083833333333,-75.19128333333333
data/images_converted/IMG_0013.png,39.95083666666667,-75.19128333333333
data/images_converted/IMG_0014.png,39.95083666666667,-75.19128333333333
data/images_converted/IMG_0015.png,39.95083333333334,-75.19128333333333
data/images_converted/IMG_0016.png,39.95082833333333,-75.19128333333333
data/images_converted/IMG_0017.png,39.95111333333333,-75.19100833333333
data/images_converted/IMG_0018.png,39.95118666666666,-75.19072833333334
data/images_converted/IMG_0019.png,39.951225,-75.19074166666667
data/images_converted/IMG_0020.png,39.95123333333333,-75.19075833333333
data/images_converted/IMG_0021.png,39.95123333333333,-75.19075833333333
data/images_converted/IMG_0022.png,39.951225,-75.19075833333333
data/images_converted/IMG_0023.png,39.951225,-75.19076666666666
data/images_converted/IMG_0024.png,39.95122833333333,-75.19075833333333
data/images_converted/IMG_0025.png,39.951405,-75.19056666666667
data/images_converted/IMG_0026.png,39.951405,-75.19056666666667
data/images_converted/IMG_0027.png,39.95141166666667,-75.190575
data/images_converted/IMG_0028.png,39.95141666666667,-75.190575
data/images_converted/IMG_0029.png,39.95141666666667,-75.190575
data/images_converted/IMG_0030.png,39.95142,-75.19056666666667
data/images_converted/IMG_0031.png,39.95142,-75.190575
data/images_converted/IMG_0032.png,39.95142,-75.190575
data/images_converted/IMG_0033.png,39.95189666666667,-75.19033833333333
data/images_converted/IMG_0034.png,39.95189666666667,-75.19033833333333
data/images_converted/IMG_0035.png,39.95189666666667,-75.19033833333333
data/images_converted/IMG_0036.png,39.95189666666667,-75.19033833333333
data/images_converted/IMG_0037.png,39.95189666666667,-75.19033833333333
data/images_converted/IMG_0038.png,39.95189666666667,-75.19033833333333
data/images_converted/IMG_0039.png,39.95189666666667,-75.19033833333333
data/images_converted/IMG_0040.png,39.95188666666667,-75.19032166666666
data/images_converted/IMG_0041.png,39.95233833333333,-75.19027
data/images_converted/IMG_0042.png,39.95233833333333,-75.19027
data/images_converted/IMG_0043.png,39.95233833333333,-75.19027
data/images_converted/IMG_0044.png,39.95233666666667,-75.19026166666667
data/images_converted/IMG_0045.png,39.95233666666667,-75.19026166666667
data/images_converted/IMG_0046.png,39.95233666666667,-75.19026166666667
data/images_converted/IMG_0047.png,39.95233666666667,-75.19026166666667
data/images_converted/IMG_0048.png,39.95233666666667,-75.19026166666667
data/images_converted/IMG_0049.png,39.95256166666667,-75.19051333333333
data/images_converted/IMG_0050.png,39.952555,-75.190505
data/images_converted/IMG_0051.png,39.95255333333333,-75.19051333333333
data/images_converted/IMG_0052.png,39.95255333333333,-75.19051333333333
data/images_converted/IMG_0053.png,39.95255333333333,-75.190505
data/images_converted/IMG_0054.png,39.95255,-75.19049666666666
data/images_converted/IMG_0055.png,39.95256166666667,-75.19051333333333
data/images_converted/IMG_0056.png,39.95256166666667,-75.19051333333333
data/images_converted/IMG_0057.png,39.952655,-75.190955
data/images_converted/IMG_0058.png,39.95258,-75.19091666666667
data/images_converted/IMG_0059.png,39.95258333333334,-75.19097833333333
data/images_converted/IMG_0060.png,39.95258666666667,-75.190995
data/images_converted/IMG_0061.png,39.952595,-75.19101666666667
data/images_converted/IMG_0062.png,39.95259666666666,-75.191025
data/images_converted/IMG_0063.png,39.95260333333334,-75.19101666666667
data/images_converted/IMG_0064.png,39.95260333333334,-75.19101666666667
data/images_converted/IMG_0065.png,39.95271333333334,-75.19169666666667
data/images_converted/IMG_0066.png,39.95268666666666,-75.19170333333334
data/images_converted/IMG_0067.png,39.95268333333333,-75.19171166666666
data/images_converted/IMG_0068.png,39.95267833333333,-75.19171166666666
data/images_converted/IMG_0069.png,39.952675,-75.19172
data/images_converted/IMG_0070.png,39.952675,-75.19172
data/images_converted/IMG_0071.png,39.95267166666667,-75.19171166666666
data/images_converted/IMG_0072.png,39.952675,-75.19172
data/images_converted/IMG_0073.png,39.952675,-75.19171166666666
data/images_converted/IMG_0074.png,39.95266333333333,-75.19204666666667
data/images_converted/IMG_0075.png,39.95266666666667,-75.19203833333333
data/images_converted/IMG_0076.png,39.95267166666667,-75.19203833333333
data/images_converted/IMG_0077.png,39.95266333333333,-75.192055
data/images_converted/IMG_0078.png,39.95266333333333,-75.192055
data/images_converted/IMG_0079.png,39.95266333333333,-75.192055
data/images_converted/IMG_0080.png,39.95266333333333,-75.192055
data/images_converted/IMG_0081.png,39.95266333333333,-75.19204666666667
data/images_converted/IMG_0082.png,39.95265833333333,-75.192055
data/images_converted/IMG_0083.png,39.95231666666667,-75.19217833333333
data/images_converted/IMG_0084.png,39.952325,-75.19217833333333
data/images_converted/IMG_0085.png,39.952325,-75.19217833333333
data/images_converted/IMG_0086.png,39.95231166666667,-75.19217
data/images_converted/IMG_0087.png,39.95231166666667,-75.19217
data/images_converted/IMG_0088.png,39.95231166666667,-75.19217833333333
data/images_converted/IMG_0089.png,39.95230833333333,-75.19217833333333
data/images_converted/IMG_0090.png,39.95230833333333,-75.19217833333333
data/images_converted/IMG_0091.png,39.95153833333333,-75.19185
data/images_converted/IMG_0092.png,39.95152833333334,-75.19170333333334
data/images_converted/IMG_0093.png,39.95153,-75.19170333333334
data/images_converted/IMG_0094.png,39.95157166666667,-75.19171166666666
data/images_converted/IMG_0095.png,39.95157,-75.19171166666666
data/images_converted/IMG_0096.png,39.95157166666667,-75.19172
data/images_converted/IMG_0097.png,39.95157166666667,-75.19172
data/images_converted/IMG_0098.png,39.951575,-75.19172833333333
data/images_converted/IMG_0099.png,39.95154166666666,-75.19146666666667
data/images_converted/IMG_0100.png,39.95153833333333,-75.191445
data/images_converted/IMG_0101.png,39.95153833333333,-75.191445
data/images_converted/IMG_0102.png,39.95154166666666,-75.191475
data/images_converted/IMG_0103.png,39.95154166666666,-75.191475
data/images_converted/IMG_0104.png,39.95154166666666,-75.191475
data/images_converted/IMG_0105.png,39.95154166666666,-75.19146666666667
data/images_converted/IMG_0106.png,39.95154166666666,-75.19146666666667
data/images_converted/IMG_0107.png,39.95148833333333,-75.19104666666667
data/images_converted/IMG_0108.png,39.95148833333333,-75.191055
data/images_converted/IMG_0109.png,39.95148833333333,-75.19104666666667
data/images_converted/IMG_0110.png,39.95148833333333,-75.19103833333334
data/images_converted/IMG_0111.png,39.95148833333333,-75.19103333333334
data/images_converted/IMG_0112.png,39.95148833333333,-75.19103333333334
data/images_converted/IMG_0113.png,39.95148333333334,-75.19103333333334
data/images_converted/IMG_0114.png,39.95148333333334,-75.19103333333334
data/images_converted/IMG_0115.png,39.95146166666667,-75.19085
data/images_converted/IMG_0116.png,39.95146166666667,-75.19085
data/images_converted/IMG_0117.png,39.95146166666667,-75.19084166666667
data/images_converted/IMG_0118.png,39.95145333333333,-75.19084166666667
data/images_converted/IMG_0119.png,39.95145333333333,-75.19084166666667
data/images_converted/IMG_0120.png,39.95146166666667,-75.19084166666667
data/images_converted/IMG_0121.png,39.95146166666667,-75.19084166666667
data/images_converted/IMG_0122.png,39.95146166666667,-75.19084166666667
data/images_converted/IMG_0123.png,39.95213,-75.19152
data/images_converted/IMG_0124.png,39.95212166666666,-75.191545
data/images_converted/IMG_0125.png,39.95211666666667,-75.19158
data/images_converted/IMG_0126.png,39.95211333333334,-75.19159666666667
data/images_converted/IMG_0127.png,39.952105,-75.19159666666667
data/images_converted/IMG_0128.png,39.952105,-75.19159666666667
data/images_converted/IMG_0129.png,39.952105,-75.19159666666667
data/images_converted/IMG_0130.png,39.952105,-75.19159666666667
data/images_converted/IMG_0131.png,39.952275,-75.19172833333333
data/images_converted/IMG_0132.png,39.95226666666667,-75.19175
data/images_converted/IMG_0133.png,39.95227833333333,-75.19176333333333
data/images_converted/IMG_0134.png,39.95226333333333,-75.19176333333333
data/images_converted/IMG_0135.png,39.95225833333333,-75.19175833333334
data/images_converted/IMG_0136.png,39.952255,-75.19174166666667
data/images_converted/IMG_0137.png,39.952255,-75.19174166666667
data/images_converted/IMG_0138.png,39.952255,-75.19174166666667
data/images_converted/IMG_0139.png,39.952045,-75.19188
data/images_converted/IMG_0140.png,39.952045,-75.191895
data/images_converted/IMG_0141.png,39.95205,-75.191895
data/images_converted/IMG_0142.png,39.952045,-75.19191166666667
data/images_converted/IMG_0143.png,39.952045,-75.19191166666667
data/images_converted/IMG_0144.png,39.952055,-75.191925
data/images_converted/IMG_0145.png,39.952055,-75.19193333333334
data/images_converted/IMG_0146.png,39.95205333333333,-75.19193333333334
data/images_converted/IMG_0147.png,39.95205333333333,-75.191925
data/images_converted/IMG_0148.png,39.95132,-75.19233
data/images_converted/IMG_0149.png,39.95132,-75.19233
data/images_converted/IMG_0150.png,39.951325,-75.19233
data/images_converted/IMG_0151.png,39.951325,-75.19233
data/images_converted/IMG_0152.png,39.951325,-75.19233
data/images_converted/IMG_0153.png,39.951325,-75.19233
data/images_converted/IMG_0154.png,39.951325,-75.19233
data/images_converted/IMG_0155.png,39.951325,-75.19233
data/images_converted/IMG_0156.png,39.950805,-75.19245333333333
data/images_converted/IMG_0157.png,39.95080833333333,-75.192445
data/images_converted/IMG_0158.png,39.95080833333333,-75.19243666666667
data/images_converted/IMG_0159.png,39.95080333333333,-75.192445
data/images_converted/IMG_0160.png,39.95080333333333,-75.19243666666667
data/images_converted/IMG_0161.png,39.950805,-75.19243666666667
data/images_converted/IMG_0162.png,39.950805,-75.19243666666667
data/images_converted/IMG_0163.png,39.95080833333333,-75.19243666666667
data/images_converted/IMG_0843.png,39.95043,-75.19235333333333
data/images_converted/IMG_0844.png,39.95043,-75.19235333333333
data/images_converted/IMG_0845.png,39.95041333333333,-75.19239166666667
data/images_converted/IMG_0846.png,39.95046166666667,-75.19274166666666
data/images_converted/IMG_0847.png,39.95046166666667,-75.19274166666666
data/images_converted/IMG_0848.png,39.95037833333333,-75.19245333333333
data/images_converted/IMG_0849.png,39.95037833333333,-75.19245333333333
data/images_converted/IMG_0850.png,39.95037833333333,-75.19245333333333
data/images_converted/IMG_0851.png,39.95035333333333,-75.19241333333333
data/images_converted/IMG_0852.png,39.95035333333333,-75.19241333333333
data/images_converted/IMG_0853.png,39.950325,-75.19203
data/images_converted/IMG_0854.png,39.950325,-75.19203
data/images_converted/IMG_0855.png,39.950325,-75.19203
data/images_converted/IMG_0856.png,39.950325,-75.19203
data/images_converted/IMG_0857.png,39.95031333333333,-75.19225333333333
data/images_converted/IMG_0858.png,39.950305,-75.191995
data/images_converted/IMG_0859.png,39.95031166666666,-75.19141333333333
data/images_converted/IMG_0860.png,39.95049166666666,-75.19135333333334
data/images_converted/IMG_0861.png,39.95049166666666,-75.19135333333334
data/images_converted/IMG_0862.png,39.950455,-75.19133833333333
data/images_converted/IMG_0863.png,39.950455,-75.19133833333333
data/images_converted/IMG_0864.png,39.950455,-75.19133833333333
data/images_converted/IMG_0865.png,39.95051166666666,-75.19137
data/images_converted/IMG_0866.png,39.95051166666666,-75.19137
data/images_converted/IMG_0867.png,39.95071666666666,-75.19100333333333
data/images_converted/IMG_0868.png,39.950645,-75.19120833333334
data/images_converted/IMG_0869.png,39.950645,-75.19120833333334
data/images_converted/IMG_0870.png,39.950805,-75.19118666666667
data/images_converted/IMG_0871.png,39.950805,-75.19118666666667
data/images_converted/IMG_0872.png,39.950805,-75.19118666666667
data/images_converted/IMG_0873.png,39.95098833333333,-75.1911
data/images_converted/IMG_0874.png,39.95104166666667,-75.19098666666666
data/images_converted/IMG_0875.png,39.95104166666667,-75.19098666666666
data/images_converted/IMG_0876.png,39.95118333333333,-75.19058333333334
data/images_converted/IMG_0877.png,39.95118333333333,-75.19058333333334
data/images_converted/IMG_0878.png,39.95118333333333,-75.19058333333334
data/images_converted/IMG_0879.png,39.95119166666667,-75.19056666666667
data/images_converted/IMG_0880.png,39.95116166666666,-75.19056666666667
data/images_converted/IMG_0881.png,39.95116166666666,-75.19056666666667
data/images_converted/IMG_0882.png,39.95116166666666,-75.19056666666667
data/images_converted/IMG_0883.png,39.95116166666666,-75.19055833333333
data/images_converted/IMG_0884.png,39.95119166666667,-75.19056666666667
data/images_converted/IMG_0885.png,39.95119166666667,-75.19056666666667
data/images_converted/IMG_0886.png,39.95119166666667,-75.19056666666667
data/images_converted/IMG_0887.png,39.95119166666667,-75.19056666666667
data/images_converted/IMG_0888.png,39.95119166666667,-75.19056666666667
data/images_converted/IMG_0889.png,39.95119166666667,-75.19056666666667
data/images_converted/IMG_0890.png,39.95119166666667,-75.19056666666667
data/images_converted/IMG_0891.png,39.95128666666667,-75.190255
data/images_converted/IMG_0892.png,39.951645,-75.190155
data/images_converted/IMG_0893.png,39.951645,-75.190155
data/images_converted/IMG_0894.png,39.951645,-75.190155
data/images_converted/IMG_0895.png,39.95178666666666,-75.19010333333334
data/images_converted/IMG_0896.png,39.95178666666666,-75.19010333333334
data/images_converted/IMG_0897.png,39.95178666666666,-75.19010333333334
data/images_converted/IMG_0898 2.png,39.95172833333334,-75.19001666666666
data/images_converted/IMG_0899.png,39.95172833333334,-75.19001666666666
data/images_converted/IMG_0900.png,39.952355,-75.19003333333333
data/images_converted/IMG_0901.png,39.952355,-75.19003333333333
data/images_converted/IMG_0902.png,39.95234666666666,-75.189895
data/images_converted/IMG_0903.png,39.95234666666666,-75.189895
data/images_converted/IMG_0904.png,39.95234666666666,-75.189895
data/images_converted/IMG_0905.png,39.95234666666666,-75.189895
data/images_converted/IMG_0906.png,39.95243,-75.18995
data/images_converted/IMG_0907.png,39.95243,-75.18995
data/images_converted/IMG_0908.png,39.95268833333333,-75.19091666666667
data/images_converted/IMG_0909.png,39.95268833333333,-75.19091666666667
data/images_converted/IMG_0910.png,39.95268833333333,-75.19091666666667
data/images_converted/IMG_0911.png,39.95267833333333,-75.19086333333334
data/images_converted/IMG_0912.png,39.95267833333333,-75.19086333333334
data/images_converted/IMG_0913.png,39.95267833333333,-75.19086333333334
data/images_converted/IMG_0914 2.png,39.95267833333333,-75.19086333333334
data/images_converted/IMG_0915.png,39.95271666666667,-75.19122166666666
data/images_converted/IMG_0916.png,39.95273833333334,-75.19118666666667
data/images_converted/IMG_0917.png,39.95273833333334,-75.19118666666667
data/images_converted/IMG_0918.png,39.95273833333334,-75.19118666666667
data/images_converted/IMG_0919.png,39.95273833333334,-75.19118666666667
data/images_converted/IMG_0920.png,39.95268666666666,-75.19121666666666
data/images_converted/IMG_0921.png,39.95268666666666,-75.19121666666666
data/images_converted/IMG_0922.png,39.95268666666666,-75.19121666666666
data/images_converted/IMG_0923.png,39.95281666666666,-75.19133833333333
data/images_converted/IMG_0924.png,39.95281666666666,-75.19133833333333
data/images_converted/IMG_0925.png,39.95281666666666,-75.19133833333333
data/images_converted/IMG_0926.png,39.95282,-75.19167166666666
data/images_converted/IMG_0927.png,39.95282,-75.19167166666666
data/images_converted/IMG_0928.png,39.95282,-75.19167166666666
data/images_converted/IMG_0929.png,39.952825,-75.19162833333333
data/images_converted/IMG_0930.png,39.952825,-75.19162833333333
data/images_converted/IMG_0931.png,39.952805,-75.19223
data/images_converted/IMG_0932.png,39.952805,-75.19223
data/images_converted/IMG_0933.png,39.952805,-75.19223
data/images_converted/IMG_0934.png,39.952805,-75.19223
data/images_converted/IMG_0935.png,39.95266333333333,-75.19236166666667
data/images_converted/IMG_0936.png,39.95266333333333,-75.19236166666667
data/images_converted/IMG_0937.png,39.95289166666667,-75.19212166666667
data/images_converted/IMG_0938.png,39.952745,-75.192275
data/images_converted/IMG_0939.png,39.952295,-75.19221333333333
data/images_converted/IMG_0940.png,39.95241166666667,-75.192245
data/images_converted/IMG_0941.png,39.95241166666667,-75.192245
data/images_converted/IMG_0942.png,39.95222166666667,-75.19226166666667
data/images_converted/IMG_0943.png,39.95222166666667,-75.19226166666667
data/images_converted/IMG_0944.png,39.95223666666666,-75.19239666666667
data/images_converted/IMG_0945.png,39.95223666666666,-75.19239666666667
data/images_converted/IMG_0946.png,39.95223666666666,-75.19239666666667
data/images_converted/IMG_0947.png,39.95131666666666,-75.19241333333333
data/images_converted/IMG_0948.png,39.95131666666666,-75.19241333333333
data/images_converted/IMG_0949.png,39.95131666666666,-75.19241333333333
data/images_converted/IMG_0950.png,39.95131666666666,-75.19241333333333
data/images_converted/IMG_0951.png,39.95131666666666,-75.19241333333333
data/images_converted/IMG_0952.png,39.95131666666666,-75.19241333333333
data/images_converted/IMG_0953.png,39.95131666666666,-75.19241333333333
data/images_converted/IMG_0954.png,39.95131666666666,-75.19241333333333
data/images_converted/IMG_0955.png,39.95169666666666,-75.19208666666667
data/images_converted/IMG_0956.png,39.95168333333334,-75.19203
data/images_converted/IMG_0957.png,39.95168333333334,-75.19203
data/images_converted/IMG_0958.png,39.95168333333334,-75.19203
data/images_converted/IMG_0959.png,39.95166166666667,-75.19184166666666
data/images_converted/IMG_0960.png,39.95165333333333,-75.19183333333334
data/images_converted/IMG_0961.png,39.95165333333333,-75.19183333333334
data/images_converted/IMG_0962.png,39.95146166666667,-75.19165
data/images_converted/IMG_0963.png,39.95146166666667,-75.19165
data/images_converted/IMG_0964.png,39.95146166666667,-75.19165
data/images_converted/IMG_0965.png,39.95147,-75.19165833333334
data/images_converted/IMG_0966.png,39.95147,-75.19165833333334
data/images_converted/IMG_0967.png,39.95147,-75.19165833333334
data/images_converted/IMG_0968.png,39.95147,-75.19165833333334
data/images_converted/IMG_0969.png,39.95147166666667,-75.19166666666666
data/images_converted/IMG_0970.png,39.95146166666667,-75.19165833333334
data/images_converted/IMG_0971.png,39.95146166666667,-75.19165833333334
data/images_converted/IMG_0972.png,39.95146166666667,-75.19165833333334
data/images_converted/IMG_0973.png,39.95145,-75.19162833333333
data/images_converted/IMG_0974.png,39.95145,-75.19162833333333
data/images_converted/IMG_0975.png,39.95145,-75.19162833333333
data/images_converted/IMG_0976.png,39.95145,-75.19158833333333
data/images_converted/IMG_0977.png,39.95145,-75.19158833333333
data/images_converted/IMG_0978.png,39.95145,-75.19163666666667
data/images_converted/IMG_0979.png,39.95145,-75.19163666666667
data/images_converted/IMG_0980.png,39.95145,-75.19164166666667
data/images_converted/IMG_0981.png,39.95145,-75.19164166666667
data/images_converted/IMG_0982.png,39.95145,-75.19164166666667
data/images_converted/IMG_0983.png,39.95147166666667,-75.19167166666666
data/images_converted/IMG_0984.png,39.95145,-75.19164166666667
data/images_converted/IMG_0985.png,39.95145,-75.19164166666667
data/images_converted/IMG_0986.png,39.95141666666667,-75.19162
data/images_converted/IMG_0987.png,39.95141666666667,-75.19162
data/images_converted/IMG_0988.png,39.95141666666667,-75.19162
data/images_converted/IMG_0989.png,39.95138833333333,-75.19165833333334
data/images_converted/IMG_0990.png,39.95138833333333,-75.19165833333334
data/images_converted/IMG_0991.png,39.95138833333333,-75.19165833333334
data/images_converted/IMG_0992.png,39.95138833333333,-75.19165833333334
data/images_converted/IMG_0993.png,39.95136666666667,-75.19162
data/images_converted/IMG_0994.png,39.95146666666667,-75.19167166666666
data/images_converted/IMG_0995.png,39.95144666666667,-75.19165833333334
data/images_converted/IMG_0996.png,39.95144666666667,-75.19165833333334
data/images_converted/IMG_0997.png,39.95144666666667,-75.19165833333334
data/images_converted/IMG_0998.png,39.95144666666667,-75.19165833333334
data/images_converted/IMG_0999.png,39.95144666666667,-75.19165833333334
data/images_converted/IMG_1001.png,39.95144666666667,-75.19165833333334
data/images_converted/IMG_1002.png,39.95146666666667,-75.19167166666666
data/images_converted/IMG_1003.png,39.95146166666667,-75.19168
data/images_converted/IMG_1004.png,39.95146166666667,-75.19168
data/images_converted/IMG_1005.png,39.95146166666667,-75.19168
data/images_converted/IMG_1006.png,39.95146166666667,-75.19168
data/images_converted/IMG_1007.png,39.95158,-75.19167166666666
data/images_converted/IMG_1008.png,39.95158,-75.19167166666666
data/images_converted/IMG_1009.png,39.95158,-75.19167166666666
data/images_converted/IMG_1010.png,39.95158,-75.19167166666666
data/images_converted/IMG_1011.png,39.95183,-75.191575
data/images_converted/IMG_1012.png,39.95205,-75.19159666666667
data/images_converted/IMG_1013.png,39.95205,-75.19159666666667
data/images_converted/IMG_1014.png,39.95205,-75.19159666666667
data/images_converted/IMG_1015.png,39.95205,-75.19159666666667
data/images_converted/IMG_1016.png,39.952125,-75.19153666666666
data/images_converted/IMG_1017.png,39.952125,-75.19153666666666
data/images_converted/IMG_1018.png,39.952125,-75.19153666666666
data/images_converted/IMG_1019.png,39.95219166666666,-75.19143666666666
data/images_converted/IMG_1020.png,39.95219166666666,-75.19143666666666
data/images_converted/IMG_1021.png,39.95219166666666,-75.19143666666666
data/images_converted/IMG_1022.png,39.95219166666666,-75.19143666666666
data/images_converted/IMG_1023.png,39.95219166666666,-75.19143666666666
data/images_converted/IMG_1024.png,39.95219166666666,-75.19143666666666
data/images_converted/IMG_1025.png,39.95219166666666,-75.19143666666666
data/images_converted/IMG_1026.png,39.95219166666666,-75.19143666666666
data/images_converted/IMG_1027.png,39.95219166666666,-75.19143666666666
data/images_converted/IMG_1028.png,39.95219166666666,-75.19143666666666
data/images_converted/IMG_1029.png,39.95219166666666,-75.19143666666666
data/images_converted/IMG_1030.png,39.95219166666666,-75.19143666666666
data/images_converted/IMG_1031.png,39.95219166666666,-75.19143666666666
data/images_converted/IMG_1032.png,39.95219166666666,-75.19143666666666
data/images_converted/IMG_1033.png,39.95219166666666,-75.19143666666666
data/images_converted/IMG_1034.png,39.95219166666666,-75.19143666666666
data/images_converted/IMG_1035.png,39.95182,-75.191575
data/images_converted/IMG_1036.png,39.95182,-75.191575
data/images_converted/IMG_1037.png,39.95182,-75.191575
data/images_converted/IMG_1038.png,39.95183833333333,-75.191575
data/images_converted/IMG_1039.png,39.95183833333333,-75.191575
data/images_converted/IMG_1040.png,39.95185833333333,-75.19156666666666
data/images_converted/IMG_1041.png,39.95185833333333,-75.19156666666666
data/images_converted/IMG_1042.png,39.951225,-75.19242833333334
data/images_converted/IMG_1043.png,39.951225,-75.19242833333334
data/images_converted/IMG_1044.png,39.951225,-75.19242833333334
data/images_converted/IMG_1045.png,39.951225,-75.19242833333334
data/images_converted/IMG_1046.png,39.951225,-75.19242833333334
data/images_converted/IMG_1047.png,39.951225,-75.19242833333334
data/images_converted/IMG_1048.png,39.951225,-75.19242833333334
data/images_converted/IMG_1049.png,39.951225,-75.19242833333334
data/images_converted/IMG_1050.png,39.951355,-75.19252
data/images_converted/IMG_1051.png,39.95125333333333,-75.192505
data/images_converted/IMG_1052.png,39.95125333333333,-75.192505
data/images_converted/IMG_1053.png,39.95125333333333,-75.192505
data/images_converted/IMG_1054.png,39.95090833333333,-75.19263333333333
data/images_converted/IMG_1055.png,39.95105,-75.19258
data/images_converted/IMG_1056.png,39.95105,-75.19258
data/images_converted/IMG_1057.png,39.95105,-75.19258
data/images_converted/IMG_1058.png,39.95118333333333,-75.19262
data/images_converted/IMG_1059.png,39.95118333333333,-75.19262
data/images_converted/IMG_1060.png,39.95118333333333,-75.19262
data/images_converted/IMG_1061.png,39.95118333333333,-75.19262
data/images_converted/IMG_1062.png,39.95118333333333,-75.19262
data/images_converted/IMG_1063.png,39.95118333333333,-75.19262
data/images_converted/IMG_1064.png,39.95094666666667,-75.19241333333333
data/images_converted/IMG_1065.png,39.95094666666667,-75.19241333333333
data/images_converted/IMG_9967.png,39.95052833333333,-75.192445
data/images_converted/IMG_9968.png,39.95061166666667,-75.19248333333333
data/images_converted/IMG_9969.png,39.95052833333333,-75.19245333333333
data/images_converted/IMG_9970.png,39.95048833333333,-75.192475
data/images_converted/IMG_9971.png,39.95050833333333,-75.19251333333334
data/images_converted/IMG_9972.png,39.95048666666667,-75.19249666666667
data/images_converted/IMG_9973.png,39.95050833333333,-75.19252833333333
data/images_converted/IMG_9974.png,39.95050833333333,-75.19252
data/images_converted/IMG_9975.png,39.95049666666667,-75.19226166666667
data/images_converted/IMG_9976.png,39.9505,-75.19225333333333
data/images_converted/IMG_9977.png,39.95049666666667,-75.19225333333333
data/images_converted/IMG_9978.png,39.95049666666667,-75.19225333333333
data/images_converted/IMG_9979.png,39.95049666666667,-75.192245
data/images_converted/IMG_9980.png,39.95049666666667,-75.19225333333333
data/images_converted/IMG_9981.png,39.95049666666667,-75.19225333333333
data/images_converted/IMG_9982.png,39.95049666666667,-75.19223833333334
data/images_converted/IMG_9983.png,39.950475,-75.19210833333334
data/images_converted/IMG_9984.png,39.95047833333334,-75.19210833333334
data/images_converted/IMG_9985.png,39.95048,-75.19210833333334
data/images_converted/IMG_9986.png,39.95048666666667,-75.1921
data/images_converted/IMG_9987.png,39.95048666666667,-75.1921
data/images_converted/IMG_9988.png,39.95048666666667,-75.1921
data/images_converted/IMG_9989.png,39.95048666666667,-75.19210833333334
data/images_converted/IMG_9990.png,39.95048,-75.19210833333334
data/images_converted/IMG_9991.png,39.950475,-75.19210833333334
data/images_converted/IMG_9992.png,39.95044666666666,-75.19176333333333
data/images_converted/IMG_9993.png,39.950445,-75.19176333333333
data/images_converted/IMG_9994.png,39.950445,-75.19176333333333
data/images_converted/IMG_9995.png,39.950445,-75.19176333333333
data/images_converted/IMG_9996.png,39.95044666666666,-75.19176333333333
data/images_converted/IMG_9997.png,39.95044666666666,-75.19176333333333
data/images_converted/IMG_9998.png,39.95044666666666,-75.19176333333333
data/images_converted/IMG_9999.png,39.95045,-75.19176333333333
data/images_converted/IMG_0325_43e88d2f.png,39.95197166666667,-75.19246666666666
data/images_converted/IMG_0326_43e88d2f.png,39.95197166666667,-75.19246666666666
data/images_converted/IMG_0327_43e88d2f.png,39.95179666666667,-75.192305
data/images_converted/IMG_0328_43e88d2f.png,39.95178333333333,-75.19223
data/images_converted/IMG_0329_43e88d2f.png,39.95178666666666,-75.19223833333334
data/images_converted/IMG_0330_43e88d2f.png,39.95177833333333,-75.19223
data/images_converted/IMG_0331_43e88d2f.png,39.95177,-75.19222166666667
data/images_converted/IMG_0332_43e88d2f.png,39.95175833333333,-75.19222166666667
data/images_converted/IMG_0333_43e88d2f.png,39.95175833333333,-75.19223
data/images_converted/IMG_0335_43e88d2f.png,39.95176666666666,-75.1922
data/images_converted/IMG_0336_43e88d2f.png,39.951795,-75.19216166666666
data/images_converted/IMG_0337_43e88d2f.png,39.95178833333333,-75.19215333333334
data/images_converted/IMG_0338_43e88d2f.png,39.95178833333333,-75.19215333333334
data/images_converted/IMG_0339_43e88d2f.png,39.95178833333333,-75.19215333333334
data/images_converted/IMG_0340_43e88d2f.png,39.95178833333333,-75.19215333333334
data/images_converted/IMG_0341_43e88d2f.png,39.95182833333333,-75.192275
data/images_converted/IMG_0342_43e88d2f.png,39.95182833333333,-75.192275
data/images_converted/IMG_0343_43e88d2f.png,39.95181666666667,-75.19225333333333
data/images_converted/IMG_0344_43e88d2f.png,39.95173333333334,-75.19213
data/images_converted/IMG_0347_43e88d2f.png,39.95163333333333,-75.19207
data/images_converted/IMG_0348_43e88d2f.png,39.95163666666667,-75.19207
data/images_converted/IMG_0349_43e88d2f.png,39.95163666666667,-75.19207
data/images_converted/IMG_0352_43e88d2f.png,39.95160333333333,-75.191895
data/images_converted/IMG_0354_43e88d2f.png,39.95162,-75.191895
data/images_converted/IMG_0359_43e88d2f.png,39.95165,-75.19185
data/images_converted/IMG_0360_43e88d2f.png,39.95163,-75.19184166666666
data/images_converted/IMG_0363_43e88d2f.png,39.951625,-75.19183333333334
data/images_converted/IMG_0366_43e88d2f.png,39.951625,-75.19185
data/images_converted/IMG_0367_43e88d2f.png,39.95162166666667,-75.19185
data/images_converted/IMG_0368_43e88d2f.png,39.95157166666667,-75.19186333333333
data/images_converted/IMG_0371_43e88d2f.png,39.95143666666667,-75.19174166666667
data/images_converted/IMG_0374_43e88d2f.png,39.95143666666667,-75.19174166666667
data/images_converted/IMG_0375_43e88d2f.png,39.95143666666667,-75.19174166666667
data/images_converted/IMG_0379_43e88d2f.png,39.95166333333334,-75.19176333333333
data/images_converted/IMG_0380_43e88d2f.png,39.95166333333334,-75.19176333333333
data/images_converted/IMG_0381_43e88d2f.png,39.95166333333334,-75.19176333333333
data/images_converted/IMG_0382_43e88d2f.png,39.95166333333334,-75.19176333333333
data/images_converted/IMG_0383_43e88d2f.png,39.95166333333334,-75.19176333333333
data/images_converted/IMG_0384_43e88d2f.png,39.95166333333334,-75.19176333333333
data/images_converted/IMG_0385_43e88d2f.png,39.95166333333334,-75.19176333333333
data/images_converted/IMG_0387_43e88d2f.png,39.95166666666667,-75.19176333333333
data/images_converted/IMG_0388_43e88d2f.png,39.95166666666667,-75.19176333333333
data/images_converted/IMG_0389_43e88d2f.png,39.95150833333334,-75.19175
data/images_converted/IMG_0390_43e88d2f.png,39.95143,-75.19174166666667
data/images_converted/IMG_0391_43e88d2f.png,39.95143,-75.19174166666667
data/images_converted/IMG_0393_43e88d2f.png,39.95143,-75.19174166666667
data/images_converted/IMG_0394_43e88d2f.png,39.95143,-75.19174166666667
data/images_converted/IMG_0395_43e88d2f.png,39.95143,-75.19174166666667
data/images_converted/IMG_0396_43e88d2f.png,39.95143,-75.19174166666667
data/images_converted/IMG_0397_43e88d2f.png,39.95143,-75.19174166666667
data/images_converted/IMG_0398_43e88d2f.png,39.95143666666667,-75.19174166666667
data/images_converted/IMG_0399_43e88d2f.png,39.95143666666667,-75.19174166666667
data/images_converted/IMG_0400_43e88d2f.png,39.95143666666667,-75.19174166666667
data/images_converted/IMG_0402_43e88d2f.png,39.95143666666667,-75.19174166666667
data/images_converted/IMG_0403_43e88d2f.png,39.95143666666667,-75.19174166666667
data/images_converted/IMG_0404_43e88d2f.png,39.95143666666667,-75.19174166666667
data/images_converted/IMG_0405_43e88d2f.png,39.95143666666667,-75.19174166666667
data/images_converted/IMG_0406_43e88d2f.png,39.95143666666667,-75.19174166666667
data/images_converted/IMG_0407_43e88d2f.png,39.95143666666667,-75.19174166666667
data/images_converted/IMG_0408_43e88d2f.png,39.95143666666667,-75.19174166666667
data/images_converted/IMG_0409_43e88d2f.png,39.95143666666667,-75.19174166666667
data/images_converted/IMG_0410_43e88d2f.png,39.95143666666667,-75.19174166666667
data/images_converted/IMG_0411_43e88d2f.png,39.95143666666667,-75.19174166666667
data/images_converted/IMG_0412_43e88d2f.png,39.95143666666667,-75.19174166666667
data/images_converted/IMG_0413_43e88d2f.png,39.95143666666667,-75.19174166666667
data/images_converted/IMG_0414_43e88d2f.png,39.95143666666667,-75.19174166666667
data/images_converted/IMG_0415_43e88d2f.png,39.95143666666667,-75.19174166666667
data/images_converted/IMG_0416_43e88d2f.png,39.95143666666667,-75.19174166666667
data/images_converted/IMG_0417_43e88d2f.png,39.95143666666667,-75.19174166666667
data/images_converted/IMG_0418_43e88d2f.png,39.95143666666667,-75.19174166666667
data/images_converted/IMG_0419_43e88d2f.png,39.95133666666667,-75.19164166666667
data/images_converted/IMG_0420_43e88d2f.png,39.95133666666667,-75.19164166666667
data/images_converted/IMG_0421_43e88d2f.png,39.95133666666667,-75.19166666666666
data/images_converted/IMG_0422_43e88d2f.png,39.95131333333333,-75.19165
data/images_converted/IMG_0423_43e88d2f.png,39.95130333333334,-75.19166666666666
data/images_converted/IMG_0424_43e88d2f.png,39.95130333333334,-75.19166666666666
data/images_converted/IMG_0425_43e88d2f.png,39.95128833333333,-75.19168833333333
data/images_converted/IMG_0426_43e88d2f.png,39.951275,-75.19170333333334
data/images_converted/IMG_0428_43e88d2f.png,39.951275,-75.19171166666666
data/images_converted/IMG_0429_43e88d2f.png,39.95126333333333,-75.19171166666666
data/images_converted/IMG_0430_43e88d2f.png,39.95125833333334,-75.19171166666666
data/images_converted/IMG_0431_43e88d2f.png,39.95125833333334,-75.19171166666666
data/images_converted/IMG_0432_43e88d2f.png,39.95125833333334,-75.19171166666666
data/images_converted/IMG_0433_43e88d2f.png,39.951255,-75.19171166666666
data/images_converted/IMG_0434_43e88d2f.png,39.951255,-75.19171166666666
data/images_converted/IMG_0437_43e88d2f.png,39.95123333333333,-75.19173333333333
data/images_converted/IMG_0438_43e88d2f.png,39.95123333333333,-75.19173333333333
data/images_converted/IMG_0440_43e88d2f.png,39.951225,-75.19173333333333
data/images_converted/IMG_0441_43e88d2f.png,39.951225,-75.19173333333333
data/images_converted/IMG_0442_43e88d2f.png,39.951225,-75.19173333333333
data/images_converted/IMG_0443_43e88d2f.png,39.95122166666667,-75.19173333333333
data/images_converted/IMG_0445_43e88d2f.png,39.95122166666667,-75.19173333333333
data/images_converted/IMG_0446_43e88d2f.png,39.95122166666667,-75.19173333333333
data/images_converted/IMG_0448_43e88d2f.png,39.95121666666667,-75.19173333333333
data/images_converted/IMG_0449_43e88d2f.png,39.95121666666667,-75.19173333333333
data/images_converted/IMG_0450_43e88d2f.png,39.95121333333334,-75.19172833333333
data/images_converted/IMG_0451_43e88d2f.png,39.95121333333334,-75.19172833333333
data/images_converted/IMG_0453_43e88d2f.png,39.951205,-75.19172833333333
data/images_converted/IMG_0454_43e88d2f.png,39.951205,-75.19172833333333
data/images_converted/IMG_0455_43e88d2f.png,39.951205,-75.19172833333333
data/images_converted/IMG_0456_43e88d2f.png,39.95119666666667,-75.19172833333333
data/images_converted/IMG_0457_43e88d2f.png,39.95119666666667,-75.19172833333333
data/images_converted/IMG_0458_43e88d2f.png,39.95119666666667,-75.19172833333333
data/images_converted/IMG_0459_43e88d2f.png,39.95119166666667,-75.19172
data/images_converted/IMG_0460_43e88d2f.png,39.95119166666667,-75.19172
data/images_converted/IMG_0461_43e88d2f.png,39.95119166666667,-75.19172
data/images_converted/IMG_0462_43e88d2f.png,39.95119166666667,-75.19172
data/images_converted/IMG_0463_43e88d2f.png,39.95118666666666,-75.19172
data/images_converted/IMG_0464_43e88d2f.png,39.95118666666666,-75.19172
data/images_converted/IMG_0465_43e88d2f.png,39.95118666666666,-75.19172
data/images_converted/IMG_0466_43e88d2f.png,39.95118666666666,-75.19171166666666
data/images_converted/IMG_0467_43e88d2f.png,39.95118666666666,-75.19171166666666
data/images_converted/IMG_0468_43e88d2f.png,39.95118666666666,-75.19171166666666
data/images_converted/IMG_0469_43e88d2f.png,39.95118666666666,-75.19171166666666
data/images_converted/IMG_0470_43e88d2f.png,39.95118666666666,-75.19171166666666
data/images_converted/IMG_0471_43e88d2f.png,39.95118666666666,-75.19171166666666
data/images_converted/IMG_0472_43e88d2f.png,39.95118333333333,-75.19171166666666
data/images_converted/IMG_0474_43e88d2f.png,39.95118,-75.19171166666666
data/images_converted/IMG_0475_43e88d2f.png,39.95118,-75.19171166666666
data/images_converted/IMG_0477_43e88d2f.png,39.951175,-75.19171166666666
data/images_converted/IMG_0478_43e88d2f.png,39.951175,-75.19171166666666
data/images_converted/IMG_0480_43e88d2f.png,39.95117,-75.19172
data/images_converted/IMG_0481_43e88d2f.png,39.95116333333333,-75.19172
data/images_converted/IMG_0482_43e88d2f.png,39.95116333333333,-75.19172
data/images_converted/IMG_0483_43e88d2f.png,39.95116333333333,-75.19172
data/images_converted/IMG_0484_43e88d2f.png,39.95116333333333,-75.19172
data/images_converted/IMG_0487_43e88d2f.png,39.95116166666666,-75.19172
data/images_converted/IMG_0489_43e88d2f.png,39.951155,-75.19172
data/images_converted/IMG_0490_43e88d2f.png,39.951155,-75.19172
data/images_converted/IMG_0492_43e88d2f.png,39.951155,-75.19172
data/images_converted/IMG_0493_43e88d2f.png,39.95115333333333,-75.19171166666666
data/images_converted/IMG_0494_43e88d2f.png,39.95115333333333,-75.19171166666666
data/images_converted/IMG_0496_43e88d2f.png,39.951155,-75.19171166666666
data/images_converted/IMG_0497_43e88d2f.png,39.95113333333333,-75.19175
data/images_converted/IMG_0498_43e88d2f.png,39.95113333333333,-75.19175
data/images_converted/IMG_0499_43e88d2f.png,39.95113333333333,-75.19175
data/images_converted/IMG_0501_43e88d2f.png,39.95108833333333,-75.19180333333334
data/images_converted/IMG_0502_43e88d2f.png,39.95108,-75.19182
data/images_converted/IMG_0503_43e88d2f.png,39.95106333333333,-75.19182
data/images_converted/IMG_0504_43e88d2f.png,39.95105833333334,-75.19181166666667
data/images_converted/IMG_0506_43e88d2f.png,39.95103333333333,-75.19181166666667
data/images_converted/IMG_0507_43e88d2f.png,39.95103833333334,-75.191795
data/images_converted/IMG_0508_43e88d2f.png,39.95103333333333,-75.191795
data/images_converted/IMG_0509_43e88d2f.png,39.95105,-75.19178
data/images_converted/IMG_0510_43e88d2f.png,39.95105,-75.19178
data/images_converted/IMG_0511_43e88d2f.png,39.95104666666667,-75.19178
data/images_converted/IMG_0512_43e88d2f.png,39.95103833333334,-75.19178
data/images_converted/IMG_0513_43e88d2f.png,39.95104166666667,-75.19178
data/images_converted/IMG_0515_43e88d2f.png,39.95103333333333,-75.19175833333334
data/images_converted/IMG_0516_43e88d2f.png,39.95103833333334,-75.19175
data/images_converted/IMG_0517_43e88d2f.png,39.95103333333333,-75.19172833333333
data/images_converted/IMG_0518_43e88d2f.png,39.95103,-75.19172
data/images_converted/IMG_0519_43e88d2f.png,39.95103,-75.19170333333334
data/images_converted/IMG_0520_43e88d2f.png,39.95103,-75.19168833333333
data/images_converted/IMG_0522_43e88d2f.png,39.95102,-75.19166666666666
data/images_converted/IMG_0523_43e88d2f.png,39.95102,-75.19166666666666
data/images_converted/IMG_0525_43e88d2f.png,39.95102166666667,-75.19163666666667
data/images_converted/IMG_0526_43e88d2f.png,39.95102166666667,-75.19165
data/images_converted/IMG_0527_43e88d2f.png,39.95102166666667,-75.191605
data/images_converted/IMG_0528_43e88d2f.png,39.95150833333334,-75.19171166666666
data/images_converted/IMG_0529_43e88d2f.png,39.95152833333334,-75.19171166666666
data/images_converted/IMG_0530_43e88d2f.png,39.95152833333334,-75.19171166666666
data/images_converted/IMG_0531_43e88d2f.png,39.95140833333333,-75.19165833333334
data/images_converted/IMG_0535_43e88d2f.png,39.95104666666667,-75.19152
data/images_converted/IMG_0536_43e88d2f.png,39.95104666666667,-75.19152
data/images_converted/IMG_0537_43e88d2f.png,39.95104666666667,-75.19152
data/images_converted/IMG_0538_43e88d2f.png,39.95104666666667,-75.19152
data/images_converted/IMG_0539_43e88d2f.png,39.95104666666667,-75.19152
data/images_converted/IMG_0540_43e88d2f.png,39.9511,-75.19152833333334
data/images_converted/IMG_0541_43e88d2f.png,39.9511,-75.19152833333334
data/images_converted/IMG_0542_43e88d2f.png,39.9511,-75.19152833333334
data/images_converted/IMG_0543_43e88d2f.png,39.9511,-75.19152833333334
data/images_converted/IMG_0544_43e88d2f.png,39.95113833333333,-75.19155
data/images_converted/IMG_0546_43e88d2f.png,39.95113833333333,-75.19155
data/images_converted/IMG_0547_43e88d2f.png,39.95116333333333,-75.19155833333333
data/images_converted/IMG_0548_43e88d2f.png,39.95116333333333,-75.19155833333333
data/images_converted/IMG_0549_43e88d2f.png,39.95116333333333,-75.19155833333333
data/images_converted/IMG_0550_43e88d2f.png,39.95116333333333,-75.19155833333333
data/images_converted/IMG_0552_43e88d2f.png,39.95116333333333,-75.19155833333333
data/images_converted/IMG_0553_43e88d2f.png,39.95116333333333,-75.19155833333333
data/images_converted/IMG_0554_43e88d2f.png,39.95116333333333,-75.19155833333333
data/images_converted/IMG_0555_43e88d2f.png,39.95116333333333,-75.19155833333333
data/images_converted/IMG_0556_43e88d2f.png,39.95116333333333,-75.19155833333333
data/images_converted/IMG_0558_43e88d2f.png,39.95116333333333,-75.19155833333333
data/images_converted/IMG_0559_43e88d2f.png,39.95116333333333,-75.19155833333333
data/images_converted/IMG_0560_43e88d2f.png,39.95116333333333,-75.19155833333333
data/images_converted/IMG_0561_43e88d2f.png,39.95116333333333,-75.19155833333333
data/images_converted/IMG_0562_43e88d2f.png,39.95116333333333,-75.19155833333333
data/images_converted/IMG_0563_43e88d2f.png,39.95116333333333,-75.19155833333333
data/images_converted/IMG_0564_43e88d2f.png,39.95116333333333,-75.19155833333333
data/images_converted/IMG_0565_43e88d2f.png,39.95116333333333,-75.19155833333333
data/images_converted/IMG_0568_43e88d2f.png,39.95121666666667,-75.19158
data/images_converted/IMG_0569_43e88d2f.png,39.95121666666667,-75.19158
data/images_converted/IMG_0570_43e88d2f.png,39.95121666666667,-75.19158
data/images_converted/IMG_0571_43e88d2f.png,39.95121666666667,-75.19158
data/images_converted/IMG_0572_43e88d2f.png,39.95121666666667,-75.19158
data/images_converted/IMG_0573_43e88d2f.png,39.95121666666667,-75.19158
data/images_converted/IMG_0574_43e88d2f.png,39.95121666666667,-75.19158
data/images_converted/IMG_0576_43e88d2f.png,39.95121666666667,-75.19158
data/images_converted/IMG_0577_43e88d2f.png,39.95121666666667,-75.19158
data/images_converted/IMG_0578_43e88d2f.png,39.95121666666667,-75.19158
data/images_converted/IMG_0579_43e88d2f.png,39.95122833333333,-75.19156666666666
data/images_converted/IMG_0580_43e88d2f.png,39.95122833333333,-75.19156666666666
data/images_converted/IMG_0581_43e88d2f.png,39.95111333333333,-75.19145833333333
data/images_converted/IMG_0582_43e88d2f.png,39.95110333333334,-75.191445
data/images_converted/IMG_0583_43e88d2f.png,39.95106166666667,-75.19141333333333
data/images_converted/IMG_0584_43e88d2f.png,39.95104166666667,-75.19138333333333
data/images_converted/IMG_0586_43e88d2f.png,39.95101666666667,-75.19136166666667
data/images_converted/IMG_0588_43e88d2f.png,39.951,-75.19133833333333
data/images_converted/IMG_0589_43e88d2f.png,39.95099666666667,-75.19132166666667
data/images_converted/IMG_0590_43e88d2f.png,39.95153833333333,-75.19172833333333
data/images_converted/IMG_0592_43e88d2f.png,39.95153833333333,-75.19172833333333
data/images_converted/IMG_0593_43e88d2f.png,39.95153833333333,-75.19172833333333
data/images_converted/IMG_0595_43e88d2f.png,39.951395,-75.19172
data/images_converted/IMG_0596_43e88d2f.png,39.951395,-75.19172
data/images_converted/IMG_0597_43e88d2f.png,39.9511,-75.191605
data/images_converted/IMG_0598_43e88d2f.png,39.9511,-75.191605
data/images_converted/IMG_0599_43e88d2f.png,39.9511,-75.191605
data/images_converted/IMG_0600_43e88d2f.png,39.9511,-75.191605
data/images_converted/IMG_0602_43e88d2f.png,39.95102,-75.19161166666666
data/images_converted/IMG_0603_43e88d2f.png,39.95102,-75.19161166666666
data/images_converted/IMG_0604_43e88d2f.png,39.95102,-75.19162833333333
data/images_converted/IMG_0605_43e88d2f.png,39.95102,-75.19162833333333
data/images_converted/IMG_0606_43e88d2f.png,39.95102,-75.19162833333333
data/images_converted/IMG_0607_43e88d2f.png,39.95102,-75.19162833333333
data/images_converted/IMG_0609_43e88d2f.png,39.95102,-75.19163666666667
data/images_converted/IMG_0610_43e88d2f.png,39.95102,-75.19163666666667
data/images_converted/IMG_0611_43e88d2f.png,39.95102,-75.19163666666667
data/images_converted/IMG_0612_43e88d2f.png,39.95103833333334,-75.19163666666667
data/images_converted/IMG_0613_43e88d2f.png,39.95103833333334,-75.19163666666667
data/images_converted/IMG_0616_43e88d2f.png,39.95104666666667,-75.19163666666667
data/images_converted/IMG_0617_43e88d2f.png,39.95105333333333,-75.19163666666667
data/images_converted/IMG_0619_43e88d2f.png,39.95105333333333,-75.19163666666667
data/images_converted/IMG_0620_43e88d2f.png,39.95105333333333,-75.19163666666667
data/images_converted/IMG_0621_43e88d2f.png,39.95108333333334,-75.19162
data/images_converted/IMG_0623_43e88d2f.png,39.95108833333333,-75.191605
data/images_converted/IMG_0624_43e88d2f.png,39.95108833333333,-75.191605
data/images_converted/IMG_0625_43e88d2f.png,39.95109166666667,-75.19159666666667
data/images_converted/IMG_0626_43e88d2f.png,39.95109166666667,-75.19159666666667
data/images_converted/IMG_0627_43e88d2f.png,39.95109166666667,-75.19159666666667
data/images_converted/IMG_0628_43e88d2f.png,39.951095,-75.19158833333333
data/images_converted/IMG_0629_43e88d2f.png,39.951095,-75.19158833333333
data/images_converted/IMG_0630_43e88d2f.png,39.9511,-75.19159666666667
data/images_converted/IMG_0631_43e88d2f.png,39.9511,-75.19159666666667
data/images_converted/IMG_0632_43e88d2f.png,39.95110333333334,-75.19158833333333
data/images_converted/IMG_0633_43e88d2f.png,39.95110333333334,-75.19158833333333
data/images_converted/IMG_0634_43e88d2f.png,39.95111166666667,-75.19158
data/images_converted/IMG_0635_43e88d2f.png,39.95111166666667,-75.191575
data/images_converted/IMG_0636_43e88d2f.png,39.95111166666667,-75.191575
data/images_converted/IMG_0637_43e88d2f.png,39.951125,-75.19158
data/images_converted/IMG_0638_43e88d2f.png,39.95113333333333,-75.19158
data/images_converted/IMG_0639_43e88d2f.png,39.951145,-75.19159666666667
data/images_converted/IMG_0640_43e88d2f.png,39.95115333333333,-75.191605
data/images_converted/IMG_0641_43e88d2f.png,39.95116166666666,-75.191605
data/images_converted/IMG_0642_43e88d2f.png,39.95117166666667,-75.19161166666666
data/images_converted/IMG_0643_43e88d2f.png,39.951175,-75.19161166666666
data/images_converted/IMG_0644_43e88d2f.png,39.95118,-75.19162
data/images_converted/IMG_0645_43e88d2f.png,39.95118666666666,-75.19162
data/images_converted/IMG_0646_43e88d2f.png,39.95119166666667,-75.19161166666666
data/images_converted/IMG_0648_43e88d2f.png,39.951195,-75.191605
data/images_converted/IMG_0649_43e88d2f.png,39.95119666666667,-75.19159666666667
data/images_converted/IMG_0650_43e88d2f.png,39.95119666666667,-75.19159666666667
data/images_converted/IMG_0651_43e88d2f.png,39.95119666666667,-75.19158833333333
data/images_converted/IMG_0652_43e88d2f.png,39.95119666666667,-75.19158
data/images_converted/IMG_0653_43e88d2f.png,39.951195,-75.19158
data/images_converted/IMG_0654_43e88d2f.png,39.95119166666667,-75.19158833333333
data/images_converted/IMG_0655_43e88d2f.png,39.95119166666667,-75.19159666666667
data/images_converted/IMG_0656_43e88d2f.png,39.95119166666667,-75.19159666666667
data/images_converted/IMG_0657_43e88d2f.png,39.95119166666667,-75.19161166666666
data/images_converted/IMG_0658_43e88d2f.png,39.95119166666667,-75.19161166666666
data/images_converted/IMG_0659_43e88d2f.png,39.95119166666667,-75.19162
data/images_converted/IMG_0661_43e88d2f.png,39.95118666666666,-75.19162833333333
data/images_converted/IMG_0663_43e88d2f.png,39.95119166666667,-75.19164166666667
data/images_converted/IMG_0665_43e88d2f.png,39.951195,-75.19165
data/images_converted/IMG_0666_43e88d2f.png,39.95140833333333,-75.19174166666667
data/images_converted/IMG_0667_43e88d2f.png,39.95140833333333,-75.19174166666667
data/images_converted/IMG_0668_43e88d2f.png,39.95140833333333,-75.19174166666667
data/images_converted/IMG_0669_43e88d2f.png,39.95140833333333,-75.19173333333333
data/images_converted/IMG_0670_43e88d2f.png,39.95140833333333,-75.19173333333333
data/images_converted/IMG_0671_43e88d2f.png,39.95140833333333,-75.19173333333333
data/images_converted/IMG_0672_43e88d2f.png,39.95140833333333,-75.19173333333333
data/images_converted/IMG_0674_43e88d2f.png,39.95142,-75.19173333333333
data/images_converted/IMG_0675_43e88d2f.png,39.95142,-75.19173333333333
data/images_converted/IMG_0690_43e88d2f.png,39.95149166666667,-75.19171166666666
data/images_converted/IMG_0691_43e88d2f.png,39.95150333333333,-75.19171166666666
data/images_converted/IMG_0692_43e88d2f.png,39.95150333333333,-75.19171166666666
data/images_converted/IMG_0693_43e88d2f.png,39.95152,-75.19171166666666
data/images_converted/IMG_0694_43e88d2f.png,39.95152,-75.19171166666666
data/images_converted/IMG_0700_43e88d2f.png,39.951545,-75.19168
data/images_converted/IMG_0701_43e88d2f.png,39.95155333333334,-75.19168
data/images_converted/IMG_0702_43e88d2f.png,39.95155333333334,-75.19168
data/images_converted/IMG_0703_43e88d2f.png,39.95156333333333,-75.19168833333333
data/images_converted/IMG_0704_43e88d2f.png,39.95163666666667,-75.19170333333334
data/images_converted/IMG_0705_43e88d2f.png,39.95163666666667,-75.19170333333334
data/images_converted/IMG_0706_43e88d2f.png,39.95165,-75.19170333333334
data/images_converted/IMG_0707_43e88d2f.png,39.95165333333333,-75.19169666666667
data/images_converted/IMG_0708_43e88d2f.png,39.951655,-75.19168833333333
data/images_converted/IMG_0709_43e88d2f.png,39.95166666666667,-75.19168833333333
data/images_converted/IMG_0711_43e88d2f.png,39.95168333333334,-75.19168
data/images_converted/IMG_0714_43e88d2f.png,39.95171666666667,-75.19167166666666
data/images_converted/IMG_0715_43e88d2f.png,39.95172833333334,-75.19167166666666
data/images_converted/IMG_0717_43e88d2f.png,39.95176333333333,-75.19168
data/images_converted/IMG_0718_43e88d2f.png,39.95177833333333,-75.19166666666666
data/images_converted/IMG_0719_43e88d2f.png,39.95178833333333,-75.19166666666666
data/images_converted/IMG_0720_43e88d2f.png,39.951805,-75.19166666666666
data/images_converted/IMG_0721_43e88d2f.png,39.95181333333333,-75.19166666666666
data/images_converted/IMG_0722_43e88d2f.png,39.95182833333333,-75.19165833333334
data/images_converted/IMG_0723_43e88d2f.png,39.95183666666667,-75.19165833333334
data/images_converted/IMG_0724_43e88d2f.png,39.95185833333333,-75.19165833333334
data/images_converted/IMG_0725_43e88d2f.png,39.95186666666667,-75.19165833333334
data/images_converted/IMG_0726_43e88d2f.png,39.95188,-75.19165833333334
data/images_converted/IMG_0727_43e88d2f.png,39.95189166666667,-75.19165833333334
data/images_converted/IMG_0728_43e88d2f.png,39.95192,-75.19165
data/images_converted/IMG_0729_43e88d2f.png,39.95192833333333,-75.19165833333334
data/images_converted/IMG_0731_43e88d2f.png,39.95195833333333,-75.19164166666667
data/images_converted/IMG_0732_43e88d2f.png,39.95196166666667,-75.19163666666667
data/images_converted/IMG_0733_43e88d2f.png,39.95197833333334,-75.19161166666666
data/images_converted/IMG_0734_43e88d2f.png,39.95199166666666,-75.191605
data/images_converted/IMG_0735_43e88d2f.png,39.95200333333333,-75.19159666666667
data/images_converted/IMG_0736_43e88d2f.png,39.952025,-75.19158833333333
data/images_converted/IMG_0737_43e88d2f.png,39.95205333333333,-75.19158
data/images_converted/IMG_0738_43e88d2f.png,39.95205333333333,-75.19158
data/images_converted/IMG_0739_43e88d2f.png,39.95208,-75.19155833333333
data/images_converted/IMG_0740_43e88d2f.png,39.95209166666667,-75.19155833333333
data/images_converted/IMG_0741_43e88d2f.png,39.95210333333333,-75.19155833333333
data/images_converted/IMG_0742_43e88d2f.png,39.95211333333334,-75.19155833333333
data/images_converted/IMG_0743_43e88d2f.png,39.952125,-75.19156666666666
data/images_converted/IMG_0744_43e88d2f.png,39.952125,-75.19156666666666
data/images_converted/IMG_0746_43e88d2f.png,39.952145,-75.19155833333333
data/images_converted/IMG_0747_43e88d2f.png,39.95216666666666,-75.19155
data/images_converted/IMG_0749_43e88d2f.png,39.95219166666666,-75.19156666666666
data/images_converted/IMG_0750_43e88d2f.png,39.95219666666667,-75.191575
data/images_converted/IMG_0751_43e88d2f.png,39.95221666666666,-75.19158
data/images_converted/IMG_0752_43e88d2f.png,39.95222166666667,-75.19158833333333
data/images_converted/IMG_0753_43e88d2f.png,39.95223333333333,-75.19161166666666
data/images_converted/IMG_0755_43e88d2f.png,39.95223333333333,-75.19164166666667
data/images_converted/IMG_0761_43e88d2f.png,39.95225833333333,-75.19175
data/images_converted/IMG_0762_43e88d2f.png,39.95225833333333,-75.19178833333334
data/images_converted/IMG_0763_43e88d2f.png,39.95225833333333,-75.19178833333334
data/images_converted/IMG_0764_43e88d2f.png,39.952255,-75.19177166666667
data/images_converted/IMG_0765_43e88d2f.png,39.952255,-75.19177166666667
data/images_converted/IMG_0766_43e88d2f.png,39.95225833333333,-75.19175
data/images_converted/IMG_0767_43e88d2f.png,39.95226333333333,-75.19173333333333
data/images_converted/IMG_0772_43e88d2f.png,39.95226333333333,-75.19165
data/images_converted/IMG_0773_43e88d2f.png,39.95226333333333,-75.19163666666667
data/images_converted/IMG_0774_43e88d2f.png,39.952255,-75.19161166666666
data/images_converted/IMG_0775_43e88d2f.png,39.95223833333333,-75.19159666666667
data/images_converted/IMG_0776_43e88d2f.png,39.95222833333333,-75.19159666666667
data/images_converted/IMG_0777_43e88d2f.png,39.95222166666667,-75.19159666666667
data/images_converted/IMG_0778_43e88d2f.png,39.952195,-75.191605
data/images_converted/IMG_0779_43e88d2f.png,39.95217833333334,-75.191605
data/images_converted/IMG_0780_43e88d2f.png,39.95216666666666,-75.191605
data/images_converted/IMG_0781_43e88d2f.png,39.95213666666667,-75.191605
data/images_converted/IMG_0783_43e88d2f.png,39.95211333333334,-75.191605
data/images_converted/IMG_0784_43e88d2f.png,39.95210333333333,-75.191605
data/images_converted/IMG_0786_43e88d2f.png,39.95206333333334,-75.191605
data/images_converted/IMG_0787_43e88d2f.png,39.95205333333333,-75.191605
data/images_converted/IMG_0788_43e88d2f.png,39.95204166666667,-75.191605
data/images_converted/IMG_0789_43e88d2f.png,39.95203333333333,-75.191605
data/images_converted/IMG_0790_43e88d2f.png,39.952025,-75.19161166666666
data/images_converted/IMG_0791_43e88d2f.png,39.95200333333333,-75.19162833333333
data/images_converted/IMG_0792_43e88d2f.png,39.95199666666667,-75.19162
data/images_converted/IMG_0793_43e88d2f.png,39.95199166666666,-75.19161166666666
data/images_converted/IMG_0795_43e88d2f.png,39.95197833333334,-75.19162833333333
data/images_converted/IMG_0796_43e88d2f.png,39.95195333333334,-75.19162833333333
data/images_converted/IMG_0797_43e88d2f.png,39.95194166666667,-75.19162833333333
data/images_converted/IMG_0799_43e88d2f.png,39.95190833333334,-75.19162
data/images_converted/IMG_0801_43e88d2f.png,39.9519,-75.19163666666667
data/images_converted/IMG_0802_43e88d2f.png,39.95188666666667,-75.19164166666667
data/images_converted/IMG_0803_43e88d2f.png,39.951875,-75.19164166666667
data/images_converted/IMG_0804_43e88d2f.png,39.95185,-75.19164166666667
data/images_converted/IMG_0805_43e88d2f.png,39.95185,-75.19164166666667
data/images_converted/IMG_0806_43e88d2f.png,39.95183833333333,-75.19164166666667
data/images_converted/IMG_0807_43e88d2f.png,39.951825,-75.19164166666667
data/images_converted/IMG_0808_43e88d2f.png,39.9518,-75.19164166666667
data/images_converted/IMG_0809_43e88d2f.png,39.95178833333333,-75.19164166666667
data/images_converted/IMG_0810_43e88d2f.png,39.95178333333333,-75.19165
data/images_converted/IMG_0811_43e88d2f.png,39.951775,-75.19166666666666
data/images_converted/IMG_0812_43e88d2f.png,39.95174666666666,-75.19166666666666
data/images_converted/IMG_0813_43e88d2f.png,39.95173666666667,-75.19166666666666
data/images_converted/IMG_0814_43e88d2f.png,39.95172833333334,-75.19166666666666
data/images_converted/IMG_0822_43e88d2f.png,39.95124666666667,-75.19168
data/images_converted/IMG_0823_43e88d2f.png,39.95148,-75.19162833333333
data/images_converted/IMG_0825_43e88d2f.png,39.95148,-75.19162833333333
data/images_converted/IMG_0826_43e88d2f.png,39.95148,-75.19162833333333
data/images_converted/IMG_0827_43e88d2f.png,39.95151333333333,-75.19164166666667
data/images_converted/IMG_0828_43e88d2f.png,39.95151333333333,-75.19164166666667
data/images_converted/IMG_0829_43e88d2f.png,39.95151333333333,-75.19164166666667
data/images_converted/IMG_0830_43e88d2f.png,39.95151333333333,-75.19164166666667
data/images_converted/IMG_0838_43e88d2f.png,39.95153333333333,-75.19167166666666
data/images_converted/IMG_0841_43e88d2f.png,39.95152166666666,-75.19166666666666
data/images_converted/IMG_0842_43e88d2f.png,39.95152,-75.19166666666666
data/images_converted/IMG_0844_43e88d2f.png,39.95151333333333,-75.19166666666666
data/images_converted/IMG_0846_43e88d2f.png,39.95151166666667,-75.19165833333334
data/images_converted/IMG_0853_43e88d2f.png,39.95151166666667,-75.19163666666667
data/images_converted/IMG_0857_43e88d2f.png,39.95151166666667,-75.19163666666667
data/images_converted/IMG_0858_43e88d2f.png,39.95151166666667,-75.19163666666667
data/images_converted/IMG_0864_43e88d2f.png,39.95148333333334,-75.19163666666667
data/images_converted/IMG_0865_43e88d2f.png,39.95145333333333,-75.19166666666666
data/images_converted/IMG_0866_43e88d2f.png,39.95144666666667,-75.19169666666667
data/images_converted/IMG_0871_43e88d2f.png,39.951425,-75.19163666666667
data/images_converted/IMG_0872_43e88d2f.png,39.951425,-75.19163666666667
data/images_converted/IMG_0873_43e88d2f.png,39.951425,-75.19163666666667
data/images_converted/IMG_0878_43e88d2f.png,39.95155833333333,-75.19138333333333
data/images_converted/IMG_0880_43e88d2f.png,39.95154166666666,-75.191375
data/images_converted/IMG_0881_43e88d2f.png,39.95151333333333,-75.19133833333333
data/images_converted/IMG_0882_43e88d2f.png,39.95151333333333,-75.19133833333333
data/images_converted/IMG_0883_43e88d2f.png,39.95151333333333,-75.19130833333334
data/images_converted/IMG_0888_43e88d2f.png,39.95151333333333,-75.19124666666667
data/images_converted/IMG_0889_43e88d2f.png,39.95151333333333,-75.19124666666667
data/images_converted/IMG_0890_43e88d2f.png,39.95151166666667,-75.19123833333333
data/images_converted/IMG_0898_43e88d2f.png,39.95152,-75.19116166666667
data/images_converted/IMG_0910_43e88d2f.png,39.95149666666666,-75.19106333333333
data/images_converted/IMG_0911_43e88d2f.png,39.95149166666667,-75.19104666666667
data/images_converted/IMG_0912_43e88d2f.png,39.95149166666667,-75.19107
data/images_converted/IMG_0913_43e88d2f.png,39.95149166666667,-75.19107
data/images_converted/IMG_0914_43e88d2f.png,39.95148333333334,-75.191055
data/images_converted/IMG_0919_43e88d2f.png,39.95148,-75.19098666666666
data/images_converted/IMG_0922_43e88d2f.png,39.95149166666667,-75.19097833333333
data/images_converted/IMG_0923_43e88d2f.png,39.95148833333333,-75.19098666666666
data/images_converted/IMG_0924_43e88d2f.png,39.95148,-75.19097166666667
data/images_converted/IMG_0925_43e88d2f.png,39.95148,-75.19097166666667
data/images_converted/IMG_0927_43e88d2f.png,39.95147166666667,-75.19094166666666
data/images_converted/IMG_0930_43e88d2f.png,39.95146166666667,-75.190925
data/images_converted/IMG_0931_43e88d2f.png,39.95145333333333,-75.19091666666667
data/images_converted/IMG_0934_43e88d2f.png,39.95145,-75.19091666666667
data/images_converted/IMG_0935_43e88d2f.png,39.95143833333334,-75.19091666666667
data/images_converted/IMG_0936_43e88d2f.png,39.95143833333334,-75.19091666666667
data/images_converted/IMG_0937_43e88d2f.png,39.95142,-75.19091666666667
data/images_converted/IMG_0938_43e88d2f.png,39.95141666666667,-75.19088666666667
data/images_converted/IMG_0939_43e88d2f.png,39.95141666666667,-75.19088666666667
data/images_converted/IMG_0940_43e88d2f.png,39.95140833333333,-75.190895
data/images_converted/IMG_0941_43e88d2f.png,39.951395,-75.190895
data/images_converted/IMG_0942_43e88d2f.png,39.95138,-75.19088
data/images_converted/IMG_0944_43e88d2f.png,39.951375,-75.19086333333334
data/images_converted/IMG_0945_43e88d2f.png,39.95137,-75.19085
data/images_converted/IMG_0946_43e88d2f.png,39.95136666666667,-75.19085
data/images_converted/IMG_0947_43e88d2f.png,39.95135833333333,-75.19085
data/images_converted/IMG_0948_43e88d2f.png,39.95134666666667,-75.19085
data/images_converted/IMG_0949_43e88d2f.png,39.95133833333333,-75.19084166666667
data/images_converted/IMG_0950_43e88d2f.png,39.95133833333333,-75.19084166666667
data/images_converted/IMG_0951_43e88d2f.png,39.95133333333333,-75.19083333333333
data/images_converted/IMG_0953_43e88d2f.png,39.95133333333333,-75.19082
data/images_converted/IMG_0954_43e88d2f.png,39.95132833333334,-75.19082833333333
data/images_converted/IMG_0955_43e88d2f.png,39.95131333333333,-75.19082833333333
data/images_converted/IMG_0956_43e88d2f.png,39.951305,-75.19083333333333
data/images_converted/IMG_0957_43e88d2f.png,39.95129666666666,-75.19082833333333
data/images_converted/IMG_0958_43e88d2f.png,39.95129666666666,-75.19082
data/images_converted/IMG_0960_43e88d2f.png,39.95128833333333,-75.19082
data/images_converted/IMG_0961_43e88d2f.png,39.95128333333334,-75.19082
data/images_converted/IMG_0962_43e88d2f.png,39.95126333333333,-75.19081166666666
data/images_converted/IMG_0963_43e88d2f.png,39.951255,-75.19081166666666
data/images_converted/IMG_0964_43e88d2f.png,39.95123666666667,-75.19081166666666
data/images_converted/IMG_0965_43e88d2f.png,39.95122166666667,-75.19081166666666
data/images_converted/IMG_0966_43e88d2f.png,39.95121333333334,-75.19081166666666
data/images_converted/IMG_0967_43e88d2f.png,39.95120333333333,-75.19082
data/images_converted/IMG_0969_43e88d2f.png,39.95118333333333,-75.19084166666667
data/images_converted/IMG_0970_43e88d2f.png,39.95117166666667,-75.190855
data/images_converted/IMG_0971_43e88d2f.png,39.95116333333333,-75.19086333333334
data/images_converted/IMG_0973_43e88d2f.png,39.95115,-75.19088
data/images_converted/IMG_0974_43e88d2f.png,39.95113833333333,-75.190895
data/images_converted/IMG_0976_43e88d2f.png,39.95110833333333,-75.19091666666667
data/images_converted/IMG_0977_43e88d2f.png,39.951095,-75.19091666666667
data/images_converted/IMG_0979_43e88d2f.png,39.95106166666667,-75.19098666666666
data/images_converted/IMG_0980_43e88d2f.png,39.95101166666667,-75.19103833333334
data/images_converted/IMG_0981_43e88d2f.png,39.95101166666667,-75.19103833333334
data/images_converted/IMG_0982_43e88d2f.png,39.95100333333333,-75.19104666666667
data/images_converted/IMG_0983_43e88d2f.png,39.95100333333333,-75.19104666666667
data/images_converted/IMG_0985_43e88d2f.png,39.95100333333333,-75.19104666666667
data/images_converted/IMG_0986_43e88d2f.png,39.95099666666667,-75.19106333333333
data/images_converted/IMG_0987_43e88d2f.png,39.95099666666667,-75.19106333333333
data/images_converted/IMG_0988_43e88d2f.png,39.95099666666667,-75.19106333333333
data/images_converted/IMG_0989_43e88d2f.png,39.95099666666667,-75.19106333333333
data/images_converted/IMG_0990_43e88d2f.png,39.95098833333333,-75.19107
data/images_converted/IMG_0991_43e88d2f.png,39.95098833333333,-75.19107
data/images_converted/IMG_0992_43e88d2f.png,39.95098833333333,-75.19107
data/images_converted/IMG_0994_43e88d2f.png,39.95095833333333,-75.19111666666667
data/images_converted/IMG_0995_43e88d2f.png,39.95095833333333,-75.19113
data/images_converted/IMG_0998_43e88d2f.png,39.95096166666666,-75.191155
data/images_converted/IMG_0999_43e88d2f.png,39.95096666666667,-75.19116166666667
data/images_converted/IMG_1001_43e88d2f.png,39.95096666666667,-75.19116166666667
data/images_converted/IMG_1002_43e88d2f.png,39.95097833333333,-75.19117833333334
data/images_converted/IMG_1003_43e88d2f.png,39.95097833333333,-75.19118666666667
data/images_converted/IMG_1004_43e88d2f.png,39.95097833333333,-75.19118666666667
data/images_converted/IMG_1005_43e88d2f.png,39.95098,-75.19121666666666
data/images_converted/IMG_1007_43e88d2f.png,39.95097,-75.19124666666667
data/images_converted/IMG_1008_43e88d2f.png,39.95097166666667,-75.19127
data/images_converted/IMG_1009_43e88d2f.png,39.95097833333333,-75.19128333333333
data/images_converted/IMG_1010_43e88d2f.png,39.95097833333333,-75.1913
data/images_converted/IMG_1012_43e88d2f.png,39.95097833333333,-75.19133
data/images_converted/IMG_1013_43e88d2f.png,39.95098,-75.191345
data/images_converted/IMG_1014_43e88d2f.png,39.95098,-75.19136166666667
data/images_converted/IMG_1015_43e88d2f.png,39.95099166666667,-75.19138333333333
data/images_converted/IMG_1016_43e88d2f.png,39.95099166666667,-75.19138333333333
data/images_converted/IMG_1017_43e88d2f.png,39.95099166666667,-75.19139166666666
data/images_converted/IMG_1019_43e88d2f.png,39.95098833333333,-75.19142166666667
data/images_converted/IMG_1020_43e88d2f.png,39.95098666666667,-75.19142833333333
data/images_converted/IMG_1021_43e88d2f.png,39.95097166666667,-75.19143666666666
data/images_converted/IMG_1022_43e88d2f.png,39.95095833333333,-75.19142833333333
data/images_converted/IMG_1023_43e88d2f.png,39.95095,-75.19142833333333
data/images_converted/IMG_1024_43e88d2f.png,39.95094166666667,-75.19142833333333
data/images_converted/IMG_1025_43e88d2f.png,39.95093666666666,-75.19142166666667
data/images_converted/IMG_1026_43e88d2f.png,39.95093,-75.191405
data/images_converted/IMG_1027_43e88d2f.png,39.95092833333333,-75.1914
data/images_converted/IMG_1028_43e88d2f.png,39.950925,-75.191405
data/images_converted/IMG_1030_43e88d2f.png,39.95090833333333,-75.191405
data/images_converted/IMG_1031_43e88d2f.png,39.95088833333333,-75.191405
data/images_converted/IMG_1032_43e88d2f.png,39.95088833333333,-75.191405
data/images_converted/IMG_1033_43e88d2f.png,39.950875,-75.19141333333333
data/images_converted/IMG_1034_43e88d2f.png,39.95085833333334,-75.191405
data/images_converted/IMG_1037_43e88d2f.png,39.95101166666667,-75.19145833333333
data/images_converted/IMG_1039_43e88d2f.png,39.95101166666667,-75.19145833333333
data/images_converted/IMG_1042_43e88d2f.png,39.95101166666667,-75.19145833333333
data/images_converted/IMG_1043_43e88d2f.png,39.95091666666666,-75.19149666666667
data/images_converted/IMG_1044_43e88d2f.png,39.95091666666666,-75.19149666666667
data/images_converted/IMG_1045_43e88d2f.png,39.95091666666666,-75.19149666666667
data/images_converted/IMG_1046_43e88d2f.png,39.95090833333333,-75.19148333333334
data/images_converted/IMG_1047_43e88d2f.png,39.95090833333333,-75.19148333333334
data/images_converted/IMG_1048_43e88d2f.png,39.95090833333333,-75.19148333333334
data/images_converted/IMG_1049_43e88d2f.png,39.95090833333333,-75.19148333333334
data/images_converted/IMG_1052_43e88d2f.png,39.95091666666666,-75.191475
data/images_converted/IMG_1054_43e88d2f.png,39.950925,-75.19148833333334
data/images_converted/IMG_1055_43e88d2f.png,39.950925,-75.19148833333334
data/images_converted/IMG_1056_43e88d2f.png,39.950925,-75.19148833333334
data/images_converted/IMG_1057_43e88d2f.png,39.95093,-75.191505
data/images_converted/IMG_1058_43e88d2f.png,39.95093,-75.191505
data/images_converted/IMG_1059_43e88d2f.png,39.95094666666667,-75.19151333333333
data/images_converted/IMG_1060_43e88d2f.png,39.95094666666667,-75.19151333333333
data/images_converted/IMG_1061_43e88d2f.png,39.950955,-75.19151333333333
data/images_converted/IMG_1062_43e88d2f.png,39.95096666666667,-75.19151333333333
data/images_converted/IMG_1063_43e88d2f.png,39.95098666666667,-75.19151333333333
data/images_converted/IMG_1064_43e88d2f.png,39.95098666666667,-75.19152833333334
data/images_converted/IMG_1065_43e88d2f.png,39.95099666666667,-75.19152833333334
data/images_converted/IMG_1066_43e88d2f.png,39.951,-75.19153666666666
data/images_converted/IMG_1068_43e88d2f.png,39.95102833333333,-75.19155833333333
data/images_converted/IMG_1069_43e88d2f.png,39.95103333333333,-75.191575
data/images_converted/IMG_1070_43e88d2f.png,39.95103333333333,-75.19158
data/images_converted/IMG_1071_43e88d2f.png,39.95104166666667,-75.19158833333333
data/images_converted/IMG_1072_43e88d2f.png,39.95104666666667,-75.19161166666666
data/images_converted/IMG_1073_43e88d2f.png,39.95104666666667,-75.19162
data/images_converted/IMG_1074_43e88d2f.png,39.95105,-75.19163666666667
data/images_converted/IMG_1075_43e88d2f.png,39.95104166666667,-75.19164166666667
data/images_converted/IMG_1076_43e88d2f.png,39.95103833333334,-75.19167166666666
data/images_converted/IMG_1077_43e88d2f.png,39.95103333333333,-75.19168
data/images_converted/IMG_1079_43e88d2f.png,39.95103,-75.19172833333333
data/images_converted/IMG_1080_43e88d2f.png,39.95103,-75.19173333333333
data/images_converted/IMG_1082_43e88d2f.png,39.95102166666667,-75.19178
data/images_converted/IMG_1083_43e88d2f.png,39.95102,-75.19178833333334
data/images_converted/IMG_1084_43e88d2f.png,39.95102833333333,-75.19181166666667
data/images_converted/IMG_1085_43e88d2f.png,39.95102833333333,-75.191825
data/images_converted/IMG_1086_43e88d2f.png,39.95102833333333,-75.191855
data/images_converted/IMG_1087_43e88d2f.png,39.95103,-75.191855
data/images_converted/IMG_1088_43e88d2f.png,39.95103333333333,-75.19185
data/images_converted/IMG_1090_43e88d2f.png,39.95104166666667,-75.191855
data/images_converted/IMG_1091_43e88d2f.png,39.95104666666667,-75.19186333333333
data/images_converted/IMG_1092_43e88d2f.png,39.95106166666667,-75.19187166666667
data/images_converted/IMG_1093_43e88d2f.png,39.95106166666667,-75.19187166666667
data/images_converted/IMG_1094_43e88d2f.png,39.95108333333334,-75.19187166666667
data/images_converted/IMG_1095_43e88d2f.png,39.95109166666667,-75.19187166666667
data/images_converted/IMG_1096_43e88d2f.png,39.9511,-75.19187166666667
data/images_converted/IMG_1097_43e88d2f.png,39.95112,-75.191855
data/images_converted/IMG_1098_43e88d2f.png,39.95113333333333,-75.19185
data/images_converted/IMG_1101_43e88d2f.png,39.95116333333333,-75.19185
data/images_converted/IMG_1102_43e88d2f.png,39.95119166666667,-75.19183333333334
data/images_converted/IMG_1103_43e88d2f.png,39.95119166666667,-75.191825
data/images_converted/IMG_1104_43e88d2f.png,39.95120333333333,-75.19181166666667
data/images_converted/IMG_1105_43e88d2f.png,39.95121333333334,-75.19181166666667
data/images_converted/IMG_1106_43e88d2f.png,39.95121666666667,-75.19182
data/images_converted/IMG_1108_43e88d2f.png,39.95123666666667,-75.19182
data/images_converted/IMG_1109_43e88d2f.png,39.951245,-75.19181166666667
data/images_converted/IMG_1110_43e88d2f.png,39.95125333333333,-75.19180333333334
data/images_converted/IMG_1111_43e88d2f.png,39.95127833333333,-75.19178833333334
data/images_converted/IMG_1112_43e88d2f.png,39.95128666666667,-75.19178833333334
data/images_converted/IMG_1113_43e88d2f.png,39.951295,-75.19178833333334
data/images_converted/IMG_1114_43e88d2f.png,39.95130833333333,-75.19178833333334
data/images_converted/IMG_1115_43e88d2f.png,39.95131666666666,-75.19178
data/images_converted/IMG_1116_43e88d2f.png,39.951325,-75.19178
data/images_converted/IMG_1117_43e88d2f.png,39.95134666666667,-75.19177166666667
data/images_converted/IMG_1118_43e88d2f.png,39.95135833333333,-75.19177166666667
data/images_converted/IMG_1119_43e88d2f.png,39.95137,-75.19177166666667
data/images_converted/IMG_1120_43e88d2f.png,39.95138,-75.19177166666667
data/images_converted/IMG_1121_43e88d2f.png,39.95139666666667,-75.19177166666667
data/images_converted/IMG_1123_43e88d2f.png,39.95142,-75.19177166666667
data/images_converted/IMG_1132_43e88d2f.png,39.951545,-75.19171166666666
data/images_converted/IMG_1136_43e88d2f.png,39.95155,-75.19165
data/images_converted/IMG_1137_43e88d2f.png,39.951545,-75.19163666666667
data/images_converted/IMG_1138_43e88d2f.png,39.95154166666666,-75.19162
data/images_converted/IMG_1139_43e88d2f.png,39.95154166666666,-75.19158
data/images_converted/IMG_1140_43e88d2f.png,39.95154166666666,-75.191575
data/images_converted/IMG_1141_43e88d2f.png,39.95153833333333,-75.19155833333333
data/images_converted/IMG_1142_43e88d2f.png,39.95153,-75.19153666666666
data/images_converted/IMG_1143_43e88d2f.png,39.95151333333333,-75.19151333333333
data/images_converted/IMG_1145_43e88d2f.png,39.95151166666667,-75.19148833333334
data/images_converted/IMG_1148_43e88d2f.png,39.9514,-75.19117833333334
data/images_converted/IMG_1149_43e88d2f.png,39.9514,-75.19117833333334
data/images_converted/IMG_1150_43e88d2f.png,39.9514,-75.19117833333334
data/images_converted/IMG_1163_43e88d2f.png,39.95152166666666,-75.191125
data/images_converted/IMG_1164_43e88d2f.png,39.95152166666666,-75.191125
data/images_converted/IMG_1167_43e88d2f.png,39.95151166666667,-75.191125
data/images_converted/IMG_1168_43e88d2f.png,39.95150833333334,-75.19111666666667
data/images_converted/IMG_1169_43e88d2f.png,39.95150833333334,-75.19111666666667
data/images_converted/IMG_1170_43e88d2f.png,39.95150833333334,-75.19111666666667
data/images_converted/IMG_1171_43e88d2f.png,39.95150833333334,-75.19111666666667
data/images_converted/IMG_1173_43e88d2f.png,39.95149166666667,-75.19104666666667
data/images_converted/IMG_1174_43e88d2f.png,39.95149166666667,-75.19104666666667
data/images_converted/IMG_1182_43e88d2f.png,39.95149166666667,-75.19104666666667
data/images_converted/IMG_1183_43e88d2f.png,39.9515,-75.191055
data/images_converted/IMG_1184_43e88d2f.png,39.9515,-75.191055
data/images_converted/IMG_1185_43e88d2f.png,39.9515,-75.191055
data/images_converted/IMG_1186_43e88d2f.png,39.9515,-75.191055
data/images_converted/IMG_1187_43e88d2f.png,39.9515,-75.191055
data/images_converted/IMG_1188_43e88d2f.png,39.9515,-75.191055
data/images_converted/IMG_1189_43e88d2f.png,39.9515,-75.191055
data/images_converted/IMG_1190_43e88d2f.png,39.9515,-75.191055
data/images_converted/IMG_1197_43e88d2f.png,39.9515,-75.19106333333333
data/images_converted/IMG_1210_43e88d2f.png,39.95157166666667,-75.190995
data/images_converted/IMG_1211_43e88d2f.png,39.95157166666667,-75.190995
data/images_converted/IMG_1212_43e88d2f.png,39.95156333333333,-75.19097833333333
data/images_converted/IMG_1213_43e88d2f.png,39.95156333333333,-75.19097833333333
data/images_converted/IMG_1214_43e88d2f.png,39.95156333333333,-75.19097833333333
data/images_converted/IMG_1215_43e88d2f.png,39.95156166666666,-75.19097166666667
data/images_converted/IMG_1217_43e88d2f.png,39.95156166666666,-75.19097166666667
data/images_converted/IMG_1220_43e88d2f.png,39.951545,-75.19094166666666
data/images_converted/IMG_1224_43e88d2f.png,39.95153833333333,-75.19094166666666
data/images_converted/IMG_1225_43e88d2f.png,39.95153833333333,-75.19094166666666
data/images_converted/IMG_1226_43e88d2f.png,39.95152833333334,-75.19093333333333
data/images_converted/IMG_1227_43e88d2f.png,39.95152833333334,-75.19093333333333
data/images_converted/IMG_1228_43e88d2f.png,39.95151333333333,-75.19093333333333
data/images_converted/IMG_1229_43e88d2f.png,39.95151333333333,-75.19093333333333
data/images_converted/IMG_1230_43e88d2f.png,39.95150833333334,-75.19091666666667
data/images_converted/IMG_1231_43e88d2f.png,39.95150833333334,-75.19091666666667
data/images_converted/IMG_1233_43e88d2f.png,39.95150333333333,-75.19091166666666
data/images_converted/IMG_1234_43e88d2f.png,39.95150333333333,-75.19091166666666
data/images_converted/IMG_1235_43e88d2f.png,39.9515,-75.19090333333334
data/images_converted/IMG_1236_43e88d2f.png,39.9515,-75.19090333333334
data/images_converted/IMG_1237_43e88d2f.png,39.9515,-75.19090333333334
data/images_converted/IMG_1238_43e88d2f.png,39.95149166666667,-75.19088666666667
data/images_converted/IMG_1240_43e88d2f.png,39.9515,-75.19087166666667
data/images_converted/IMG_1241_43e88d2f.png,39.9515,-75.19087166666667
data/images_converted/IMG_1242_43e88d2f.png,39.95149666666666,-75.19086333333334
data/images_converted/IMG_1243_43e88d2f.png,39.95149666666666,-75.19086333333334
data/images_converted/IMG_1244_43e88d2f.png,39.95149666666666,-75.19086333333334
data/images_converted/IMG_1246_43e88d2f.png,39.95148,-75.19083333333333
data/images_converted/IMG_1248_43e88d2f.png,39.95147,-75.19069666666667
data/images_converted/IMG_1249_43e88d2f.png,39.95147,-75.19068
data/images_converted/IMG_1250_43e88d2f.png,39.95147,-75.19068
data/images_converted/IMG_1251_43e88d2f.png,39.95147,-75.19068
data/images_converted/IMG_1252_43e88d2f.png,39.95147,-75.19068
data/images_converted/IMG_1253_43e88d2f.png,39.95146166666667,-75.190675
data/images_converted/IMG_1255_43e88d2f.png,39.95146166666667,-75.190675
data/images_converted/IMG_1256_43e88d2f.png,39.95146166666667,-75.190675
data/images_converted/IMG_1257_43e88d2f.png,39.95145333333333,-75.19068
data/images_converted/IMG_1260_43e88d2f.png,39.95145333333333,-75.19068
data/images_converted/IMG_1261_43e88d2f.png,39.95144166666667,-75.190675
data/images_converted/IMG_1262_43e88d2f.png,39.95144166666667,-75.190675
data/images_converted/IMG_1263_43e88d2f.png,39.95144166666667,-75.190675
data/images_converted/IMG_1265_43e88d2f.png,39.95144166666667,-75.19065833333333
data/images_converted/IMG_1266_43e88d2f.png,39.95142,-75.190675
data/images_converted/IMG_1267_43e88d2f.png,39.95141166666667,-75.19066666666667
data/images_converted/IMG_1268_43e88d2f.png,39.9514,-75.19066666666667
data/images_converted/IMG_1269_43e88d2f.png,39.95139666666667,-75.19066666666667
data/images_converted/IMG_1270_43e88d2f.png,39.9514,-75.19065833333333
data/images_converted/IMG_1271_43e88d2f.png,39.9514,-75.19065
data/images_converted/IMG_1272_43e88d2f.png,39.9514,-75.190645
data/images_converted/IMG_1273_43e88d2f.png,39.95140833333333,-75.19062833333334
data/images_converted/IMG_1274_43e88d2f.png,39.95142,-75.190605
data/images_converted/IMG_1275_43e88d2f.png,39.95142,-75.190605
data/images_converted/IMG_1277_43e88d2f.png,39.95142833333333,-75.19055833333333
data/images_converted/IMG_1278_43e88d2f.png,39.95143,-75.19053666666667
data/images_converted/IMG_1280_43e88d2f.png,39.95143666666667,-75.19052833333333
data/images_converted/IMG_1281_43e88d2f.png,39.95144166666667,-75.190505
data/images_converted/IMG_1282_43e88d2f.png,39.95144166666667,-75.190505
data/images_converted/IMG_1283_43e88d2f.png,39.95147,-75.19049166666667
data/images_converted/IMG_1284_43e88d2f.png,39.95147,-75.19049166666667
data/images_converted/IMG_1285_43e88d2f.png,39.95148,-75.190475
data/images_converted/IMG_1286_43e88d2f.png,39.95148833333333,-75.190475
data/images_converted/IMG_1288_43e88d2f.png,39.95149666666666,-75.19046166666666
data/images_converted/IMG_1289_43e88d2f.png,39.95154166666666,-75.19043
data/images_converted/IMG_1290_43e88d2f.png,39.95154166666666,-75.19043
data/images_converted/IMG_1292_43e88d2f.png,39.95155,-75.19043
data/images_converted/IMG_1293_43e88d2f.png,39.95157,-75.19041333333334
data/images_converted/IMG_1294_43e88d2f.png,39.95158333333333,-75.190405
data/images_converted/IMG_1295_43e88d2f.png,39.95158333333333,-75.190405
data/images_converted/IMG_1296_43e88d2f.png,39.951595,-75.190405
data/images_converted/IMG_1298_43e88d2f.png,39.95162,-75.1904
data/images_converted/IMG_1300_43e88d2f.png,39.95162,-75.1904
data/images_converted/IMG_1301_43e88d2f.png,39.951625,-75.19038333333333
data/images_converted/IMG_1303_43e88d2f.png,39.95165,-75.19038333333333
data/images_converted/IMG_1304_43e88d2f.png,39.95166166666667,-75.190375
data/images_converted/IMG_1306_43e88d2f.png,39.95168333333334,-75.19037
data/images_converted/IMG_1307_43e88d2f.png,39.95169166666667,-75.19036166666666
data/images_converted/IMG_1308_43e88d2f.png,39.95169666666666,-75.19036166666666
data/images_converted/IMG_1309_43e88d2f.png,39.95171166666667,-75.19035333333333
data/images_converted/IMG_1311_43e88d2f.png,39.95172833333334,-75.190345
data/images_converted/IMG_1312_43e88d2f.png,39.95173833333333,-75.190345
data/images_converted/IMG_1313_43e88d2f.png,39.95175333333334,-75.19033833333333
data/images_converted/IMG_1314_43e88d2f.png,39.951755,-75.19033833333333
data/images_converted/IMG_1315_43e88d2f.png,39.95176666666666,-75.19033833333333
data/images_converted/IMG_1316_43e88d2f.png,39.951775,-75.19033
data/images_converted/IMG_1317_43e88d2f.png,39.95178666666666,-75.19032166666666
data/images_converted/IMG_1318_43e88d2f.png,39.95179666666667,-75.19032166666666
data/images_converted/IMG_1319_43e88d2f.png,39.95179666666667,-75.19032166666666
data/images_converted/IMG_1320_43e88d2f.png,39.951805,-75.19032166666666
data/images_converted/IMG_1321_43e88d2f.png,39.95180833333333,-75.19031333333334
data/images_converted/IMG_1322_43e88d2f.png,39.95180833333333,-75.19031333333334
data/images_converted/IMG_1323_43e88d2f.png,39.95183666666667,-75.19030833333333
data/images_converted/IMG_1324_43e88d2f.png,39.95183666666667,-75.19030833333333
data/images_converted/IMG_1325_43e88d2f.png,39.951845,-75.19030833333333
data/images_converted/IMG_1326_43e88d2f.png,39.95184666666667,-75.1903
data/images_converted/IMG_1327_43e88d2f.png,39.95185833333333,-75.1903
data/images_converted/IMG_1328_43e88d2f.png,39.95187,-75.1903
data/images_converted/IMG_1329_43e88d2f.png,39.95188666666667,-75.19031333333334
data/images_converted/IMG_1330_43e88d2f.png,39.95188833333334,-75.19032166666666
data/images_converted/IMG_1331_43e88d2f.png,39.9519,-75.19032166666666
data/images_converted/IMG_1332_43e88d2f.png,39.95191666666667,-75.19033833333333
data/images_converted/IMG_1333_43e88d2f.png,39.95192166666666,-75.19033833333333
data/images_converted/IMG_1334_43e88d2f.png,39.95193,-75.190345
data/images_converted/IMG_1335_43e88d2f.png,39.95193,-75.190345
data/images_converted/IMG_1337_43e88d2f.png,39.95194666666666,-75.19032166666666
data/images_converted/IMG_1338_43e88d2f.png,39.95194666666666,-75.19032166666666
data/images_converted/IMG_1339_43e88d2f.png,39.95195333333334,-75.19030833333333
data/images_converted/IMG_1340_43e88d2f.png,39.95196166666667,-75.19030833333333
data/images_converted/IMG_1341_43e88d2f.png,39.95196166666667,-75.19030833333333
data/images_converted/IMG_1342_43e88d2f.png,39.95195833333333,-75.19030833333333
data/images_converted/IMG_1343_43e88d2f.png,39.95196666666666,-75.19030833333333
data/images_converted/IMG_1345_43e88d2f.png,39.95198833333333,-75.19030833333333
data/images_converted/IMG_1346_43e88d2f.png,39.95199666666667,-75.19031333333334
data/images_converted/IMG_1347_43e88d2f.png,39.95200833333333,-75.19031333333334
data/images_converted/IMG_1348_43e88d2f.png,39.95201333333333,-75.19030833333333
data/images_converted/IMG_1349_43e88d2f.png,39.952025,-75.1903
data/images_converted/IMG_1350_43e88d2f.png,39.95203833333333,-75.19030833333333
data/images_converted/IMG_1351_43e88d2f.png,39.95204166666667,-75.1903
data/images_converted/IMG_1353_43e88d2f.png,39.95205,-75.19027833333334
data/images_converted/IMG_1354_43e88d2f.png,39.95205333333333,-75.19027
data/images_converted/IMG_1355_43e88d2f.png,39.95206166666667,-75.19026166666667
data/images_converted/IMG_1356_43e88d2f.png,39.95206166666667,-75.19026166666667
data/images_converted/IMG_1357_43e88d2f.png,39.952075,-75.190255
data/images_converted/IMG_1358_43e88d2f.png,39.952075,-75.190255
data/images_converted/IMG_1359_43e88d2f.png,39.95208,-75.19024666666667
data/images_converted/IMG_1360_43e88d2f.png,39.95208333333333,-75.19024666666667
data/images_converted/IMG_1361_43e88d2f.png,39.952095,-75.19024666666667
data/images_converted/IMG_1362_43e88d2f.png,39.952105,-75.19024666666667
data/images_converted/IMG_1363_43e88d2f.png,39.95211333333334,-75.19024666666667
data/images_converted/IMG_1364_43e88d2f.png,39.95211666666667,-75.19023833333334
data/images_converted/IMG_1365_43e88d2f.png,39.95212166666666,-75.19023833333334
data/images_converted/IMG_1366_43e88d2f.png,39.95212166666666,-75.19023
data/images_converted/IMG_1368_43e88d2f.png,39.952125,-75.190225
data/images_converted/IMG_1369_43e88d2f.png,39.95213,-75.190225
data/images_converted/IMG_1370_43e88d2f.png,39.95213333333334,-75.19020833333333
data/images_converted/IMG_1371_43e88d2f.png,39.95213333333334,-75.1902
data/images_converted/IMG_1372_43e88d2f.png,39.952145,-75.190195
data/images_converted/IMG_1373_43e88d2f.png,39.952155,-75.1902
data/images_converted/IMG_1374_43e88d2f.png,39.95217166666666,-75.1902
data/images_converted/IMG_1376_43e88d2f.png,39.95218666666667,-75.1902
data/images_converted/IMG_1377_43e88d2f.png,39.95219666666667,-75.1902
data/images_converted/IMG_1378_43e88d2f.png,39.952205,-75.1902
data/images_converted/IMG_1379_43e88d2f.png,39.95222166666667,-75.1902
data/images_converted/IMG_1380_43e88d2f.png,39.95222166666667,-75.1902
data/images_converted/IMG_1381_43e88d2f.png,39.95222833333333,-75.19020833333333
data/images_converted/IMG_1382_43e88d2f.png,39.95222833333333,-75.19020833333333
data/images_converted/IMG_1384_43e88d2f.png,39.952255,-75.190195
data/images_converted/IMG_1385_43e88d2f.png,39.95227833333333,-75.190195
data/images_converted/IMG_1388_43e88d2f.png,39.952305,-75.190195
data/images_converted/IMG_1389_43e88d2f.png,39.95231166666667,-75.1902
data/images_converted/IMG_1390_43e88d2f.png,39.952325,-75.1902
data/images_converted/IMG_1391_43e88d2f.png,39.95234166666667,-75.19020833333333
data/images_converted/IMG_1392_43e88d2f.png,39.952355,-75.1902
data/images_converted/IMG_1394_43e88d2f.png,39.95237166666666,-75.190195
data/images_converted/IMG_1395_43e88d2f.png,39.95238666666667,-75.1902
data/images_converted/IMG_1396_43e88d2f.png,39.95239666666667,-75.190195
data/images_converted/IMG_1397_43e88d2f.png,39.95239666666667,-75.190195
data/images_converted/IMG_1399_43e88d2f.png,39.95243833333333,-75.1902
data/images_converted/IMG_1400_43e88d2f.png,39.95244666666667,-75.190195
data/images_converted/IMG_1401_43e88d2f.png,39.95245333333333,-75.19018666666666
data/images_converted/IMG_1402_43e88d2f.png,39.95245333333333,-75.19018666666666
data/images_converted/IMG_0353_702c952e.png,39.95161166666666,-75.191895
data/images_converted/IMG_0361_702c952e.png,39.95163,-75.19185
data/images_converted/IMG_0362_702c952e.png,39.95163,-75.19184166666666
data/images_converted/IMG_0365_702c952e.png,39.951625,-75.19184166666666
data/images_converted/IMG_0373_702c952e.png,39.95143666666667,-75.19174166666667
data/images_converted/IMG_0386_702c952e.png,39.95166666666667,-75.19176333333333
data/images_converted/IMG_0392_702c952e.png,39.95143,-75.19174166666667
data/images_converted/IMG_0401_702c952e.png,39.95143666666667,-75.19174166666667
data/images_converted/IMG_0444_702c952e.png,39.95122166666667,-75.19173333333333
data/images_converted/IMG_0447_702c952e.png,39.95121666666667,-75.19173333333333
data/images_converted/IMG_0452_702c952e.png,39.95121333333334,-75.19172833333333
data/images_converted/IMG_0476_702c952e.png,39.95118,-75.19171166666666
data/images_converted/IMG_0479_702c952e.png,39.95117,-75.19172
data/images_converted/IMG_0485_702c952e.png,39.95116166666666,-75.19172
data/images_converted/IMG_0486_702c952e.png,39.95116166666666,-75.19172
data/images_converted/IMG_0488_702c952e.png,39.951155,-75.19172
data/images_converted/IMG_0491_702c952e.png,39.951155,-75.19172
data/images_converted/IMG_0495_702c952e.png,39.951155,-75.19171166666666
data/images_converted/IMG_0500_702c952e.png,39.95110333333334,-75.19178833333334
data/images_converted/IMG_0505_702c952e.png,39.95104666666667,-75.19181166666667
data/images_converted/IMG_0514_702c952e.png,39.95103333333333,-75.19176333333333
data/images_converted/IMG_0521_702c952e.png,39.95102833333333,-75.19168
data/images_converted/IMG_0524_702c952e.png,39.95102833333333,-75.19162
data/images_converted/IMG_0532_702c952e.png,39.95140833333333,-75.19165833333334
data/images_converted/IMG_0545_702c952e.png,39.95113833333333,-75.19155
data/images_converted/IMG_0551_702c952e.png,39.95116333333333,-75.19155833333333
data/images_converted/IMG_0557_702c952e.png,39.95116333333333,-75.19155833333333
data/images_converted/IMG_0566_702c952e.png,39.95121666666667,-75.19158
data/images_converted/IMG_0567_702c952e.png,39.95121666666667,-75.19158
data/images_converted/IMG_0585_702c952e.png,39.95102,-75.191375
data/images_converted/IMG_0587_702c952e.png,39.95100333333333,-75.191345
data/images_converted/IMG_0591_702c952e.png,39.95153833333333,-75.19172833333333
data/images_converted/IMG_0594_702c952e.png,39.95153833333333,-75.19172833333333
data/images_converted/IMG_0601_702c952e.png,39.95102,-75.19161166666666
data/images_converted/IMG_0608_702c952e.png,39.95102,-75.19162833333333
data/images_converted/IMG_0614_702c952e.png,39.95103833333334,-75.19163666666667
data/images_converted/IMG_0615_702c952e.png,39.95104666666667,-75.19163666666667
data/images_converted/IMG_0618_702c952e.png,39.95105333333333,-75.19163666666667
data/images_converted/IMG_0622_702c952e.png,39.95108333333334,-75.19162
data/images_converted/IMG_0647_702c952e.png,39.951195,-75.19161166666666
data/images_converted/IMG_0660_702c952e.png,39.95119166666667,-75.19162833333333
data/images_converted/IMG_0673_702c952e.png,39.95142,-75.19173333333333
data/images_converted/IMG_0695_702c952e.png,39.95152166666666,-75.19170333333334
data/images_converted/IMG_0710_702c952e.png,39.951675,-75.19168833333333
data/images_converted/IMG_0712_702c952e.png,39.95169666666666,-75.19167166666666
data/images_converted/IMG_0716_702c952e.png,39.95175333333334,-75.19167166666666
data/images_converted/IMG_0730_702c952e.png,39.95194166666667,-75.19165
data/images_converted/IMG_0768_702c952e.png,39.95226666666667,-75.19172
data/images_converted/IMG_0785_702c952e.png,39.952075,-75.191605
data/images_converted/IMG_0798_702c952e.png,39.95192833333333,-75.19162833333333
data/images_converted/IMG_0847_702c952e.png,39.95151166666667,-75.19165
data/images_converted/IMG_0848_702c952e.png,39.95151333333333,-75.19165
data/images_converted/IMG_0851_702c952e.png,39.95151166666667,-75.19163666666667
data/images_converted/IMG_0852_702c952e.png,39.95151166666667,-75.19163666666667
data/images_converted/IMG_0874_702c952e.png,39.951425,-75.19163666666667
data/images_converted/IMG_0875_702c952e.png,39.95155333333334,-75.191545
data/images_converted/IMG_0877_702c952e.png,39.95155833333333,-75.19139166666666
data/images_converted/IMG_0884_702c952e.png,39.95152,-75.1913
data/images_converted/IMG_0896_702c952e.png,39.95152,-75.19117833333334
data/images_converted/IMG_0897_702c952e.png,39.95152,-75.19117833333334
data/images_converted/IMG_0921_702c952e.png,39.95149166666667,-75.19097833333333
data/images_converted/IMG_0926_702c952e.png,39.95147833333333,-75.190955
data/images_converted/IMG_0928_702c952e.png,39.95147166666667,-75.19094166666666
data/images_converted/IMG_0929_702c952e.png,39.95147,-75.19093333333333
data/images_converted/IMG_0932_702c952e.png,39.95145333333333,-75.19091666666667
data/images_converted/IMG_0933_702c952e.png,39.95145,-75.19091666666667
data/images_converted/IMG_0943_702c952e.png,39.95138,-75.19088
data/images_converted/IMG_0952_702c952e.png,39.95132833333334,-75.19082
data/images_converted/IMG_0959_702c952e.png,39.95129666666666,-75.19082
data/images_converted/IMG_0968_702c952e.png,39.951195,-75.19083333333333
data/images_converted/IMG_0975_702c952e.png,39.95111333333333,-75.19091166666666
data/images_converted/IMG_0978_702c952e.png,39.95106166666667,-75.19098666666666
data/images_converted/IMG_0984_702c952e.png,39.95100333333333,-75.19104666666667
data/images_converted/IMG_0996_702c952e.png,39.95096166666666,-75.19113833333333
data/images_converted/IMG_0997_702c952e.png,39.95095833333333,-75.19113833333333
data/images_converted/IMG_1006_702c952e.png,39.95097166666667,-75.19123
data/images_converted/IMG_1011_702c952e.png,39.95097166666667,-75.19131333333333
data/images_converted/IMG_1018_702c952e.png,39.95098833333333,-75.19141333333333
data/images_converted/IMG_1029_702c952e.png,39.95091666666666,-75.191405
data/images_converted/IMG_1041_702c952e.png,39.95101166666667,-75.19145833333333
data/images_converted/IMG_1050_702c952e.png,39.95090833333333,-75.19146666666667
data/images_converted/IMG_1051_702c952e.png,39.95090833333333,-75.19146666666667
data/images_converted/IMG_1053_702c952e.png,39.95091666666666,-75.191475
data/images_converted/IMG_1067_702c952e.png,39.95102166666667,-75.19155
data/images_converted/IMG_1078_702c952e.png,39.95103333333333,-75.19171166666666
data/images_converted/IMG_1081_702c952e.png,39.95102166666667,-75.19177166666667
data/images_converted/IMG_1089_702c952e.png,39.95103833333334,-75.19185
data/images_converted/IMG_1099_702c952e.png,39.95114166666666,-75.191855
data/images_converted/IMG_1100_702c952e.png,39.95115333333333,-75.191855
data/images_converted/IMG_1146_702c952e.png,39.95151166666667,-75.19146666666667
data/images_converted/IMG_1147_702c952e.png,39.9514,-75.19118666666667
data/images_converted/IMG_1232_702c952e.png,39.95150833333334,-75.19091666666667
data/images_converted/IMG_1247_702c952e.png,39.95147833333333,-75.19081166666666
data/images_converted/IMG_1254_702c952e.png,39.95146166666667,-75.190675
data/images_converted/IMG_1258_702c952e.png,39.95145333333333,-75.19068
data/images_converted/IMG_1279_702c952e.png,39.95143666666667,-75.19052166666667
data/images_converted/IMG_1297_702c952e.png,39.951605,-75.1904
data/images_converted/IMG_1299_702c952e.png,39.95162,-75.1904
data/images_converted/IMG_1302_702c952e.png,39.95164166666667,-75.19038333333333
data/images_converted/IMG_1305_702c952e.png,39.95167166666667,-75.190375
data/images_converted/IMG_1310_702c952e.png,39.95172833333334,-75.190345
data/images_converted/IMG_1336_702c952e.png,39.95193,-75.19033833333333
data/images_converted/IMG_1344_702c952e.png,39.95198,-75.19030833333333
data/images_converted/IMG_1352_702c952e.png,39.95205,-75.19029166666667
data/images_converted/IMG_1367_702c952e.png,39.95211666666667,-75.19023
data/images_converted/IMG_1375_702c952e.png,39.95217166666666,-75.1902
data/images_converted/IMG_1386_702c952e.png,39.95227833333333,-75.190195
data/images_converted/IMG_1387_702c952e.png,39.952295,-75.190195
data/images_converted/IMG_1393_702c952e.png,39.95236166666667,-75.190195
