url,source,category,headline
https://www.foxnews.com/media/klobuchar-suggests-voting-democrat-will-help-stop-hurricanes-thats-why-weve-got-win-this,fox,media,Amy Klobuchar suggests voting Democrat will help stop hurricanes: 'That's why we've got to win this'
https://www.nbcnews.com/select/shopping/valentines-day-gifts-him-ncna1288411,nbc,select,21+ best Valentine's Day gifts for men who are impossible to shop for (and will still arrive in time)
https://www.nbcnews.com/select/shopping/best-mattresses-side-sleepers-rcna163394,nbc,select,Are you a side sleeper? Here's what experts say to look for in a mattress
https://www.nbcnews.com/news/world/israel-hamas-war-gaza-death-toll-peace-negotiations-veterans-rcna131271,nbc,news,"As death toll mounts in Gaza, veterans of past negotiations weigh in on possibilities for peace"
https://www.foxnews.com/opinion/witness-dignity-what-i-experienced-barbara-bushs-bedside-in-her-final-days,fox,opinion,'Witness to Dignity': What I experienced at Barbara Bush's bedside in her final days
https://www.nbcnews.com/politics/donald-trump/trump-vows-free-jan-6-defendants-one-first-acts-elected-rcna142894,nbc,politics,Trump vows to 'free' Jan. 6 defendants as one of his first acts if elected
https://www.foxnews.com/us/rachel-morin-murder-maryland-police-discuss-potential-suspect-womans-mysterious-death.print,fox,us,"Rachel Morin murder: Maryland police tie crime scene DNA to Los Angeles assault, home invasion"
https://www.nbcnews.com/investigations/democrat-urges-biden-help-locals-fight-election-disinformation-rcna172952,nbc,investigations,Top Democrat urges Biden admin to do more to help local election officials fight a flood of disinformation
https://www.foxnews.com/tech/elon-musk-unveils-teslas-robovan-robotaxi-humanoid-robots,fox,tech,"Elon Musk unveils Tesla's Robovan, Robotaxi, humanoid robots"
https://www.foxnews.com/entertainment/harrison-ford-loves-being-old-despite-challenges.print,fox,entertainment,Harrison Ford loves being old despite challenges: 'I don't want to be young again'
https://www.nbcnews.com/politics/2024-election/kamala-harris-points-california-experience-criticizes-trump-asked-diff-rcna174893,nbc,politics,Harris points to California experience and criticizes Trump when asked how she would differ from Biden on border policy
https://www.nbcnews.com/news/world/israel-hamas-war-gaza-water-scarce-dehydration-warnings-unrwa-rcna162257,nbc,news,Clean water becomes an increasingly scarce resource in Gaza amid Israeli offensive
https://www.foxnews.com/lifestyle/spring-cleaning-forgotten-spaces-tips-tidying-home,fox,lifestyle,"10 spots you can't forget when you're spring cleaning, from an expert"
https://www.nbcnews.com/nbc-out/out-pop-culture/american-sports-story-nfl-patriots-aaron-hernandez-rcna171439,nbc,nbc-out,'American Sports Story' re examines the rise and fall of NFL star Aaron Hernandez
https://www.nbcnews.com/sports/nfl/vikings-sam-darnold-jared-goff-rcna175790,nbc,sports,Playing out this Sunday: A tale of two QBs nobody wanted
https://www.foxnews.com/us/north-carolina-sheriff-hunting-christmas-day-killer-knows-him-personally-warns-he-has-nothing-lose,fox,us,"North Carolina sheriff hunting 'Christmas Day Killer' knows him personally, warns he has 'nothing to lose'"
https://www.foxnews.com/entertainment/cher-hit-victorias-secret-runway-after-casting-controversy,fox,entertainment,Cher to hit Victoria's Secret runway after casting controversy
https://www.foxnews.com/entertainment/one-direction-singer-liam-payne-cause-death-revealed-preliminary-autopsy-report.print,fox,entertainment,One Direction singer Liam Payne's cause of death revealed in preliminary autopsy report
https://www.foxnews.com/media/trump-vows-end-all-sanctuary-cities-restore-normalcy-faulkner-focus-town-hall-female-voters,fox,media,"Trump vows to 'end all sanctuary cities,' restore 'normalcy' at 'Faulkner Focus' town hall with female voters"
https://www.nbcnews.com/science/environment/heat-one-arizona-county-played-role-645-deaths-last-year-rcna143274,nbc,science,Heat in one Arizona county played a role in 645 deaths last year
https://www.foxnews.com/media/kimmel-pokes-fun-walz-after-interview-gaffe-about-waking-up-november-6-madam-president,fox,media,Kimmel pokes fun at Walz after interview gaffe about 'waking up on November 6 with Madam President'
https://www.nbcnews.com/news/world/israel-hezbollah-war-nasrallah-airstrikes-hamas-gaza-assassinations-rcna173851,nbc,news,"Analysis: As war rages, some in Lebanon see opportunity in a weakened Hezbollah"
https://www.foxnews.com/media/barbara-walters-would-expect-kamala-harris-do-interviews-author-says.print,fox,media,"Barbara Walters would expect Kamala Harris to do interviews, author says: 'Part of the job of being president'"
https://www.foxnews.com/world/kerch-bridge-connecting-crimea-russia-fire-after-possible-fuel-tank-explosion-ukraine-media,fox,world,"Explosion rocks Kerch Bridge connecting Russia and Crimea, 3 dead: officials"
https://www.foxnews.com/politics/texas-dems-senate-ad-features-border-wall-he-once-blasted-racist,fox,politics,Texas Dem's Senate ad features border wall he once blasted as 'racist'
https://www.nbcnews.com/news/asian-america/soon-chung-park-worked-long-days-single-mom-bring-5-kids-korea-us-rcna514,nbc,news,Soon Chung Park worked long days as single mom to bring 5 kids from Korea to U.S.
https://www.nbcnews.com/politics/donald-trump/judge-sets-hearing-trump-co-defendants-romantic-relationship-allegatio-rcna134542,nbc,politics,Judge in Trump Georgia case sets hearing on accusations of misconduct by prosecutors as Fani Willis goes on attack
https://www.foxnews.com/politics/harris-slammed-pledging-millions-lebanon-north-carolina-suffers.print,fox,politics,Harris slammed for pledging millions to Lebanon as North Carolina suffers
https://www.foxnews.com/entertainment/eddie-van-halens-brother-wants-ai-complete-bands-unreleased-music,fox,entertainment,Eddie Van Halen's brother wants AI to complete the band's unreleased music
https://www.nbcnews.com/politics/congress/congress-get-enhanced-security-jan-6-2025-electoral-vote-count-rcna170747,nbc,politics,Congress to get beefed up security for electoral vote certification on Jan. 6
https://www.foxnews.com/world/hezbollah-watches-gaza-war-sparks-fear-additional-fronts-israel-defend,fox,world,Hezbollah watches on as Gaza war sparks fear of additional fronts for Israel to defend
https://www.foxnews.com/health/father-created-drug-save-his-son-from-rare-disease-now-other-families-desperate-get.print,fox,health,"Father created a drug to save his son from a rare disease, now other families are desperate to get it"
https://www.nbcnews.com/politics/justice-department/virginia-cop-thomas-robertson-jan-6-sentenced-7-years-prison-rcna42559,nbc,politics,Ex cop who stormed the Capitol on Jan. 6 sentenced to record tying 7 years in prison
https://www.foxnews.com/us/woke-california-prosecutor-ironically-charge-ethics-charged-felonies,fox,us,'Woke' California prosecutor 'ironically in charge of ethics' charged with felonies
https://www.nbcnews.com/select/shopping/best-diffusers-for-curly-hair-rcna142081,nbc,select,What experts want you to know about hair diffusers
https://www.nbcnews.com/news/world/ramadan-gaza-palestinians-israel-war-famine-rcna142785,nbc,news,"Ramadan in Gaza: Palestinians fast amid war, devastation and looming famine"
https://www.foxnews.com/travel/cedar-point-theme-park-unveils-record-breaking-tilt-roller-coaster-2025.print,fox,travel,Cedar Point theme park unveils record breaking 'tilt' roller coaster for 2025
https://www.foxnews.com/entertainment/lori-loughlin-college-admissions-scandal-case,fox,entertainment,Lori Loughlin's college admissions scandal case: Everything to know about it
https://www.nbcnews.com/politics/2024-election/conservatives-voter-fraud-hunting-tool-eagleai-cleta-mitchell-rcna97327,nbc,politics,Inside the right's effort to build a voter fraud hunting tool
https://www.foxnews.com/politics/doj-claims-cant-release-biden-hur-interview-due-threat-ai-deepfakes,fox,politics,DOJ claims it can't release Biden Hur interview due to threat of AI deepfakes
https://www.nbcnews.com/politics/jan-6-defendant-representing-questions-son-turned-fbi-rcna90621,nbc,politics,"Jan. 6 defendant, representing himself, questions son who turned him into the FBI"
https://www.nbcnews.com/news/world/donald-trump-vladimir-putin-covid-testing-devices-phone-calls-kremlin-rcna174632,nbc,news,Kremlin claims Trump sent Covid test machines to Putin
https://www.nbcnews.com/news/asian-america/shogun-emmys-wins-awards-2024-rcna171040,nbc,news,'Shogun' breaks record with 18 Emmy wins
https://www.nbcnews.com/politics/donald-trump/president-trump-wrong-mike-pence-rejects-claim-overturned-election-rcna14952,nbc,politics,'President Trump is wrong': Pence rejects claim he could have 'overturned the election'
https://www.nbcnews.com/news/world/why-jerusalem-s-ancient-past-once-again-battleground-its-future-n1112861,nbc,news,How Jerusalem's ancient past is the battleground for its future
https://www.foxnews.com/media/biden-says-harris-handled-everything-from-foreign-policy-domestic-policy-under-his-administration.print,fox,media,Biden says Harris handled 'everything from foreign policy to domestic policy' under his administration
https://www.nbcnews.com/news/world/live-blog/iran-attack-live-updates-rcna148136,nbc,news,Iran attack: Tehran warns of 'severe' retaliation to any new Israeli attack
https://www.foxnews.com/entertainment/liam-paynes-death-has-one-direction-creator-simon-cowell-feeling-empty,fox,entertainment,Liam Payne's death has One Direction creator Simon Cowell feeling 'empty'
https://www.nbcnews.com/politics/congress/chuck-schumer-calls-new-elections-israel-criticizing-netanyahus-leader-rcna143397,nbc,politics,"Chuck Schumer calls for new elections in Israel, criticizing Netanyahu's leadership"
https://www.foxnews.com/lifestyle/colorado-world-war-ii-veteran-celebrate-100th-birthday-month-pleased-serve-country,fox,lifestyle,Colorado World War II veteran to celebrate 100th birthday this month: 'Pleased to serve my country'
https://www.nbcnews.com/politics/2024-election/5-takeaways-walz-vance-presidential-debate-economy-health-care-defendi-rcna172591,nbc,politics,5 key takeaways from the VP debate between JD Vance and Tim Walz
https://www.foxnews.com/politics/debate-challenge-pressures-kamala-she-trump-trade-flip-flop-charges,fox,politics,Debate challenge: The pressure's on Kamala as she and Trump trade flip flop charges
https://www.foxnews.com/us/rachel-morin-mom-calls-out-biden-harris-ignoring-them-after-migrant-murder,fox,us,Rachel Morin's mom calls out Biden Harris for ignoring them after migrant murder
https://www.nbcnews.com/news/world/israels-netanyahu-faces-growing-pressure-gaza-plan-war-cabinet-rcna152953,nbc,news,Israel's Netanyahu faces growing pressure over Gaza plan from his own war Cabinet
https://www.nbcnews.com/politics/joe-biden/biden-chinas-xi-jinping-meet-effort-smooth-tensions-rcna124924,nbc,politics,Biden says 'real progress' was made after meeting with China's Xi Jinping
https://www.foxnews.com/world/israel-strikes-hezbollah-headquarters-beirut-idf-says,fox,world,Israel targets Hezbollah leader Nasrallah in strike on Beirut headquarters
https://www.foxnews.com/politics/scott-says-us-must-stand-shoulder-shoulder-israel-hamas-terror-attack,fox,politics,Scott says US must stand 'shoulder to shoulder' with Israel after Hamas terror attack: 'Never back down'
https://www.nbcnews.com/politics/justice-department/new-covid-fraud-prosecutor-steps-effort-convict-people-stole-billions-rcna19536,nbc,politics,New Covid fraud prosecutor steps up effort to convict people who stole billions in relief benefits
https://www.foxnews.com/entertainment/denise-richards-says-losing-out-lead-role-90s-cult-classic-blessing.print,fox,entertainment,Denise Richards says losing out on lead role of '90s cult classic was a 'blessing'
https://www.foxnews.com/us/3-workers-remain-hospitalized-collapse-closed-bridge-rural-mississippi-killed-co-workers,fox,us,3 workers remain hospitalized after collapse of closed bridge in rural Mississippi killed co workers
https://www.nbcnews.com/select/shopping/how-to-clean-water-bottle-rcna136195,nbc,select,You should be cleaning your reusable water bottle every single day
https://www.foxnews.com/politics/florida-supreme-court-approves-abortion-ballot-initiative-upholding-15-week-ban,fox,politics,Florida Supreme Court approves abortion ballot initiative while upholding 15 week ban
https://www.foxnews.com/lifestyle/texas-woman-accidentally-swallows-partial-dentures-how-medical-team-saved,fox,lifestyle,"Texas woman accidentally swallows partial dentures, here's how a medical team saved the day"
https://www.nbcnews.com/news/world/dozens-killed-israel-strikes-al-mawasi-hamas-mohamed-deif-rcna161692,nbc,news,At least 90 killed in Israeli military operation targeting two Hamas officials
https://www.foxnews.com/media/walzs-lack-media-exposure-hurt-him-debate-commentators-admit-out-practice,fox,media,"Walz's lack of media exposure hurt him in debate, commentators admit: 'Out of practice'"
https://www.nbcnews.com/meet-the-press/first-read/defeat-ohios-abortion-proxy-war-another-red-flag-gop-rcna98962,nbc,meet-the-press,Defeat in Ohio's abortion proxy war another red flag for GOP
https://www.foxnews.com/politics/trump-reveals-which-us-rival-his-first-phone-call-re-elected.print,fox,politics,Trump reveals which US rival will be his first phone call if re elected
https://www.foxnews.com/media/view-co-host-joy-behar-begs-republicans-vote-democratic-party-just-one-time.print,fox,media,'The View' co host Joy Behar begs Republicans to vote for Democratic Party: 'Just do it this one time'
https://www.nbcnews.com/meet-the-press/meet-press-may-12-2024-n1309747,nbc,meet-the-press,"Meet the Press May 12, 2024"
https://www.nbcnews.com/news/world/italy-drought-ww2-bomb-water-river-po-rcna41965,nbc,news,WWII bomb revealed in drought hit waters of Italy's River Po
https://www.foxnews.com/lifestyle/eye-spy-problem-california-doctor-removes-23-contact-lenses-womans-eye,fox,lifestyle,Eye spy a big problem: California doctor removes 23 contact lenses from one woman's eye
https://www.foxnews.com/lifestyle/app-crash-lent-leads-hallow-ceo-hear-god-saying-give-up-let-me-handle,fox,lifestyle,"App crash during Lent leads Hallow CEO to hear God say, 'Give up and let me handle it'"
https://www.foxnews.com/entertainment/liam-paynes-one-direction-bandmate-shares-heartbreaking-final-moments-together-argentina,fox,entertainment,Liam Payne's One Direction bandmate shares 'heartbreaking' final moments together in Argentina
https://www.nbcnews.com/select/shopping/best-hair-straightener-brushes-ncna1279216,nbc,select,How effective are hair straightening brushes?
https://www.foxnews.com/politics/reports-biden-white-house-sharing-sensitive-hamas-intel-draws-outrage,fox,politics,Reports of Biden White House keeping 'sensitive' Hamas intel from Israel draws outrage
https://www.nbcnews.com/news/nbcblk/best-natural-hair-products-cleansers-styling-treatments-n1097906,nbc,news,"The 12 best products for natural hair, according to hair stylists"
https://www.foxnews.com/politics/judge-blocks-ny-ag-letitia-james-silence-pregnancy-centers-promote-abortion-pill-reversal.print,fox,politics,Judge blocks NY AG Letitia James from trying to silence pregnancy centers that promote abortion pill reversal
https://www.foxnews.com/lifestyle/meet-american-invented-buffalo-wing-disrupted-chicken-industry,fox,lifestyle,"Meet the American who invented Buffalo wings, disrupted entire chicken industry"
https://www.foxnews.com/sports/virginia-head-coach-tony-bennett-suddenly-retiring-just-weeks-before-season-starts,fox,sports,"Virginia head coach Tony Bennett suddenly retiring, just weeks before season starts"
https://www.nbcnews.com/politics/justice-department/2-russian-intel-officers-charged-hacking-us-british-government-agencie-rcna128569,nbc,politics,2 Russian intel officers charged with hacking into U.S. and British government agencies
https://www.foxnews.com/politics/rfk-jr-remains-thorn-bidens-side-2024-polls-show-kennedy-holding-sizable-chunk-dem-voters,fox,politics,RFK Jr. remains thorn in Biden's side as 2024 polls show Kennedy holding onto sizable chunk of Dem voters
https://www.nbcnews.com/think/opinion/bolton-s-book-suggests-trump-corruption-runs-deep-worse-republicans-ncna1231814,nbc,think,Opinion Bolton's book is depressing on so many levels here's what hurts the most
https://www.foxnews.com/us/ivy-league-students-anti-israel-protests-spiral-actual-terror-organization-professor-warns,fox,us,"Ivy League anti Israel agitators' protests spiral into 'actual terror organization,' professor warns"
https://www.foxnews.com/entertainment/top-gun-maverick-star-glen-powell-affair-rumors-co-star-sydney-sweeney,fox,entertainment,'Top Gun: Maverick' star Glen Powell addresses affair rumors with co star Sydney Sweeney
https://www.foxnews.com/entertainment/one-directions-liam-payne-joins-long-list-musicians-who-died-young-amid-addiction-battles,fox,entertainment,One Direction's Liam Payne joins long list of musicians who died young amid addiction battles
https://www.foxnews.com/media/harris-mocked-taking-less-than-2-minutes-questions-after-18-days-this-best-kamala-could-do.print,fox,media,Harris mocked for taking less than 2 minutes of questions after 18 days: 'This is the best Kamala could do?'
https://www.nbcnews.com/politics/congress/trump-received-78-million-payments-foreign-governments-president-repor-rcna132276,nbc,politics,"Trump received at least $7.8 million in payments from foreign governments as president, House Democrats say"
"https://www.foxnews.com/us/trump-assassination-attempt-suspects-former-neighbor-says-family-weird-kept-horse-house#&_intcmp=fnhpbt1,hp1bt",fox,us,"Trump assassination attempt suspect's former neighbor says family was 'weird,' kept a 'horse in the house'"
https://www.foxnews.com/politics/fema-has-funds-needed-immediate-response-recovery-despite-mayorkas-warning,fox,politics,"FEMA has funds needed for 'immediate response and recovery,' despite Mayorkas' warning"
https://www.foxnews.com/us/anti-israel-demonstrations-continue-near-dnc-3rd-night-crowds-gather-larger-numbers,fox,us,Anti Israel demonstrations continue near DNC for 3rd night as crowds gather in larger numbers
https://www.nbcnews.com/news/world/psychological-impact-gaza-war-8-year-old-loses-hair-rcna168939,nbc,news,"'Psychologically broken,' 8 year old Sama loses her hair"
https://www.nbcnews.com/news/world/israel-united-arab-emirates-agree-full-normalization-relations-n1236606,nbc,news,"Israel, United Arab Emirates agree to full normalization of relations"
https://www.foxnews.com/lifestyle/praying-rosary-understanding-tradition-helps-catholics-meditate-jesus-mother-mary,fox,lifestyle,Praying the rosary: Understanding the tradition that helps Catholics meditate on Jesus and Mother Mary
https://www.nbcnews.com/select/shopping/best-hair-beard-trimmer-men-ncna1184431,nbc,select,These expert recommend beard trimmers are versatile and long lasting
https://www.nbcnews.com/science/environment/noaa-hurriane-forecast-high-rcna153161,nbc,science,NOAA issues highest ever early forecast for the coming hurricane season
https://www.foxnews.com/world/jews-under-siege-trudeaus-canada-soaring-antisemitism,fox,world,Jews 'under siege' in Trudeau's Canada amid soaring antisemitism
https://www.foxnews.com/us/los-angeles-hit-run-driver-who-plowed-into-mom-baby-stolen-car-murdered-after-light-sentence,fox,us,Los Angeles hit and run driver who plowed into mom and baby in stolen car is murdered after light sentence
https://www.foxnews.com/media/the-view-host-attacks-brittany-mahomes-indicating-support-trump-shes-interracial-marriage,fox,media,'The View' host attacks Brittany Mahomes for indicating support for Trump: 'She's in an interracial marriage'
https://www.foxnews.com/health/home-hospital-care-brings-phenomenal-benefits-patients-providers-study,fox,health,"Home hospital care brings 'phenomenal' benefits to patients and providers, study finds"
https://www.foxnews.com/entertainment/sydney-sweeney-unrecognizable-channels-famous-athlete-upcoming-role,fox,entertainment,Sydney Sweeney is unrecognizable as she channels famous athlete for upcoming role
https://www.foxnews.com/us/delphi-murders-trial-suspect-richard-allen-attorneys-make-stunning-revelation-about-hair-crime-scene,fox,us,Delphi murders trial: Suspect Richard Allen's attorneys make stunning revelation about hair at crime scene
https://www.nbcnews.com/news/world/israel-sets-goal-doubling-number-jewish-settlers-golan-heights-rcna10029,nbc,news,Israel sets goal of doubling number of Jewish settlers on Golan Heights
https://www.foxnews.com/us/trans-child-molester-sentenced-killing-friend-rock-fight-over-100,fox,us,Trans child molester sentenced for killing friend with a rock in fight over $100
https://www.foxnews.com/media/howard-stern-says-he-hates-anyone-votes-trump-they-stupid-i-have-no-respect-them.print,fox,media,"Howard Stern says he 'hates' anyone that votes for Trump: 'They are stupid, I have no respect for them'"
https://www.nbcnews.com/news/latino/puerto-rico-sees-more-pain-little-progress-three-years-after-n1240513,nbc,news,"On Hurricane Maria's third anniversary, Puerto Rico sees more pain and little progress"
https://www.foxnews.com/media/harris-dodges-question-lowering-prices-describing-middle-class-roots-neighbors-proud-lawn.print,fox,media,Harris dodges question on lowering prices by describing 'middle class' roots: Neighbors 'proud of their lawn'
https://www.foxnews.com/media/rfk-jr-shrugs-off-biden-family-corruption-allegations-wont-spear-tip-campaign,fox,media,RFK Jr. shrugs off Biden family corruption allegations: Won't be a 'spear tip to my campaign'
https://www.foxnews.com/opinion/5-california-taxes-kamala-harris-could-use-crush-middle-class,fox,opinion,5 California taxes Kamala Harris could use to crush the middle class
https://www.foxnews.com/politics/progressive-dem-slams-squad-members-reprehensible-repulsive-response-hamas-attack-israel,fox,politics,Progressive Dem slams 'reprehensible and repulsive' response to Hamas attack on Israel after 'Squad' remarks
https://www.foxnews.com/us/coast-guard-helps-rescue-hawaii-17-year-old-who-spent-nearly-12-hours-treading-water-clinging-kayak.print,fox,us,Coast Guard helps rescue Hawaii 17 year old who spent 'nearly 12 hours treading water and clinging to kayak'
https://www.foxnews.com/media/wapo-columnist-called-sycophantic-defense-kamala-harris-refusing-see-reality,fox,media,WaPo columnist called out for 'sycophantic' defense of Kamala Harris: 'Refusing to see reality'
https://www.nbcnews.com/news/world/icj-united-nations-israel-settlement-violate-international-law-rcna162667,nbc,news,"Israeli settlements violate international law, U.N.'s top court says in a landmark opinion"
https://www.nbcnews.com/news/world/india-election-results-narendra-modi-rcna154839,nbc,news,"India hands PM Modi a surprise setback, with his majority in doubt"
https://www.foxnews.com/us/remains-of-kansas-priest-who-died-in-korean-war-identified.print,fox,us,Remains of Kansas Priest Who Died in Korean War Identified
https://www.foxnews.com/media/biden-shredded-issuing-first-veto-presidency-protect-esg-liar,fox,media,Biden shredded after issuing first veto of his presidency to protect ESG: 'Such a liar'
https://www.nbcnews.com/news/world/israeli-leaders-discussed-arafat-style-ship-exit-hamas-leader-rcna137295,nbc,news,Israeli leaders have discussed an Arafat style exit for Hamas leader Yahya Sinwar
https://www.foxnews.com/health/mens-energy-vitality-plummets-6-reasons-boost-back,fox,health,Men's energy and vitality plummets for 6 reasons. Boost it back up this way
https://www.foxnews.com/travel/summer-vacation-ideas-still-time-6-spots-consider,fox,travel,Summer vacation ideas while there's still time: Here are 6 smart spots to consider
https://www.foxnews.com/politics/biden-endorses-kamala-harris-after-bowing-out-2024-race,fox,politics,Biden endorses Kamala Harris after bowing out of 2024 race
https://www.nbcnews.com/news/world/helicopter-carrying-irans-president-suffers-hard-landing-state-tv-says-rcna152961,nbc,news,Iranian President Ebrahim Raisi is confirmed dead in helicopter crash
https://www.nbcnews.com/news/world/putin-xi-agree-deepen-partnership-russia-advances-ukraine-war-rcna152528,nbc,news,Putin and Xi vow to deepen 'no limits' partnership as Russia advances in Ukraine
https://www.nbcnews.com/tech/tech-news/watermark-deepfake-solution-ai-misinformation-cant-stop-de-rcna137370,nbc,tech,Why AI watermarks miss the mark in preventing misinformation
https://www.foxnews.com/entertainment/tyra-banks-defends-olivia-jade-dancing-with-the-stars,fox,entertainment,Tyra Banks defends Olivia Jade being on 'Dancing with the Stars' Season 30
https://www.nbcnews.com/politics/justice-department/jan-6-rioter-heart-trump-hat-confederate-flag-gets-prison-assaults-off-rcna148840,nbc,politics,Jan. 6 rioter with 'I heart TRUMP' hat and a Confederate flag gets prison for assaults on officers
https://www.foxnews.com/lifestyle/new-york-city-man-lived-constitution-year-here-7-things-he-learned.print,fox,lifestyle,New York City man 'lived' the Constitution for a year. Here are 7 things he learned
https://www.nbcnews.com/select/shopping/best-valentines-day-gifts-2024-ncna1302844,nbc,select,These are the best Valentine's Day gifts for everyone you love
https://www.foxnews.com/travel/airline-passengers-could-removed-flights-going-barefoot-etiquette-expert-weighs,fox,travel,Airline passengers could be removed from flights for going barefoot: Etiquette expert weighs in
https://www.nbcnews.com/news/man-arrested-trump-rally-denies-was-trying-assassinate-former-presiden-rcna175296,nbc,news,Man arrested near Trump rally denies he was trying to assassinate the former president
https://www.foxnews.com/food-drink/pennsylvania-family-sickened-after-eating-toxic-mushrooms-expected-recover.print,fox,food-drink,Pennsylvania family sickened after eating toxic mushrooms expected to recover
https://www.foxnews.com/politics/democratic-heavyweights-speak-partys-convention-preparing-large-palestinian-protests,fox,politics,Democratic heavyweights to speak at party's convention; preparing for large Palestinian protests
https://www.nbcnews.com/health/health-news/hospitals-take-steps-conserve-iv-fluid-supply-helene-strikes-critical-rcna173861,nbc,health,Hospitals take steps to conserve IV fluid supply after Helene strikes critical factory
https://www.foxnews.com/lifestyle/lemon-chicken-spaghetti-creamy-alfredo-sauce-recipe,fox,lifestyle,Lemon chicken spaghetti with creamy alfredo sauce: Try the recipe
https://www.foxnews.com/politics/feel-betrayed-top-conservative-group-blasts-vulnerable-dems-inflation-multimillion-dollar-ad-blitz,fox,politics,'Feel betrayed': Top conservative group blasts vulnerable Dems on inflation in multimillion dollar ad blitz
https://www.foxnews.com/media/skipping-super-bowl-sit-down-twice-biden-continues-months-long-streak-avoiding-serious-news-interviews,fox,media,"Skipping the Super Bowl sit down twice, Biden continues months long streak of avoiding serious interviews"
https://www.foxnews.com/tech/tech-tricks-make-life-better-safer-easier,fox,tech,"20 tech tricks to make life better, safer or easier"
https://www.nbcnews.com/politics/arizona-governor-signs-repeal-1864-abortion-ban-rcna150364,nbc,politics,Arizona Gov. Katie Hobbs signs repeal of 1864 abortion ban
https://www.nbcnews.com/politics/donald-trump/trump-focuses-harris-race-black-jobs-combative-panel-black-journalists-rcna164271,nbc,politics,Trump falsely accuses Harris of deciding to 'turn Black' during a combative panel with Black journalists
https://www.foxnews.com/politics/rfk-jr-corporate-media-attacked-more-president-trump,fox,politics,RFK Jr says 'corporate media' has attacked him 'even more than President Trump'
https://www.nbcnews.com/health/health-news/opioid-overdose-antidote-narcan-will-widely-available-counter-week-rcna101611,nbc,health,Opioid overdose antidote Narcan will be widely available over the counter next week
https://www.nbcnews.com/news/latino/cubas-president-blasting-us-embargo-takes-blame-protests-rcna1429,nbc,news,"Cuba's president, while blasting U.S. embargo, takes some blame amid protests"
https://www.foxnews.com/media/tom-cotton-turns-tables-cnns-dana-bash-guns-brings-up-harris-past-remarks-school-shootings,fox,media,"Tom Cotton turns tables on CNN's Dana Bash on guns, brings up Harris' past remarks on school shootings"
https://www.foxnews.com/us/search-missing-texas-mom-suzanne-simpson-leads-san-antonio-landfill,fox,us,Search for missing Texas mom Suzanne Simpson leads to San Antonio landfill
https://www.nbcnews.com/news/weather/heavy-rain-rare-flooding-dubai-middle-east-rcna148056,nbc,news,Record floods hit desert city Dubai
https://www.nbcnews.com/politics/justice-department/jan-6-rioter-electroshocked-dc-officer-michael-fanone-sentenced-125-ye-rcna89388,nbc,politics,Jan. 6 rioter who electroshocked Michael Fanone shouts 'Trump won' after he's sentenced to 121⁄2 years
https://www.nbcnews.com/politics/congress/republicans-block-another-vote-ivf-protections-harris-makes-2024-issue-rcna171463,nbc,politics,Republicans block another vote on IVF protections as Harris makes it a 2024 issue
https://www.foxnews.com/politics/key-pa-region-sees-waitlist-trump-signs-lawmaker-says-voters-ready-reverse-dem-policies.print,fox,politics,Key Pennsylvania region sees 'waitlist' for Trump signs; lawmaker says voters ready to reverse Dem policies
https://www.nbcnews.com/politics/donald-trump/after-acquitting-trump-mcconnell-slams-him-disgraceful-dereliction-duty-n1257900,nbc,politics,"After acquitting Trump, McConnell slams him for a 'disgraceful dereliction of duty'"
https://www.nbcnews.com/politics/2024-election/-are-underdogs-harris-introduces-running-mate-walz-coach-veteran-prote-rcna165350,nbc,politics,"'We are the underdogs': Harris introduces running mate Walz as a coach, veteran and protector of reproductive rights"
https://www.nbcnews.com/politics/2024-election/trump-bernie-moreno-ohio-gop-senate-primary-rcna142861,nbc,politics,Trump plays attack dog for Bernie Moreno as Ohio's GOP Senate primary ends on a vicious note
https://www.foxnews.com/entertainment/olivia-jade-giannulli-publicly-shamed-lori-loughlin-mossimo-giannulli-scandal,fox,entertainment,"Olivia Jade Giannulli recalls being 'publicly shamed' for Lori Loughlin, Mossimo Giannulli's scandal"
https://www.foxnews.com/media/nyt-msnbc-pbs-journalists-pressed-how-covered-bidens-age-we-probably-need-do-soul-searching.print,fox,media,"NYT, MSNBC, PBS journalists pressed on how they covered Biden's age: We probably need to do 'soul searching'"
https://www.foxnews.com/politics/elizabeth-warren-warns-dems-stand-firm-tax-hikes-fight-looms-over-trump-era-cuts,fox,politics,Elizabeth Warren warns Dems to stand firm on tax hikes as fight looms over Trump era cuts
https://www.nbcnews.com/politics/2024-election/trump-turns-political-event-surreal-listening-party-rcna175442,nbc,politics,Trump turns political event into surreal listening party
https://www.foxnews.com/media/educators-warn-antisemitic-outbreak-college-campuses-tone-deafness-faculty-students,fox,media,"Educators warn of antisemitic 'outbreak' on college campuses, denounce 'tone deafness' of faculty and students"
https://www.foxnews.com/lifestyle/air-travel-made-better-20-rules-airplane-etiquette-no-one-ever-tells-you-should,fox,lifestyle,Air travel made better: 20 rules of airplane etiquette no one ever tells you (but should)
https://www.foxnews.com/lifestyle/meet-american-who-founded-pepperidge-farm.print,fox,lifestyle,"Meet the American who founded Pepperidge Farm, baker and businessmom Margaret Rudkin"
https://www.foxnews.com/politics/one-year-after-hezbollah-strikes-israel-reinforces-troops-questions-mount-over-limited-operation.print,fox,politics,"1 year after Hezbollah strikes, Israel reinforces troops and questions mount over 'limited' operation"
https://www.foxnews.com/lifestyle/d-day-battle-sites-every-american-should-see-invasion-fascination-millions-normandy,fox,lifestyle,D Day battle sites every American should see as epic invasion fascination draws millions to Normandy
https://www.nbcnews.com/politics/politics-news/dc-police-officer-died-suicide-jan-6-riot-declared-line-duty-death-rcna19433,nbc,politics,D.C. police officer's suicide after Jan. 6 riot declared line of duty death
https://www.nbcnews.com/politics/2024-election/ted-cruz-colin-allred-texas-senate-debate-rcna175115,nbc,politics,"Ted Cruz and Colin Allred clash over abortion, trans athletes and Jan. 6 in feisty Texas Senate debate"
https://www.nbcnews.com/select/shopping/best-hair-brushes-combs-rcna122377,nbc,select,"How to pick the best brush or comb, depending on your hair type"
https://www.foxnews.com/politics/dems-look-force-votes-emergency-abortion-abortion-pill-deaths-make-headlines,fox,politics,Dems look to force votes on emergency abortion as abortion pill deaths make headlines
https://www.nbcnews.com/politics/2024-election/harris-walz-win-make-minnesotas-peggy-flanagan-first-native-american-rcna165389,nbc,politics,Harris Walz win would make Minnesota's Peggy Flanagan first Native American female governor
https://www.foxnews.com/politics/conservative-super-pac-unleashes-7-figure-push-early-voting-key-senate-race,fox,politics,'Thrilled to endorse': Conservative super PAC unleashes 7 figure push for early voting in key Senate race
https://www.nbcnews.com/news/world/iranian-president-ebrahim-raisi-dead-63-helicopter-cras-rcna152967,nbc,news,"Iranian President Ebrahim Raisi, known for brutal crackdowns against political opposition, dies at 63"
https://www.nbcnews.com/news/world/north-koreas-kim-enjoys-russian-luxury-limousine-gifted-putin-two-nati-rcna143710,nbc,news,North Korea's Kim enjoys a Russian luxury limousine gifted by Putin as the two nations expand ties
https://www.nbcnews.com/politics/2022-election/far-right-election-denier-mastriano-wins-gop-race-governor-pennsylvani-rcna29136,nbc,politics,Far right election denier Mastriano wins GOP race for governor in Pennsylvania
https://www.nbcnews.com/select/shopping/gaiam-balance-disc-wobble-cushion-ncna1244965,nbc,select,How one podcast producer improved her sitting posture for about $20
https://www.nbcnews.com/news/us-news/charges-beverly-hills-attack-jewish-couple-amount-life-prison-rcna129432,nbc,news,Charges in Beverly Hills attack on Jewish couple could amount to life in prison
https://www.nbcnews.com/politics/donald-trump/tanya-chutkan-judge-assigned-trumps-election-case-rcna97852,nbc,politics,"Who is Tanya Chutkan, the judge assigned to Trump's election case?"
https://www.foxnews.com/media/meta-claims-another-error-after-conservative-colleges-second-complaint-about-facebook-treatment,fox,media,Meta claims another 'error' after conservative college's second complaint about Facebook treatment
https://www.nbcnews.com/news/world/china-hamas-fatah-palestinian-unity-middle-east-diplomacy-rcna162825,nbc,news,China raises Middle East diplomatic ambitions with talks between Hamas and rival Fatah
https://www.nbcnews.com/politics/politics-news/gop-sen-lamar-alexander-key-impeachment-vote-reveal-decision-witnesses-n1127056,nbc,politics,"GOP Sen. Lamar Alexander, a key impeachment swing vote, says he will vote against witnesses"
https://www.foxnews.com/lifestyle/this-day-history-november-6-1984-ronald-reagan-wins-re-election-white-house-landslide.print,fox,lifestyle,"On this day in history, November 6, 1984, Ronald Reagan wins re election to the White House by a landslide"
https://www.foxnews.com/us/alabama-executes-man-killed-5-drug-fueled-rampage.print,fox,us,Alabama executes man who killed 5 in drug fueled rampage
https://www.foxnews.com/entertainment/bruce-willis-wife-emma-heming-struggles-guilt-deals-dementia-diagnosis,fox,entertainment,Bruce Willis' wife Emma Heming struggles with 'guilt' as she deals with his dementia diagnosis
https://www.nbcnews.com/news/world/live-blog/israel-hamas-war-live-updates-rcna138259,nbc,news,Israel rescues 2 hostages; IDF launches airstrikes on Rafah despite global concern
https://www.nbcnews.com/news/us-news/delphi-murders-trial-richard-allen-used-power-fear-kill-teen-victims-p-rcna176090,nbc,news,"Delphi murders trial: Richard Allen used power and fear to kill teen victims, prosecutors say"
https://www.nbcnews.com/select/shopping/amazon-wellness-awards-products-2024-rcna145473,nbc,select,We tried hundreds of products for our Wellness Awards. These are the winners available to shop on Amazon.
https://www.nbcnews.com/politics/2020-election/wisconsin-supreme-court-overrules-governor-says-election-should-proceed-tuesday-n1177961,nbc,politics,Democrats warn people will die as courts rule Wisconsin's election on for Tuesday
https://www.nbcnews.com/meet-the-press/meetthepressblog/eyes-2024-trumps-abortion-blame-game-rcna64011,nbc,meet-the-press,Eyes on 2024: Trump's abortion blame game
https://www.foxnews.com/media/liberals-rage-over-cnns-disgusting-trump-town-hall-insanity-pulled-f-ing-air,fox,media,Liberals rage over CNN's 'disgusting' Trump town hall: 'This insanity should be pulled off the f ing air'
https://www.foxnews.com/politics/sen-john-fetterman-makes-prediction-trump-harris-debate-going-close,fox,politics,Sen. John Fetterman makes prediction for Trump and Harris debate: 'It's going to be close'
https://www.nbcnews.com/politics/justice-department/jan-6-participant-identified-nearly-two-years-ago-arrested-obama-resid-rcna91915,nbc,politics,"Jan. 6 participant, identified nearly two years ago, is arrested near Obama home"
https://www.nbcnews.com/select/shopping/body-wash-sensitive-skin-rcna126240,nbc,select,When to use a soap free body wash
https://www.foxnews.com/sports/jets-offensive-coordinator-nathaniel-hackett-stripped-play-calling-duties-shake-up-continues,fox,sports,Jets offensive coordinator Nathaniel Hackett stripped of play calling duties as shake up continues
https://www.foxnews.com/politics/kamala-harris-supported-defund-police-2020-radio-interview-before-biden-campaign-said-otherwise,fox,politics,"Kamala Harris supported 'Defund the police' in 2020 radio interview, before Biden campaign said otherwise"
https://www.nbcnews.com/select/shopping/best-pet-hair-removal-tools-ncna1266293,nbc,select,The best ways to keep your home free of pet hair
https://foxnews.com/politics/trump-harris-trade-barbs-crime-during-first-presidential-debate-through-roof,fox,politics,"Trump, Harris trade barbs on crime during first presidential debate: 'Through the roof'"
https://www.foxnews.com/media/harris-campaign-refuses-sign-off-muted-mic-debate-rules-still-in-discussions-abc,fox,media,Harris campaign refuses to sign off on muted mic debate rules: Still 'in discussions' with ABC
https://www.foxnews.com/opinion/vance-vs-walz-think-vp-debates-dont-matter-just-look-6-examples,fox,opinion,Vance vs. Walz: Think VP debates don't matter? Just look at these 6 examples
https://www.nbcnews.com/news/asian-america/korean-adoptees-adoption-fraud-rcna172247,nbc,news,"Adoption fraud was widespread for many South Koreans adopted into Western countries, AP finds"
https://www.foxnews.com/politics/schumer-calls-for-new-israeli-leader-to-replace-netanyahu-in-senate-floor-speech,fox,politics,Schumer calls for new Israeli leader to replace Netanyahu in Senate floor speech
https://www.foxnews.com/us/watch-florida-police-officers-lift-car-off-man-trapped-underneath.print,fox,us,WATCH: Florida police officers lift car off man trapped underneath 'somebody pull him out!'
https://www.foxnews.com/media/columbia-celebrates-alleged-terrorists-campus-memorial-journalists-killed-gaza-report,fox,media,Columbia celebrates 'alleged terrorists' with on campus memorial to 'journalists' killed in Gaza: report
https://www.foxnews.com/world/israel-defense-forces-confirm-targeted-strike-beirut,fox,world,Israel Defense Forces confirm 'targeted strike' on Beirut
https://www.nbcnews.com/news/world/invented-butter-chicken-court-india-will-decide-rcna153870,nbc,news,Who invented butter chicken? A court in India will decide
https://www.nbcnews.com/news/world/americans-imprisoned-iran-prisoner-exchange-deal-rcna99105,nbc,news,Americans moved to Iran house arrest in planned prisoner swap
https://www.foxnews.com/media/ex-cnn-host-brian-stelter-doesnt-know-reliable-sources-canceled.print,fox,media,Ex CNN host Brian Stelter says he still doesn't know why 'Reliable Sources' was canceled
https://www.nbcnews.com/news/world/mahsa-amini-death-iran-morality-police-protests-coroner-report-rcna51169,nbc,news,"Mahsa Amini did not die from blows to body, Iranian coroner says amid widespread protests"
https://www.nbcnews.com/politics/congress/sen-ted-cruz-comes-under-fire-after-photos-purportedly-show-n1258249,nbc,politics,'Obviously a mistake': Sen. Ted Cruz says he regrets going to Cancún while Texans froze
https://www.foxnews.com/world/israeli-american-reservist-killed-hezbollah-missile-israel-idf-says,fox,world,"Israeli American reservist killed by Hezbollah missile in Israel, IDF says"
https://www.nbcnews.com/politics/2024-election/biden-says-election-will-free-fair-dont-know-whether-will-peaceful-rcna174084,nbc,politics,"Biden says the election will be 'free and fair,' but 'I don't know whether it will be peaceful'"
https://www.foxnews.com/entertainment/ozzy-osbourne-admits-taking-antidepressants-effect-bedroom,fox,entertainment,Ozzy Osbourne admits taking antidepressants had an effect in the bedroom
https://www.foxnews.com/media/james-carville-warns-biden-every-time-he-listens-left-hes-screwed,fox,media,"James Carville warns Biden every time he listens to the left, he's 'screwed'"
https://www.nbcnews.com/politics/2024-election/mark-robinson-vows-stay-north-carolina-governor-race-cnn-report-rcna171860,nbc,politics,Mark Robinson vows to stay in N.C. governor's race following report he made inflammatory comments on a porn site
https://www.foxnews.com/politics/trump-camp-thanks-wh-confirming-theres-no-daylight-between-harris-biden-kamala-created-mess,fox,politics,"Trump camp thanks WH for confirming there's 'no daylight' between Harris, Biden: 'Kamala created this mess'"
https://www.nbcnews.com/news/world/far-away-tense-jerusalem-squad-pressures-biden-israel-palestinian-conflict-n1267275,nbc,news,Dems on the left pressure Biden on Israel Palestinian conflict
https://www.nbcnews.com/news/world/iran-presidential-election-runoff-rcna160393,nbc,news,Iran holds runoff presidential vote pitting hard line former negotiator against reformist lawmaker
https://www.foxnews.com/health/mental-health-improves-20-seconds-daily-affirmations-study-self-care-strategy,fox,health,"Mental health improves with 20 seconds of daily affirmations, study finds: 'Self care strategy'"
https://www.nbcnews.com/select/shopping/best-body-washes-dry-skin-rcna135086,nbc,select,These 3 factors can be causing dry skin here's how to combat them using your body wash
https://www.foxnews.com/entertainment/8-rock-stars-rocking-80s.print,fox,entertainment,8 rock stars who are rockin' their way into their 80s
https://www.nbcnews.com/news/us-news/iowa-school-shooter-showed-warning-signs-copycat-behavior-police-say-rcna176136,nbc,news,"Iowa school shooter showed 'warning signs' and 'copycat behavior,' police say"
https://www.foxnews.com/politics/trump-harris-locked-dead-heat-7-battleground-states-poll-finds-could-not-closer.print,fox,politics,"Trump, Harris locked in dead heat in 7 battleground states, poll finds: 'Could not be closer'"
https://www.nbcnews.com/politics/white-house/48-million-borrowers-1-million-public-service-student-debt-forgiven-bi-rcna175889,nbc,politics,"4.8M borrowers including 1M in public service have had student debt forgiven, Biden admin says"
https://www.foxnews.com/media/msnbc-host-defends-harris-avoiding-policy-questions-shes-not-running-perfect,fox,media,MSNBC host defends Harris avoiding policy questions: She's 'not running for perfect'
https://www.nbcnews.com/politics/2024-election/making-sense-new-polls-seven-weeks-election-day-rcna171894,nbc,politics,Making sense of the new polls seven weeks from Election Day
https://www.nbcnews.com/pop-culture/awards/emmys-2024-how-watch-what-expect-awards-rcna170600,nbc,pop-culture,'Shogun' and 'The Bear' are set to conquer the Emmy Awards
https://www.foxnews.com/entertainment/bruce-willis-diagnosed-frontotemporal-dementia-following-aphasia-battle-family-says,fox,entertainment,"Bruce Willis diagnosed with frontotemporal dementia following aphasia battle, family says"
https://www.foxnews.com/politics/white-house-communism-failed-ideology-historic-cuba-protests,fox,politics,White House calls communism a 'failed ideology' after historic Cuba protests
https://www.foxnews.com/politics/biden-campaign-pulling-ads-wake-trump-rally-shooting,fox,politics,Biden campaign pulling ads in wake of Trump rally shooting
https://www.foxnews.com/politics/trump-calls-liz-cheney-low-iq-war-hawk-after-appearance-support-harris,fox,politics,Trump calls Liz Cheney a 'low IQ war hawk' after appearance in support of Harris
https://www.foxnews.com/lifestyle/this-day-history-september-10-1987-pope-john-paul-ii-arrives-miami-welcomed-reagans.print,fox,lifestyle,"On this day in history, September 10, 1987, Pope John Paul II arrives in Miami, is warmly welcomed by Reagans"
https://www.nbcnews.com/politics/trump-impeachment-inquiry/gop-sen-murkowski-says-she-will-vote-against-witnesses-calls-n1127381,nbc,politics,"GOP Sen. Murkowski says she will vote against witnesses, calls impeachment articles 'rushed and flawed'"
https://www.nbcnews.com/news/world/lebanese-fear-return-2006-war-israel-worse-situation-gaza-rcna172583,nbc,news,"Lebanese fear a return to the 2006 war with Israel, or worse a situation like Gaza"
https://www.foxnews.com/world/israel-struck-long-range-missile-from-yemen-40-projectiles-from-lebanon-early-morning-attacks,fox,world,"Israel struck by long range missile from Yemen, 40 projectiles from Lebanon in early morning attacks"
https://www.nbcnews.com/news/world/anniversary-mass-protests-irans-leader-expresses-no-regrets-threatens-rcna104621,nbc,news,"Before anniversary of mass protests, Iran's leader expresses no regrets"
https://www.foxnews.com/us/fbi-has-gained-access-thomas-matthew-crooks-phone-trump-assassination-attempt,fox,us,FBI has gained access to Thomas Matthew Crooks' phone in Trump assassination attempt
https://www.foxnews.com/health/smart-mask-could-detect-asthma-copd-medical-conditions-researchers-say,fox,health,"'Smart mask' could detect asthma, COPD and other medical conditions, researchers say"
https://www.nbcnews.com/select/shopping/philips-wiz-smart-led-color-bulb-ncna1290770,nbc,select,Set any mood at any time with these full color smart lights.
https://www.foxnews.com/media/fox-news-channel-outdraws-msnbc-cnn-during-august-finish-cables-largest-audience,fox,media,"Channel outdraws MSNBC, CNN during August to finish with cable's largest audience"
https://www.foxnews.com/politics/ohio-haitian-community-leader-argues-america-should-open-country-everybody.print,fox,politics,Ohio Haitian community leader argues 'America should be an open country for everybody'
https://www.foxnews.com/politics/democrats-harris-gop-nominee-2024,fox,politics,"Democrats concerned Harris couldn't beat a GOP nominee, even if Trump: report"
https://www.foxnews.com/politics/trump-says-he-shot-bullet-assassination-attempt-pennsylvania-rally,fox,politics,Trump says he was 'shot with a bullet' in assassination attempt at Pennsylvania rally
https://www.nbcnews.com/news/latino/are-protests-beginning-end-cubas-communist-government-rcna1460,nbc,news,Are protests 'the beginning of the end' for Cuba's communist government?
https://www.nbcnews.com/politics/politics-news/desantis-florida-school-board-endorsements-election-rcna56423,nbc,politics,Florida's DeSantis backed school board candidates win as he declares state as 'where woke goes to die'
https://www.nbcnews.com/politics/justice-department/trump-supporter-charged-firing-gun-jan-6-attack-ordered-detained-rcna143217,nbc,politics,Trump supporter charged with firing gun during Jan. 6 attack ordered detained
https://www.foxnews.com/politics/schumer-backed-border-bill-fails-second-time-even-less-dem-support,fox,politics,Schumer backed border bill fails a second time with even less Dem support
https://www.foxnews.com/opinion/david-marcus-kamala-harris-can-no-longer-hide-from-her-dangerous-stance-men-playing-girls-sports.print,fox,opinion,DAVID MARCUS: Kamala Harris can no longer hide from her dangerous stance on men playing in girls' sports
https://www.foxnews.com/politics/walz-silent-support-eliminating-electoral-college-after-harris-camp-says-doesnt-back-ban.print,fox,politics,Walz silent on support for eliminating Electoral College after Harris camp says it doesn't back ban
https://www.nbcnews.com/select/shopping/best-reef-safe-sunscreen-ncna1305644,nbc,select,"Yes, your SPF might be toxic to coral reefs. Here's what to use instead"
https://www.foxnews.com/politics/over-5700-children-5-year-period-had-gender-surgeries-most-from-5-liberal-states-watchdog,fox,politics,"Over 5,700 children in 5 year period had gender surgeries, most from 5 liberal states: watchdog"
https://www.nbcnews.com/politics/justice-department/fbi-failures-capitol-siege-avoided-jan-6-committees-scorn-not-long-rcna38615,nbc,politics,FBI failures before the Capitol siege avoided the Jan. 6 committee's scorn. Not for long.
https://www.foxnews.com/lifestyle/sleep-better-bed-viral-finds,fox,lifestyle,Sleep through the night with these 5 viral bedroom finds
https://www.nbcnews.com/health/health-news/fentanyl-xylazine-west-virginia-rcna128327,nbc,health,This state is counting the human casualties from a drug meant for animals
https://www.foxnews.com/us/seven-deadly-sins-biker-gang-founder-kills-7-people-dog.print,fox,us,'Seven Deadly Sins' biker gang founder kills seven people and dog
https://www.nbcnews.com/politics/2024-election/harris-rattles-angry-trump-debate-both-candidates-seek-mantle-change-rcna169058,nbc,politics,Harris rattles 'angry' Trump in debate as both candidates seek mantle of change
https://www.foxnews.com/official-polls/fox-news-poll-trump-hits-50-wisconsin-edges-harris-just-1-point,fox,official-polls,"Poll: Trump hits 50% in Wisconsin, edges Harris by just 1 point"
https://www.nbcnews.com/politics/white-house/biden-orders-declassification-sept-11-investigation-documents-n1278487,nbc,politics,Biden orders declassification of Sept. 11 investigation documents
https://www.nbcnews.com/politics/donald-trump/trump-national-security-adviser-robert-obrien-meets-netanyahu-rcna153185,nbc,politics,Trump allies meet with Netanyahu and other Israeli officials as pressure builds on prime minister
https://www.nbcnews.com/politics/2024-election/democrats-ivf-messaging-new-billboards-trump-alabama-ruling-rcna140530,nbc,politics,"Democrats intensify their IVF messaging in new billboards, tying Trump to the Alabama ruling"
https://www.nbcnews.com/politics/2024-election/harris-eyes-wisconsin-blue-wall-rcna171791,nbc,politics,"In effort to shore up blue wall, Harris eyes Wisconsin"
https://www.foxnews.com/lifestyle/5-little-known-facts-thanksgiving-turkey-registered-dieticians,fox,lifestyle,5 Thanksgiving turkey facts from registered dietitians
https://www.nbcnews.com/politics/white-house/blinken-says-no-direct-evidence-iran-was-involved-hamas-attack-israel-rcna120110,nbc,politics,Blinken says no 'direct evidence' that Iran was involved in the Hamas attack on Israel
https://www.nbcnews.com/politics/congress/key-capitol-security-officials-be-grilled-about-what-went-wrong-n1258530,nbc,politics,Capitol security officials blame poor intelligence and one another for the Jan. 6 riot
https://www.foxnews.com/entertainment/david-spade-amy-schumer-comedians-react-will-smith-chris-rock-slap,fox,entertainment,"Howard Stern, Judd Apatow, other comedians defend Chris Rock: 'He handled it like a pro'"
https://www.foxnews.com/opinion/im-cake-artist-who-won-supreme-court-heres-why-im-still-court.print,fox,opinion,I'm the cake artist who won at the Supreme Court. Here's why I'm still in court
https://www.foxnews.com/us/utah-mom-shot-missing-national-guard-husband-sleep-suggested-lover-take-grave-police.print,fox,us,"Utah mom shot missing National Guard husband in his sleep, suggested lover 'take it to the grave': police"
https://www.nbcnews.com/politics/justice-department/fbi-captures-three-jan-6-fugitives-florida-ranch-third-anniversary-cap-rcna132626,nbc,politics,FBI captures three Jan. 6 fugitives at Florida ranch on the third anniversary of the Capitol attack
https://www.foxnews.com/us/tim-walz-kamala-harris-new-right-hand-man-echoes-left-wing-crime-policies,fox,us,"Tim Walz, Kamala Harris' new right hand man, echoes left wing crime policies"
https://www.nbcnews.com/news/world/china-economy-falters-middle-class-confidence-xi-business-rcna145809,nbc,news,"As China's economy falters, so does middle class confidence"
https://www.foxnews.com/politics/one-year-anniversary-oct-7-attacks-arrives-lasting-trauma-israelis-american-jews-expert,fox,politics,"One year anniversary of Oct. 7 attacks arrives with lasting trauma for Israelis, American Jews: expert"
https://www.nbcnews.com/news/world/ukraine-coup-attempt-zelenskyy-hungary-viktor-orban-russia-war-rcna159909,nbc,news,"Coup attempt thwarted in Ukraine, Security Service says, as Hungary's Orbán arrives in Kyiv for talks"
https://www.nbcnews.com/select/shopping/best-travel-tech-gadgets-amazon-rcna97967,nbc,select,Make room in your luggage for these travel tech gadgets
https://www.foxnews.com/lifestyle/nyc-hidden-history-jimi-hendrix-recorded-last-track-manhattan-recording-studio-built-himself,fox,lifestyle,NYC's hidden history: Jimi Hendrix recorded his last track at this Manhattan recording studio he built himself
https://www.nbcnews.com/select/shopping/best-fruit-vegetable-storage-ncna1298005,nbc,select,"How to store produce and keep it fresh, according to experts"
https://www.nbcnews.com/nbc-out/out-politics-and-policy/groomer-pedophile-old-tropes-find-new-life-anti-lgbtq-movement-rcna23931,nbc,nbc-out,"'Groomer,' 'pro pedophile': Old tropes find new life in anti LGBTQ movement"
https://www.nbcnews.com/pop-culture/taylor-swift-fans-kamala-harris-fundraiser-zoom-carole-king-rcna168607,nbc,pop-culture,"'Swifties for Kamala' joins forces with Carole King and Elizabeth Warren to raise $142,000"
https://www.foxnews.com/politics/harris-finally-adds-policy-page-campaign-website-devotes-several-sections-trump,fox,politics,"Harris finally adds policy page to campaign website, devotes several sections to Trump"
https://www.nbcnews.com/news/world/noa-argamani-israeli-celebrates-life-rcna168035,nbc,news,Hostage taken from music festival during Hamas attack returns to the dance floor to celebrate life
https://www.foxnews.com/official-polls/fox-news-poll-harris-trump-dead-heat-pennsylvania,fox,official-polls,"Poll: Harris, Trump tied in Pennsylvania"
https://www.foxnews.com/entertainment/sydney-sweeney-backlash-moms-maga-like-birthday-party-decor-wildfire,fox,entertainment,Sydney Sweeney says the backlash from her mom's MAGA like birthday party décor was 'wildfire'
https://www.foxnews.com/faith-values/national-prayer-breakfast-2022-what-is-it,fox,faith-values,National Prayer Breakfast 2022: What is it?
https://www.foxnews.com/politics/trump-says-hell-testify-at-nyc-hush-money-trial-i-tell-the-truth,fox,politics,'I tell the truth': Trump says he'll testify at hush money trial as judge rejects last minute plea
https://www.foxnews.com/politics/5-more-house-democrats-call-biden-drop-out#&_intcmp=fnhpbt5,fox,politics,"Five more House Democrats call on Biden to drop out, third US senator"
https://www.foxnews.com/politics/vulnerable-democrat-tammy-baldwins-support-sanctuary-cities-highlighted-wisconsin-ad,fox,politics,Vulnerable Democrat Tammy Baldwin's support of sanctuary cities highlighted in Wisconsin ad
https://www.nbcnews.com/politics/donald-trump/trump-plead-not-guilty-revised-federal-election-indictment-rcna169437,nbc,politics,Trump to plead not guilty to revised federal election interference indictment
https://www.nbcnews.com/tech/social-media/brazils-suspension-x-hurting-stan-twitter-rcna169518,nbc,tech,How Brazil's suspension of X is hurting 'stan Twitter'
https://www.foxnews.com/politics/supreme-court-signals-interest-taking-major-climate-change-while-liberal-activists-panic,fox,politics,Supreme Court signals interest in hearing a major climate change case that could be a 'nightmare' for liberals
https://www.nbcnews.com/politics/politics-news/nevada-gop-governor-signs-new-abortion-protections-law-rcna87022,nbc,politics,Nevada governor signs new abortion protections into law
https://www.nbcnews.com/pop-culture/one-direction-fans-mourn-liam-payne-rcna175822,nbc,pop-culture,"For One Direction fans, Liam Payne's death is a 'watershed' moment"
https://www.foxnews.com/entertainment/sydney-sweeney-tackles-glen-powell-affair-rumors-saturday-night-live,fox,entertainment,Sydney Sweeney tackles Glen Powell affair rumors on 'Saturday Night Live'
https://www.foxnews.com/world/hezbollah-pagers-exploded-were-made-hungary-taiwanese-company-says,fox,world,"Hezbollah pagers that exploded were made in Hungary, Taiwanese company says"
https://www.nbcnews.com/politics/2024-election/republicans-float-conspiracy-theory-biden-wont-ballot-rcna121467,nbc,politics,Republicans float a quiet conspiracy theory that Biden won't be on the ballot
https://www.foxnews.com/lifestyle/secrets-staying-ageless-florida-seniors-reveal-how-hit-home-run-health,fox,lifestyle,Secrets of staying ageless: Four Florida seniors reveal how to hit a home run for good health
https://www.foxnews.com/politics/trump-set-host-rally-bidens-home-state-hush-money-trial,fox,politics,Trump set to host rally in Biden's home state ahead of hush money trial
https://www.foxnews.com/health/ozempic-other-glp-1-drugs-could-reduce-arthritis-symptoms-some-experts-claim,fox,health,"Ozempic and other GLP 1 drugs could reduce arthritis symptoms in some, experts claim"
https://www.nbcnews.com/news/latino/latinos-trump-rebrands-launch-latino-americans-trump-rcna155708,nbc,news,'Latinos for Trump' rebrands and is set to launch as 'Latino Americans for Trump'
https://www.foxnews.com/media/new-book-shows-alleged-biden-harris-divide-surfaced-earlier-previous-president-vp-rifts-critics.print,fox,media,"Book shows alleged Biden Harris divide surfaced earlier than previous president VP rifts, some critics say"
https://www.foxnews.com/world/american-father-hamas-hostage-itay-chen-pushes-us-israel-plan-b-negotiations-falter.print,fox,world,"American father of Hamas hostage Itay Chen pushes US, Israel on 'Plan B' as negotiations falter"
https://www.nbcnews.com/politics/congress/jan-6-panel-names-republican-lawmakers-sought-pardons-trump-rcna35090,nbc,politics,Jan. 6 panel reveals GOP lawmakers sought Trump pardons after Capitol attack
https://www.nbcnews.com/select/shopping/best-double-cleansing-products-rcna94713,nbc,select,Double cleansing can be a game changer for your skin ... or make it worse. Here's how to do it right.
https://www.nbcnews.com/news/asian-america/connecting-chinese-adoptees-birth-families-couple-makes-discovery-about-china-n1172301,nbc,news,"In connecting Chinese adoptees to birth families, couple makes discovery about China's one child policy"
https://www.nbcnews.com/news/world/canadian-prime-minister-justin-trudeau-announces-separation-wife-sophi-rcna97778,nbc,news,"Canadian PM Justin Trudeau announces separation from his wife, Sophie Grégoire Trudeau"
https://www.foxnews.com/lifestyle/gargantuan-butcher-block-wavy-flag-quarter-ton-testament-power-patriotism,fox,lifestyle,"'Gargantuan' butcher block wavy flag is a quarter ton testament to power of patriotism, land of opportunity"
https://www.nbcnews.com/news/us-news/drag-queen-story-hour-disrupted-men-shouting-slurs-authorities-say-rcna33184,nbc,news,"Drag Queen Story Hour disrupted by men shouting slurs, authorities say"
https://www.nbcnews.com/news/world/israel-music-festival-massacre-grounds-rcna120148,nbc,news,"Discarded sandals, open liquor bottles: Israel music festival grounds show remnants of a celebration cut short"
https://www.nbcnews.com/news/us-news/coronavirus-isolation-raises-concerns-domestic-violence-survivors-experts-say-n1165316,nbc,news,Coronavirus isolation raises concerns for domestic violence survivors
https://www.foxnews.com/entertainment/bruce-willis-demi-moore-arnold-schwarzenegger-maria-shriver-forever-relationships,fox,entertainment,"Bruce Willis, Demi Moore and Arnold Schwarzenegger, Maria Shriver still have 'forever' relationships"
https://www.foxnews.com/entertainment/randy-travis-uses-ai-new-music-after-stroke-damaged-brain-speech,fox,entertainment,"Randy Travis uses AI for new music after stroke damaged brain, speech"
https://www.foxnews.com/politics/battleground-state-dem-distances-himself-defund-movement-political-record-show-different-story.print,fox,politics,"Battleground state Dem distances himself from defund movement, but political record shows different story"
https://www.nbcnews.com/politics/congress/gop-rep-michelle-steel-rescinds-cosponsorship-life-conception-act-rcna142285,nbc,politics,GOP Rep. Michelle Steel rescinds her co sponsorship of the Life at Conception Act after winning her primary
https://www.foxnews.com/politics/https-www-foxnews-com-politics-republican-aiming-flip-key-senate-seat-blue-bastion-spotlights-anti-trump-credentials,fox,politics,Blue state Republican touts his anti Trump credentials in bid to flip senate seat red
https://www.foxnews.com/politics/extreme-agenda-harris-past-record-illegal-immigration-resurfaces-after-biden-drops-out.print,fox,politics,'Extreme agenda': Harris' past record on illegal immigration resurfaces after Biden drops out
https://www.nbcnews.com/news/world/israel-morocco-agree-normalize-relations-u-s-brokered-deal-n1250746,nbc,news,"Israel, Morocco agree to normalize relations in U.S. brokered deal"
https://www.foxnews.com/media/slap-face-media-government-downplaying-venezuelan-gangs-says-woman-fled-colorado-apartment,fox,media,"'Slap in the face': Media, government downplaying Venezuelan gangs, says woman who fled her Colorado apartment"
https://www.nbcnews.com/select/shopping/best-gifts-for-her-rcna119276,nbc,select,37+ gifts any woman in your life will love
https://www.foxnews.com/health/are-noise-canceling-headphones-hazardous-health-audiology-experts-warnings,fox,health,Are noise canceling headphones hazardous to your health? Audiology experts share warnings
https://www.foxnews.com/lifestyle/this-day-history-august-10-declaration-independence-reaches-london,fox,lifestyle,"On this day in history, August 10, 1776, Declaration of Independence reaches London"
https://www.nbcnews.com/politics/2024-election/gop-poll-monitors-suburbs-democratic-cities-rcna159059,nbc,politics,GOP recruits poll monitors from suburban areas to monitor the vote in Democratic cities
https://www.nbcnews.com/politics/2024-election/key-trump-allies-charged-fake-electors-scheme-wisconsin-rcna155395,nbc,politics,Key Trump allies charged in fake electors scheme in Wisconsin
https://www.nbcnews.com/politics/jd-vance-midwest-heavy-generational-pitch-politics-desk-rcna162453,nbc,politics,"JD Vance makes a Midwest heavy, generational pitch: From the Politics Desk"
https://www.nbcnews.com/news/world/bangladesh-court-scales-back-government-jobs-quota-deadly-protests-rcna162885,nbc,news,Bangladesh's top court scales back government jobs quota after deadly unrest that has killed scores
https://www.foxnews.com/lifestyle/pet-lovers-roundup-deals-useful-pet-supplies-accessories,fox,lifestyle,Pet lovers' roundup: Cool deals on useful pet supplies and accessories
https://www.nbcnews.com/news/world/israel-hamas-war-children-starving-famine-warning-death-destruction-rcna141813,nbc,news,"In the ruins of Gaza, children are starving to death and there's no cease fire in sight"
https://www.nbcnews.com/news/world/israeli-supreme-court-set-rule-controversial-east-jerusalem-evictions-n1275664,nbc,news,Israeli court proposes compromise on Palestinian evictions that stoked Gaza conflict
https://www.nbcnews.com/news/world/hamas-israel-palestinian-hostages-beeri-attack-rcna119337,nbc,news,Hamas says it has taken 'dozens' of Israelis hostage
https://www.nbcnews.com/news/us-news/kanye-west-implies-he-plans-vote-donald-trump-2020-n1185346,nbc,news,Kanye West implies he plans to vote for Donald Trump in 2020
https://www.nbcnews.com/health/health-news/jd-vance-accuses-tim-walz-lying-ivf-rcna167434,nbc,health,JD Vance accused Tim Walz of lying about his IVF experience. Fertility doctors say confusion is common.
https://www.foxnews.com/sports/who-imane-khelif-algerian-olympic-boxer-deemed-have-male-chromosomes.print,fox,sports,Who is Imane Khelif: The Algerian Olympic boxer deemed to have male chromosomes
https://www.foxnews.com/health/experimental-lupus-therapy-lifechanging-patients-autoimmune-disease-study-finds,fox,health,"Experimental lupus therapy could be 'life changing' for patients with autoimmune disease, study finds"
https://www.foxnews.com/world/netanyahu-approves-rafah-ground-invasion-despite-biden-opposition,fox,world,"Netanyahu approves Rafah ground invasion, despite Biden opposition"
https://www.nbcnews.com/select/shopping/how-to-clean-cast-iron-skillet-rcna172345,nbc,select,"Everything you need to properly season, clean and maintain a cast iron skillet"
https://www.foxnews.com/opinion/web-designer-victory-supreme-court-free-speech-win-all,fox,opinion,Web designer's victory at Supreme Court is free speech win for all
https://www.nbcnews.com/politics/donald-trump/ryan-routh-arrested-trumps-florida-golf-course-charged-attempted-assas-rcna172571,nbc,politics,"Ryan Routh, arrested near Trump's Florida golf course, is charged with attempted assassination"
https://www.nbcnews.com/politics/justice-department/jury-reaches-verdict-proud-boys-seditious-conspiracy-trial-rcna81129,nbc,politics,Four Proud Boys members found guilty of seditious conspiracy in Jan. 6 trial
https://www.foxnews.com/media/kamala-harris-guarantees-re-election-2024-asked-why-bidens-not-30-points-ahead-trump,fox,media,Kamala Harris guarantees reelection in 2024 after asked why Biden's not '30 points ahead' of Trump
https://www.foxnews.com/lifestyle/this-day-history-august-24-british-troops-ransack-torch-white-house-capitol,fox,lifestyle,"On this day in history, August 24, 1814, British troops ransacked, torched White House and Capitol"
https://www.foxnews.com/media/cnn-reliable-sources-brian-stelter-smallest-audience-2019,fox,media,CNN's 'Reliable Sources' with Brian Stelter draws smallest audience since 2019
https://www.foxnews.com/tech/fix-autocorrect-driving-you-ducking-crazy,fox,tech,Fix autocorrect if it's driving you ducking crazy
https://www.foxnews.com/media/trump-says-regrets-not-going-after-abc-moderators-during-debate,fox,media,Trump says he regrets not 'going after' ABC moderators during debate: 'I wish I did'
https://www.nbcnews.com/data-graphics/middle-class-new-homeowners-cost-burdened-house-poor-rcna163853,nbc,data-graphics,Middle class buyers are increasingly springing for homes they can barely afford
https://www.nbcnews.com/tech/misinformation/ai-deepfake-fake-news-youtube-black-celebrities-rcna133368,nbc,tech,Fake YouTube creators target Black celebrities with AI generated misinformation
https://www.foxnews.com/us/sanctuary-citys-policies-push-violent-migrant-gang-suburbs-nationwide-problem,fox,us,Sanctuary city's policies push violent migrant gang into suburbs: 'It's a nationwide problem'
https://www.foxnews.com/lifestyle/army-veteran-ability-walk-robotic-exoskeleton-paralysis,fox,lifestyle,Army veteran regains ability to walk with robotic exoskeleton after paralysis: 'Beyond words'
https://www.foxnews.com/politics/desantis-admin-blocked-from-threatening-tv-stations-over-pro-abortion-ads,fox,politics,DeSantis admin blocked from threatening TV stations over pro abortion ads
https://www.foxnews.com/politics/biden-supreme-court-leak-womans-right-choose-fundamental,fox,politics,"Biden on Supreme Court leak: Roe should not be overturned, 'A woman's right to choose is fundamental'"
https://www.nbcnews.com/news/world/israels-netanyahu-taken-hospital-heart-procedure-saturday-night-rcna95757,nbc,news,Netanyahu fitted with pacemaker in emergency procedure as Israel is convulsed ahead of key vote
https://www.nbcnews.com/science/environment/microplastics-found-fresh-snow-antarctica-rcna32862,nbc,science,Microplastics found in fresh snow on Antarctica
https://www.foxnews.com/politics/trump-harris-poll-dead-heat-nbc-news-survey-election-day-approaches,fox,politics,Trump and Harris poll in dead heat in survey as Election Day approaches
https://www.foxnews.com/us/venezuelan-gangs-alleged-takeover-aurora-colorado-apartments-began-2023-report.print,fox,us,"Venezuelan gang's alleged takeover of Aurora, Colorado apartments began in 2023: report"
https://www.foxnews.com/us/video-resurfaces-showing-fema-prioritizing-equity-over-helping-greatest-number-people-disaster-relief,fox,us,Video resurfaces showing FEMA prioritizing equity over helping greatest number of people in disaster relief
https://www.nbcnews.com/news/world/iran-enriching-uranium-weapons-grade-nuclear-iaea-rcna72753,nbc,news,"Iran enriching uranium to near weapons grade levels, nuclear watchdog warns"
https://www.foxnews.com/lifestyle/day-history-1775-us-postal-system-established-ben-franklin,fox,lifestyle,"On this day in history in 1775, US postal system established under Ben Franklin"
https://www.foxnews.com/us/former-secret-service-agent-warns-agency-stretched-thin-new-responsibilities-lack-manpower,fox,us,"Former Secret Service agent warns agency 'stretched thin' with new responsibilities, lack of manpower"
https://www.nbcnews.com/news/us-news/jussie-smollett-testifies-criminal-trial-rcna7710,nbc,news,'There was no hoax': Jussie Smollett denies attack was staged during testimony
https://www.foxnews.com/health/mother-frantic-save-clinical-trial-could-cure-daughter-treatment-sitting-fridge.print,fox,health,Mother frantic to save clinical trial that could cure her daughter: 'The treatment is sitting in a fridge'
https://www.nbcnews.com/investigations/russia-aims-undermine-biden-november-election-intel-officials-say-rcna161011,nbc,investigations,"Russia aims to undermine Biden in November election, intel officials say"
https://www.foxnews.com/us/illegal-immigrant-suspected-rachel-morin-murder-entered-us-gotaway-after-being-released-3-times-ice,fox,us,Illegal immigrant suspected in Rachel Morin murder entered US as gotaway after being released 3 times: ICE
https://www.foxnews.com/world/britons-cast-votes-heavily-anticipated-uk-parliamentary-election,fox,world,Britons cast their votes in heavily anticipated UK parliamentary election
https://www.nbcnews.com/tech/instagram-launches-sleep-notifications-teens-rcna134468,nbc,tech,Instagram will use 'nudges' to start suggesting teens log off at night
https://www.foxnews.com/travel/10-most-patriotic-us-states-july-4-see-home-state-made-list,fox,travel,10 most patriotic US states for July 4: See if your home state made the list
https://www.foxnews.com/politics/supreme-court-overturn-roe-draft-leaked-draft-opinion-report,fox,politics,"Supreme Court set to overturn Roe v. Wade, leaked draft opinion shows: report"
https://www.foxnews.com/politics/trump-harris-race-neck-neck-nationally-new-survey-pollster-sees-warning-sign-dems,fox,politics,"Trump Harris race neck and neck nationally in new survey, pollster sees 'warning sign' for Dems"
https://www.nbcnews.com/select/shopping/best-cyber-monday-tech-deals-2022-ncna1301401,nbc,select,47+ best Cyber Monday tech deals you won't want to miss
https://www.nbcnews.com/news/world/zelenskyy-says-ukraine-needs-weapons-allies-continue-defense-russia-rcna140174,nbc,news,Zelenskyy says Ukraine needs weapons from allies to continue defense against Russia
https://www.foxnews.com/sports/chargers-take-aim-chiefs-harrison-butker-schedule-release-video-depicting-kicker-kitchen,fox,sports,Chargers take aim at Chiefs' Harrison Butker in schedule release video by depicting kicker in the kitchen
https://www.foxnews.com/us/trump-shooter-thomas-matthew-crooks-parents-registered-pennsylvania-professional-counselors-records,fox,us,Trump shooter Thomas Matthew Crooks' parents registered Pennsylvania professional counselors: Records
https://www.foxnews.com/politics/biden-family-blame-staff-debate-performance-he-lays-low-again-camp-david-reports,fox,politics,Biden family blame staff for debate performance as he lays low again at Camp David: reports
https://www.nbcnews.com/health/health-news/feared-illicit-fentanyl-now-drug-choice-many-opioids-users-rcna40418,nbc,health,Fentanyl used to be a hidden danger of drug use. Now it's sought as a drug of choice.
https://www.nbcnews.com/news/world/israels-knesset-votes-overwhelmingly-palestinian-statehood-netanyahu-p-rcna162466,nbc,news,Israel's Knesset votes overwhelmingly against Palestinian statehood as Netanyahu prepares for U.S. visit
https://www.foxnews.com/media/kamala-harris-receives-worst-vice-presidential-rating-nbc-news-polls-history.print,fox,media,Kamala Harris receives worst vice presidential rating in poll's history
https://www.foxnews.com/world/lebanon-explosions-dozens-wounded-after-pagers-detonate-state-media-report,fox,world,"Lebanon explosions: Hezbollah apparently targeted as pagers detonate, several dead, thousands hurt"
https://www.nbcnews.com/select/shopping/best-gifts-for-book-lover-ncna1301573,nbc,select,19 gifts any book lover will absolutely love
https://www.nbcnews.com/select/shopping/best-fathers-day-grilling-gifts-ncna1214766,nbc,select,Gifts for father figures who love to grill
https://www.nbcnews.com/select/shopping/best-portable-chargers-ncna1291495#anchor-Howmuchcanyouchargewithaportablecharger,nbc,select,Portable chargers: How to shop and what to know
https://www.nbcnews.com/politics/congress/top-meadows-aide-cassidy-hutchinson-testify-jan-6-hearing-rcna35633,nbc,politics,Top Meadows aide Cassidy Hutchinson to testify at Jan. 6 hearing
https://www.nbcnews.com/politics/trump-impeachment-inquiry/closing-argument-democrats-say-not-removing-trump-would-render-him-n1128766,nbc,politics,"Schiff's powerful closing speech: 'Is there one among you who will say, Enough!'?"
https://www.nbcnews.com/news/us-news/indian-man-charged-alleged-plot-kill-sikh-activist-nyc-rcna127212,nbc,news,DOJ charges Indian man in alleged assassination plot to kill Sikh activist in the U.S.
https://www.nbcnews.com/news/world/iran-election-votes-president-raisi-rcna159399,nbc,news,Iranians vote to replace late President Raisi
https://www.foxnews.com/world/52-confirmed-dead-20-missing-flash-floods-devastate-indonesias-sumatra-island,fox,world,"52 confirmed dead, 20 missing after flash floods devastate Indonesia's Sumatra Island"
https://www.nbcnews.com/select/shopping/amazon-echo-show-15-preorder-ncna1284126,nbc,select,The Amazon Echo Show 15 is available for preorder
https://www.foxnews.com/politics/top-five-moments-secret-service-directors-hours-long-grilling-after-trump-assassination-attempt,fox,politics,Top five moments from Secret Service director's hours long grilling after Trump assassination attempt
https://www.nbcnews.com/select/shopping/best-cooking-gifts-home-chefs-ncna1283939,nbc,select,The best gifts for home chefs this holiday season
https://www.foxnews.com/us/us-supreme-court-upholds-controversial-anti-camping-laws-used-against-homeless-people-oregon-city,fox,us,US Supreme Court upholds controversial anti camping laws used against homeless people in Oregon city
https://www.foxnews.com/sports/san-jose-state-volleyball-player-center-womens-sports-controversy-spikes-ball-opponents-face.print,fox,sports,San Jose State volleyball player at the center of women's sports controversy spikes ball in opponent's face
https://www.foxnews.com/politics/here-all-restrictions-bidens-team-demanded-their-trump-debate-offer,fox,politics,Here are all the restrictions Biden's team demanded in their Trump debate offer
https://www.foxnews.com/lifestyle/meet-american-made-us-flip-hamburgers-louis-lassen-danish-immigrant-street-wagon-cook.print,fox,lifestyle,"Meet the American who made us flip for hamburgers, Louis Lassen, Danish immigrant street wagon cook"
https://www.nbcnews.com/health/mental-health/drug-overdose-deaths-drop-u-s-other-deaths-despair-rise-n1211376,nbc,health,"Drug overdose deaths drop in U.S. as other deaths of despair rise, report finds"
https://www.foxnews.com/media/ted-nugent-tucker-carlson-fox-nation-constitution-bear-arms.print,fox,media,Ted Nugent slams wannabe 'tyrants' on 'Tucker Carlson Today': We don't need the 'king's permission' in America
https://www.foxnews.com/media/axelrod-says-upscale-nc-harris-voters-find-way-vote-after-storm-not-sure-about-rural-trump-fans,fox,media,"Axelrod says 'upscale' NC Harris voters will find way to vote after storm, not sure about rural Trump fans"
https://www.foxnews.com/media/gutfeld-draws-largest-audience-program-history-trump-appearance.print,fox,media,'Gutfeld!' draws largest audience in program history with Trump appearance
https://www.nbcnews.com/select/shopping/best-ice-cream-makers-ncna1306882,nbc,select,Expert tips for making the perfect scoop of ice cream at home
https://www.nbcnews.com/news/world/china-north-korea-official-talks-rcna147523,nbc,news,Chinese official talks with North Korean counterpart in the nations' highest level meeting in years
https://www.foxnews.com/entertainment/olivia-rodrigo-powers-through-wardrobe-malfunction-concert.print,fox,entertainment,Olivia Rodrigo powers through wardrobe malfunction during concert: 'So embarrassing'
https://www.nbcnews.com/politics/2024-election/harris-courts-male-voters-fantasy-sports-sports-betting-video-game-pla-rcna176128,nbc,politics,"Harris courts male voters on fantasy sports, sports betting and video game platforms"
https://www.nbcnews.com/politics/justice-department/trump-refuses-acknowledge-2020-loss-dodges-debate-question-jan-6-actio-rcna170540,nbc,politics,Trump refuses to acknowledge his 2020 loss and dodges debate question about his Jan. 6 actions
https://www.nbcnews.com/politics/white-house/white-house-sees-netanyahu-likely-abandoning-judicial-overhaul-pursue-rcna76930,nbc,politics,White House sees Netanyahu as likely to abandon judicial overhaul plan to pursue compromise
https://www.foxnews.com/politics/early-voting-begins-nebraska-washington-dc,fox,politics,"Early voting begins in Nebraska and Washington, DC"
https://www.foxnews.com/lifestyle/meet-american-founded-grand-ole-opry-remarkable-visionary-george-d-hay.print,fox,lifestyle,Meet the American who founded the Grand Ole Opry: 'Remarkable visionary' George D. Hay
https://www.foxnews.com/media/msnbc-guest-claims-latinos-want-white-while-discussing-shift-towards-gop,fox,media,MSNBC guest claims Latinos 'want to be White' while discussing their shift toward GOP
https://www.foxnews.com/lifestyle/grand-ole-opry-us-military-salute-troops-memorial-day,fox,lifestyle,Grand Ole Opry honors US military at Salute the Troops event ahead of Memorial Day
https://www.nbcnews.com/tech/social-media/trump-logan-paul-podcast-interview-video-youtube-rcna157193,nbc,tech,Trump appears on YouTuber Logan Paul's podcast in a bid for young voters
https://www.nbcnews.com/select/shopping/black-owned-coffee-brands-ncna1290420,nbc,select,Shop these brands to get your caffeine fix and support Black entrepreneurs
https://www.foxnews.com/media/harris-says-wealthy-americans-corporations-will-pay-higher-taxes-to-fund-economic-plan,fox,media,"Harris says wealthy Americans, corporations will pay higher taxes to fund economic plan"
https://www.foxnews.com/health/20-worst-places-live-have-asthma-major-health-organization,fox,health,"20 worst places to live if you have asthma, per major health organization"
https://www.foxnews.com/health/meet-hurricane-milton-babies-born-florida-hospitals-during-storm,fox,health,Meet the Hurricane Milton babies born at Florida hospitals during the storm
https://www.foxnews.com/politics/top-senators-briefed-major-errors-leading-up-trump-assassination-attempt,fox,politics,Top senators briefed on 'major errors' leading up to Trump assassination attempt
https://www.nbcnews.com/select/shopping/best-self-care-gifts-ncna1300240,nbc,select,"Give the gift of self care with these items from Dyson, Glossier, Hatch and more"
https://www.foxnews.com/entertainment/cindy-williams-laverne-shirley-actress-dead-75,fox,entertainment,"Cindy Williams, 'Laverne & Shirley' actress, dead at 75"
https://www.nbcnews.com/select/shopping/best-vacuum-cleaners-expert-shopping-ncna1239303,nbc,select,Robot? Stick? Upright? Canister? Here's how to pick the best vacuum for your home
https://www.foxnews.com/politics/pennsylvania-leaders-talk-very-exciting-ground-game-gop-seeks-undo-dem-gains-a-massive-shift,fox,politics,Pennsylvania leaders in both parties talk ground game as GOP seeks to undo Dem gains: 'Massive shift'
https://www.foxnews.com/us/anti-israel-agitators-shut-down-traffic-disrupt-cities-all-across-us-demand-gaza-ceasefire,fox,us,"Anti Israel agitators shut down traffic, disrupt cities all across US in demand for Gaza cease fire"
https://www.nbcnews.com/politics/politics-news/pence-heckled-conservative-event-shouts-traitor-n1271332,nbc,politics,Pence heckled at conservative event with shouts of 'traitor'
https://www.nbcnews.com/news/us-news/university-leaders-condemn-jewish-genocide-rhetoric-backlash-grows-rcna128502,nbc,news,University leaders condemn Jewish genocide rhetoric as backlash grows
https://www.foxnews.com/world/land-american-israel-defiant-barbaric-hamas-declares-never-leaving,fox,world,"'This isn't about land': American in Israel defiant against 'barbaric' Hamas, declares she's 'never leaving'"
https://www.nbcnews.com/politics/congress/senate-republicans-knife-bipartisan-border-security-bill-declaring-dea-rcna137572,nbc,politics,"Senate Republicans knife bipartisan border security bill, declaring it dead"
https://www.nbcnews.com/politics/2020-election/trump-s-election-fight-includes-over-30-lawsuits-it-s-n1248289,nbc,politics,Trump's election fight includes over 50 lawsuits. It's not going well.
https://www.nbcnews.com/politics/elections/fcc-looks-fine-conservative-activists-5-million-false-mail-voting-n1277569,nbc,politics,FCC looks to fine conservative activists $5 million for false mail voting robocalls
https://www.nbcnews.com/politics/justice-department/oath-keepers-verdict-seditious-conspiracy-trial-rcna58415,nbc,politics,"Two Oath Keepers, including founder, found guilty of seditious conspiracy in Jan. 6 case"
https://www.nbcnews.com/politics/justice-department/trump-supporter-called-capitol-cops-weasels-jan-6-sentenced-prison-rcna42865,nbc,politics,Trump supporter who called Capitol cops 'weasels' on Jan. 6 sentenced to prison
https://www.foxnews.com/travel/airline-passenger-captures-manspreading-moment-viral-tiktok-sparking-debate.print,fox,travel,"Airline passenger captures 'manspreading' moment in viral TikTok, sparking debate"
https://www.nbcnews.com/news/us-news/university-pennsylvania-president-steps-criticism-antisemitism-testimo-rcna128712,nbc,news,University of Pennsylvania president steps down amid criticism of antisemitism testimony
https://www.foxnews.com/media/colorado-district-created-methodical-system-deceive-parents-in-school-social-transitions,fox,media,Colorado district equity docs reveal methodical system to deceive parents on in school social transitions
https://www.foxnews.com/entertainment/olivia-jade-breaks-silence-college-admissions-scandal-red-table-talk,fox,entertainment,Olivia Jade breaks silence on parents' involvement in college admissions scandal: 'We messed up'
https://www.nbcnews.com/news/world/qatar-re-evaluating-role-mediator-gaza-cease-fire-talks-rcna148336,nbc,news,Qatar re evaluating its role as mediator in Gaza cease fire talks
https://www.foxnews.com/politics/dnc-paints-harris-law-order-standard-bearer-past-comments-militarization-police-resurface.print,fox,politics,DNC paints Harris as 'law and order' standard bearer as past comments on 'militarization of police' resurface
https://www.nbcnews.com/politics/supreme-court/supreme-court-rule-bidens-student-loan-forgiveness-plan-friday-rcna76874,nbc,politics,Supreme Court kills Biden student loan relief plan
https://www.foxnews.com/politics/fox-news-power-rankings-all-eyes-could-omaha-november,fox,politics,Power Rankings: All eyes could be on Omaha this November
https://www.foxnews.com/us/third-strike-trans-rape-suspect-prompts-rebellion-against-ca-law-after-attack-womens-prison,fox,us,3rd strike 'trans' rape suspect prompts rebellion against CA law after attack in women's prison
https://www.nbcnews.com/politics/2024-election/biden-campaign-blames-trump-alabama-supreme-courts-ivf-ruling-rcna139984,nbc,politics,"Biden blasts Alabama Supreme Court's IVF ruling as Harris, campaign blame Trump"
https://www.nbcnews.com/politics/2024-election/kamala-harris-running-mates-democratic-presidential-ticket-rcna162848,nbc,politics,The Democrats who could be Kamala Harris' running mate
https://www.nbcnews.com/news/world/live-blog/israel-hamas-war-live-updates-rcna134047/rcrd31099?canonicalCard=true,nbc,news,"Gaza hits 96 hour telecom blackout, a new record"
https://www.nbcnews.com/news/world/israel-hamas-cease-fire-close-goal-line-blinken-rcna162823,nbc,news,"Israel Hamas cease fire close to the goal line, Blinken says"
https://www.nbcnews.com/business/business-news/apple-sued-doj-antitrust-monopoly-biden-rcna144424,nbc,business,Apple sued by Biden administration over alleged iPhone 'monopoly power'
https://www.foxnews.com/media/jd-vance-clashes-abc-news-host-over-migrant-gang-presence-colorado-do-you-hear-yourself.print,fox,media,JD Vance clashes with ABC host over migrant gang presence in Colorado: 'Do you hear yourself?'
https://www.foxnews.com/politics/trump-vp-contenders-torch-guilty-verdict,fox,politics,Trump VP contenders torch 'guaranteed' guilty verdict: 'Complete travesty'
https://www.foxnews.com/politics/john-kerry-targets-agriculture-part-climate-crusade,fox,politics,John Kerry targets agriculture as part of climate crusade
https://www.nbcnews.com/politics/2024-election/live-blog/trump-harris-presidential-election-live-updates-rcna169724,nbc,politics,Election 2024: Trump is noncommittal on the prospect of a second presidential debate with Harris
https://www.foxnews.com/media/fox-news-media-proposes-second-harris-trump-debate-moderated-martha-maccallum-bret-baier,fox,media,"Media proposes second Harris Trump debate moderated by Martha MacCallum, Bret Baier"
https://www.nbcnews.com/news/world/israel-hamas-ceasefire-holds-gaza-s-children-trauma-remains-n1268249,nbc,news,The bombing has ended but children in Gaza and Israel face trauma
https://www.foxnews.com/world/russia-says-ukrainian-intel-chief-responsible-crimea-bridge-attack-increasing-assassination-risk,fox,world,"Russia says Ukrainian intel chief responsible for Crimea bridge attack, increasing assassination risk"
https://www.foxnews.com/us/smith-college-racism-oumou-kanoute-eating-while-black,fox,us,Massachusetts' Smith College racism accusations back in spotlight after report details 2018 investigation
https://www.foxnews.com/politics/black-lives-matter-blames-us-praises-cuban-regime-social-media-erupts,fox,politics,"Black Lives Matter blames US, praises Cuban regime, social media erupts"
https://www.foxnews.com/politics/striking-boeing-workers-boo-after-democrat-sen-maria-cantwell-criticizes-trump.print,fox,politics,Striking Boeing workers boo after Democratic Sen. Maria Cantwell criticizes Trump
https://www.foxnews.com/us/texas-mom-luxury-real-estate-agent-missing-after-party-exclusive-private-club-husband-arrested,fox,us,"Texas mom, luxury real estate agent missing after party at exclusive private club, husband arrested"
https://www.foxnews.com/politics/trump-says-kamala-harris-not-participate-fox-news-debate-sept-4,fox,politics,Trump says Kamala Harris will not participate in debate on Sept. 4
https://www.foxnews.com/us/do-menendez-brothers-stand-chance-freedom-former-investigator-predicts-odds-greedy-rich-kids,fox,us,Do Menendez brothers stand a chance at freedom?
https://www.nbcnews.com/politics/justice-department/fbi-hasnt-arrested-hundreds-joined-capitol-mob-jan-6-just-ask-maga-com-rcna30509,nbc,politics,The FBI hasn't arrested hundreds who joined the Capitol mob on Jan. 6. Just ask this MAGA comedian.
https://www.foxnews.com/travel/airline-passenger-goes-viral-recording-neighbors-midflight-photo-attempts.print,fox,travel,Airline passenger goes viral for recording neighbor's midflight photo attempts
https://www.foxnews.com/media/jd-vance-change-heart-trump-politicians-shouldnt-try-hide-past-stances,fox,media,JD Vance on his 'change of heart' for Trump: Politicians shouldn't 'try to hide' from their past stances
https://www.nbcnews.com/news/latino/goldman-environmental-prize-awarded-latina-organizer-fighting-air-poll-rcna149449,nbc,news,Goldman Environmental Prize awarded to Latina organizer fighting air pollution crisis
https://www.nbcnews.com/select/shopping/new-ps5-xbox-series-x-ncna1245059,nbc,select,Gifting a new game console? Xbox and Playsation consoles are shipping
https://www.nbcnews.com/news/world/south-korean-president-pledges-focus-economy-election-shock-rcna151411,nbc,news,South Korean president pledges to focus on economy after election shock
https://www.nbcnews.com/select/shopping/best-stationary-bikes-peloton-alternatives-ncna1100116,nbc,select,How to choose an indoor cycling bike (that isn't a Peloton)
https://www.foxnews.com/world/united-nations-slammed-silence-hamas-rapes-mutilation-murder-israeli-women-critics-say,fox,world,"United Nations slammed for silence over Hamas rapes, mutilation and murder of Israeli women, critics say"
https://www.nbcnews.com/politics/donald-trump/know-juan-merchan-judge-trump-indictment-case-rcna77611,nbc,politics,Who's Judge Juan Merchan? Trump says he 'hates me' but lawyers say he's fair
https://www.nbcnews.com/news/weather/two-storms-gain-strength-atlantic-devastation-hurricane-helene-rcna173799,nbc,news,Two more storms gain strength in Atlantic following devastation of Hurricane Helene
https://www.foxnews.com/media/kamala-harris-should-have-been-pushed-harder-bidens-mental-fitness-during-interview-wapo-columnists,fox,media,Kamala Harris should have been 'pushed harder' on Biden's mental fitness during interview: WaPo columnists
https://www.nbcnews.com/politics/2024-election/arizona-abortion-rights-advocates-pour-15-million-ballot-measure-ad-bl-rcna172930,nbc,politics,Arizona abortion rights advocates pour $15 million into ballot measure ad blitz
https://www.foxnews.com/us/federal-prosecutors-charge-ryan-routh-attempted-assassination-trump,fox,us,Federal prosecutors formally charge suspect Ryan Routh with attempted assassination of Trump
https://www.foxnews.com/world/putin-no-rivals-presidency-election-spokesman-claims.print,fox,world,"Putin has 'no rivals' for presidency ahead of election, spokesman claims"
https://www.nbcnews.com/select/shopping/prebiotic-soda-health-benefits-rcna172429,nbc,select,Are prebiotic sodas actually healthy? The experts we spoke to aren't convinced.
https://www.nbcnews.com/news/world/violence-erupts-israeli-streets-gaza-conflict-intensifies-n1267189,nbc,news,Israeli ground forces join attacks on Gaza as conflict intensifies
https://www.nbcnews.com/news/world/israel-withdrawing-units-gaza-rcna131800,nbc,news,Israel withdrawing some units from Gaza
https://www.foxnews.com/lifestyle/thanksgiving-casserole-preferences-state-google-trends,fox,lifestyle,Thanksgiving casserole preferences vary state by state
https://www.nbcnews.com/politics/congress/congress-vote-second-covid-19-relief-package-n1251966,nbc,politics,"Trump blasts Covid relief bill just passed by Congress, demands changes"
https://www.nbcnews.com/politics/2024-election/kari-lake-wins-arizona-gop-senate-primary-ruben-gallego-rcna164043,nbc,politics,"Kari Lake wins Arizona GOP Senate primary, setting up a key race against Democrat Ruben Gallego"
https://www.foxnews.com/politics/biden-admin-hit-lawsuit-restricting-oil-gas-production-put-american-jobs-risk,fox,politics,"Biden admin hit with lawsuit for restricting oil, gas production: 'Put American jobs at risk'"
https://www.foxnews.com/lifestyle/meet-american-created-kentucky-derby-meriwether-lewis-clark-jr-born-pioneers,fox,lifestyle,"Meet the American who created the Kentucky Derby, Meriwether Lewis Clark Jr., born of pioneers"
https://www.foxnews.com/politics/buttigieg-faces-grilling-harris-immigration-record-lets-get-real,fox,politics,Buttigieg faces grilling on Harris' immigration record: 'Let's get real'
https://www.nbcnews.com/tech/internet/sextortion-yahoo-boys-snapchat-tiktok-teen-wizz-rcna134200,nbc,tech,"Sextortion training materials found on TikTok, Instagram and YouTube, according to new report"
https://www.nbcnews.com/news/world/israel-hamas-war-benny-gantz-benjamin-netanyahu-early-election-rcna154654,nbc,news,Netanyahu opponent and war Cabinet member's party tries to force early Israel election
https://www.nbcnews.com/news/world/israel-arab-states-set-sign-trump-brokered-deals-white-house-n1240105,nbc,news,"Israel, Bahrain, UAE sign Trump brokered deals at White House"
https://www.nbcnews.com/politics/donald-trump/trump-begs-georgia-secretary-state-overturn-election-results-remarkable-hourlong-n1252692,nbc,politics,Trump begs Georgia secretary of state to overturn election results in remarkable hourlong phone call
https://www.foxnews.com/entertainment/taylor-swift-travis-kelces-romance-under-microscope-after-singer-skipped-last-two-games,fox,entertainment,"Taylor Swift, Travis Kelce's romance under microscope after singer skipped last two games"
https://www.foxnews.com/media/ex-obama-adviser-axelrod-argues-trump-incumbent-race-harris-turn-page-candidate.print,fox,media,"Ex Obama adviser Axelrod argues Trump is incumbent in the race, Harris is 'turn the page' candidate"
https://www.foxnews.com/sports/tom-brady-has-not-talked-trump-years,fox,sports,Tom Brady reveals he has not talked to Trump in 'a lot of years'
https://www.foxnews.com/world/us-taxpayer-funded-un-agencys-long-history-enabling-hamas-exposed,fox,world,US taxpayer funded UN agency's long history of enabling Hamas exposed
https://www.nbcnews.com/politics/2024-election/trump-campaign-targets-haley-first-time-new-hampshire-airwaves-rcna132192,nbc,politics,Trump campaign targets Nikki Haley for first time on New Hampshire airwaves
https://www.foxnews.com/politics/kamala-harris-campaign-criticizes-trump-serving-self-obsessed-rich-guys-after-interview-elon-musk,fox,politics,Kamala Harris' campaign criticizes Trump for serving 'self obsessed rich guys' after interview with Elon Musk
https://www.nbcnews.com/politics/2024-election/live-blog/election-2024-dnc-live-updates-rcna165227/rcrd52685?canonicalCard=true,nbc,politics,Vance slams Beshear for comment on abortion: 'Disgusting'
https://www.nbcnews.com/news/world/live-blog/live-updates-hamas-leader-yahya-sinwar-possibly-killed-gaza-rcna175922/rcrd60537?canonicalCard=true,nbc,news,"Netanyahu promises more war, dashing peace hopes after Hamas leader killed"
https://www.foxnews.com/media/keith-olbermann-calls-cnn-fire-a-hole-van-jones-criticizing-biden,fox,media,Keith Olbermann calls on CNN to 'fire this a hole' Van Jones for criticizing Biden
https://www.nbcnews.com/politics/2024-election/obama-endorses-harris-president-whirlwind-week-party-support-rcna163613,nbc,politics,Obama endorses Harris for president in a whirlwind week of party support
https://www.foxnews.com/world/south-korean-intelligence-says-north-sent-troops-aid-russias-war-ukraine,fox,world,South Korean intelligence says North has sent troops to aid Russia's war in Ukraine
https://www.foxnews.com/politics/texas-ag-files-lawsuit-against-biden-administration-new-gun-sale-requirements-take,fox,politics,Texas AG files lawsuit against Biden administration for new gun sale requirements: 'Come and take it'
https://www.foxnews.com/media/nancy-pelosi-says-never-recommend-biden-debate-trump-stage-surprise-announcement,fox,media,Nancy Pelosi says she 'would never recommend' Biden debate Trump on stage after surprise announcement
https://www.nbcnews.com/news/world/israel-hostage-rescue-cease-fire-deal-netanyahu-sinwar-rcna156250,nbc,news,Hostage rescue complicates U.S. push for a cease fire deal
https://www.foxnews.com/politics/armed-services-republicans-push-back-accusation-zelenskyys-pa-visit-political,fox,politics,"Armed Services Republicans, White House push back against claims that Zelenskyy's PA visit was 'political'"
https://www.nbcnews.com/select/shopping/best-under-bed-storage-ncna1263210,nbc,select,Need more storage? Here's how to best utilize the space under your bed
https://www.foxnews.com/lifestyle/memorial-day-numbers-facts-american-holiday,fox,lifestyle,Memorial Day: Important facts about the solemn American holiday
https://www.nbcnews.com/select/shopping/best-pots-indoor-plants-ncna1276079,nbc,select,"Indoor planters from The Sill, Bloomscape and more"
https://www.foxnews.com/health/new-alzheimers-research-reveals-quiet-phase-disease-before-symptoms-appear,fox,health,"New Alzheimer's research reveals 'quiet' phase of the disease, before symptoms appear"
https://www.foxnews.com/media/popstar-olivia-rodrigo-visits-white-house-promotes-covid-19-youth-vaccination-at-press-briefing.print,fox,media,"Popstar Olivia Rodrigo visits White House, promotes COVID 19 youth vaccination at press briefing"
https://www.foxnews.com/politics/schumer-controls-fate-election-integrity-bill-would-require-proof-citizenship-vote,fox,politics,Republicans say Schumer must act on voter proof of citizenship bill if Democrat 'really cares about democracy'
https://www.foxnews.com/politics/trump-meets-everyday-americans-chick-fil-a-biden-fine-dines-clintons-billionaires-dc,fox,politics,"Trump meets everyday Americans at Chick fil A while Biden fine dines with Clintons, billionaires in DC"
https://www.nbcnews.com/tech/tech-news/hurricane-helene-disinformation-social-media-public-officials-response-rcna174305,nbc,tech,Public officials urge halt to the spread of rampant disinformation around Hurricane Helene
https://www.nbcnews.com/politics/2022-election/catherine-cortez-masto-clinched-nevada-seat-senate-rcna56964,nbc,politics,How Catherine Cortez Masto clinched the Nevada seat and the Senate
https://www.nbcnews.com/news/world/north-korea-fires-two-missiles-us-submarine-arrives-south-rcna96101,nbc,news,North Korea fires two missiles after U.S. submarine arrives in South
https://www.foxnews.com/media/former-secret-service-agent-questions-why-trump-rushed-stage-amid-threat-concerns,fox,media,Former Secret Service agent questions why Trump was allowed on stage amid threat concerns: 'Why not delay?'
https://www.foxnews.com/politics/dem-sen-bob-casey-slammed-by-gop-for-shifting-immigration-stances-complicit-in-the-crisis.print,fox,politics,Dem Sen. Bob Casey slammed by GOP for shifting immigration stances: 'Complicit in the crisis'
https://www.nbcnews.com/politics/2024-election/harris-trying-cut-trumps-edge-economy-decide-election-rcna169343,nbc,politics,Harris is trying to cut into Trump's edge on the economy. It could decide the election.
https://www.nbcnews.com/news/world/jd-vance-donald-trump-vice-president-ukraine-russia-war-putin-rcna162468,nbc,news,What JD Vance has said about the war in Ukraine
https://www.nbcnews.com/politics/donald-trump/trump-mar-lago-search-warrant-property-receipt-show-agents-found-trove-rcna42793,nbc,politics,"Trump Mar a Lago search warrant, property receipt show agents found trove of classified docs"
https://www.foxnews.com/lifestyle/this-day-history-feb-12-1809-abraham-lincoln-born-kentucky,fox,lifestyle,"On this day in history, February 12, 1809, Abraham Lincoln is born in Kentucky"
https://www.nbcnews.com/news/china/xi-warned-biden-summit-beijing-will-reunify-taiwan-china-rcna130087,nbc,news,Xi warned Biden during summit that Beijing will reunify Taiwan with China
https://www.foxnews.com/opinion/one-year-after-10-7-attacks-democrat-run-states-have-let-antisemitism-fester.print,fox,opinion,One year after 10/7 attacks and Democrat run states have let antisemitism fester
https://www.nbcnews.com/select/shopping/best-vitamin-e-skin-care-products-rcna103948,nbc,select,Is vitamin E the missing ingredient your skin needs? Here's what derms say.
https://www.foxnews.com/lifestyle/st-patricks-day-origins-beyond-drowning-the-shamrock,fox,lifestyle,St. Patrick's Day: The history behind the holiday in the United States
https://www.nbcnews.com/news/world/israel-netanyahu-biden-criticism-judicial-overhaul-plan-tensions-rcna77122,nbc,news,Israeli leaders lash out at Biden's criticism of judicial overhaul plan
https://www.foxnews.com/politics/usa-powerlifting-applauds-appeals-court-decision-after-transgender-woman-claimed-discrimination,fox,politics,USA Powerlifting applauds appeals court decision after transgender woman claimed discrimination
https://www.nbcnews.com/select/shopping/what-are-ip-ratings-rcna99835,nbc,select,Find out how water resistant your devices are
https://www.nbcnews.com/news/world/israel-protests-netanyahu-judicial-reforms-rcna76942,nbc,news,The fight forthe future of Israel's political system isn't over. Here's what to know.
https://www.nbcnews.com/politics/justice-department/jan-6-rioter-manipulated-trump-fox-news-rcna127404,nbc,politics,"Jan. 6 rioter asks for early release, says he was 'manipulated' by Trump and"
https://www.nbcnews.com/news/world/china-national-peoples-congress-premier-news-conference-scrapped-rcna141592,nbc,news,China scraps premier's conference in surprise move ahead of big annual meeting
https://www.nbcnews.com/select/shopping/gamestop-restock-ps5-xbox-ncna1255174,nbc,select,"Back in stock (for now): Walmart, GameStop restocks of Xbox and PS5"
https://www.foxnews.com/sports/womens-pro-soccer-league-systemic-abuse-exual-misconduct-investigation-reveals,fox,sports,"Women's pro soccer league had systemic abuse and sexual misconduct, investigation reveals"
https://www.foxnews.com/lifestyle/woman-vandalizes-israeli-hostage-posters-front-captives-own-family-new-york-city,fox,lifestyle,Woman vandalizes Israeli hostage posters right in front of captives' family members in New York City
https://www.foxnews.com/politics/biden-admins-proposed-menthol-cigarette-ban-could-become-liability-2024,fox,politics,Biden admin's proposed menthol cigarette ban could become liability in 2024: 'Unintended consequences'
https://www.nbcnews.com/news/world/iran-saudi-arabia-agree-restore-diplomatic-relations-china-rcna74314,nbc,news,Regional rivals Iran and Saudi Arabia agree to restore their ties after years of tensions
https://www.foxnews.com/media/vance-spox-blasts-ap-brazenly-lying-out-context-quote-lost-any-all-credibility,fox,media,Vance spox blasts AP for 'brazenly lying' with out of context school shooting quote: 'Lost all credibility'
https://www.nbcnews.com/politics/2024-election/jd-vance-says-allegations-mark-robinson-arent-necessarily-reality-rcna172122,nbc,politics,Vance says allegations against Mark Robinson 'aren't necessarily reality'
https://www.foxnews.com/media/border-residents-speak-out-kamala-harris-record-border-security,fox,media,Border residents speak out against Kamala Harris' record on security: 'Everything is literally open'
https://www.nbcnews.com/politics/elections/north-carolina-elections-risk-chaos-legislatures-proposed-overhaul-rcna91295,nbc,politics,North Carolina elections at risk of chaos with Legislature's proposed overhaul
https://www.foxnews.com/world/netanyahu-says-security-gaza-critical-stop-hamas-smuggling-hostages-iran-lost-forever,fox,world,Netanyahu says security in Gaza is critical to stop Hamas smuggling hostages into Iran: 'lost forever'
https://www.nbcnews.com/politics/2024-election/ron-desantis-planning-drop-presidential-bid-sunday-rcna134953,nbc,politics,Ron DeSantis suspends his presidential bid and endorses Trump
https://www.foxnews.com/entertainment/simon-cowell-details-years-long-mental-health-battle,fox,entertainment,Simon Cowell details yearslong mental health battle: 'We're not all made of steel'
https://www.nbcnews.com/politics/2024-election/trump-says-presidential-civilian-award-better-top-military-honor-whose-rcna166855,nbc,politics,Trump says presidential civilian award is 'better' than top military honor whose recipients are 'dead' or 'hit' by bullets
https://www.nbcnews.com/news/world/netanyahu-protests-philadelphi-corridor-hostage-deal-demand-rcna169484,nbc,news,Netanyahu faces mounting protests and outrage but stands defiant on hostage deal demand
https://www.nbcnews.com/select/shopping/target-circle-week-deals-july-2024-rcna160485,nbc,select,Target Circle Week has begun we found all the best deals to shop now
https://www.foxnews.com/politics/harris-trump-camps-launch-dueling-ad-blitzes-define-vp-voters,fox,politics,"Harris, Trump camps launch dueling ad blitzes to define VP for voters"
https://www.foxnews.com/media/assassination-expert-trump-triple-secret-service-jfk-still-came-inch-death,fox,media,Assassination expert says Trump had 'triple the Secret Service' JFK had and still came an inch from death
https://www.foxnews.com/world/hezbollah-hits-israel-deadliest-attack-months-long-conflict-idf-says-raising-fears-escalation.print,fox,world,"Hezbollah hits Israel with deadliest attack in months long conflict, IDF says, raising fears of escalation"
https://www.foxnews.com/politics/pennsylvania-republicans-to-draft-bill-diverting-illegal-immigrants-from-secretive-biden-dhs-flights-to-delawa,fox,politics,Pennsylvania Republicans to draft bill to relocate migrants on Biden DHS flights to Delaware
https://www.nbcnews.com/science/environment/heat-waves-hitting-us-europe-virtually-impossible-climate-change-resea-rcna95956,nbc,science,"Heat waves hitting U.S. and Europe 'virtually impossible' without climate change, researchers say"
https://www.nbcnews.com/pop-culture/viral/social-media-users-are-blocking-celebrities-silent-on-gaza-rcna151880,nbc,pop-culture,Social media users are collectively blocking celebrities and influencers who have been silent on Gaza
https://www.nbcnews.com/meet-the-press/meetthepressblog/trump-calls-people-charged-convicted-jan-6-riots-hostages-rcna123617,nbc,meet-the-press,Trump calls people charged and convicted for Jan. 6 riots 'hostages'
https://www.foxnews.com/health/fitness-class-too-loud-know-protecting-hearing-health,fox,health,Fitness class too loud? What to know about protecting your hearing health
https://www.foxnews.com/media/charlamagne-tha-god-praises-trump-ad-harris-supporting-funding-migrant-inmate-sex-changes-that-nuts.print,fox,media,"Charlamagne Tha God praises Trump ad on Harris supporting funding migrant, inmate sex changes: 'That was nuts'"
https://www.nbcnews.com/think/opinion/2022-elections-see-abortion-script-flipped-favor-democrats-rcna49807,nbc,think,Opinion Democrats were once afraid of the A word. Now they're running on it.
https://www.foxnews.com/food-drink/viral-fluffy-coke-drink-trend-takes-tiktok-requires-2-ingredients.print,fox,food-drink,Viral 'Fluffy Coke' drink trend takes over TikTok and it only requires 2 ingredients
https://www.foxnews.com/media/cnn-brian-stelter-andrew-cuomo-leadership-hope-not-false-hope.print,fox,media,"CNN's Brian Stelter gushed over Cuomo's COVID 'leadership': 'He's providing hope, but not false hope'"
https://www.foxnews.com/politics/harris-re-energizes-black-voters-key-states-poll-finds,fox,politics,"Harris re energizes Black voters in key states, poll finds"
https://www.nbcnews.com/politics/donald-trump/sidney-powell-pleads-guilty-georgia-election-interference-case-rcna121210,nbc,politics,Ex Trump lawyer Sidney Powell pleads guilty in Georgia election interference case
https://www.nbcnews.com/news/world/noa-argamani-israel-hamas-hostages-nova-music-festival-rcna129792,nbc,news,Noa Argamani became the face of the Nova music festival hostages
https://www.foxnews.com/opinion/bidens-moral-equivalency-between-israel-palestinians-will-result-failure-again,fox,opinion,Biden's moral equivalency between Israel and the Palestinians will result in failure again
https://www.nbcnews.com/politics/justice-department/judge-orders-jan-6-rioter-showed-obamas-home-detained-trial-rcna93411,nbc,politics,Judge orders Jan. 6 rioter who showed up outside Obama's home detained until trial
https://www.foxnews.com/politics/texas-appeals-court-blocks-state-investigating-parents-providing-children-transgender-treatment,fox,politics,Texas appeals court blocks state from investigating parents providing children with transgender treatment
https://www.nbcnews.com/pop-culture/celebrity/liam-paynes-cause-death-confirmed-autopsy-report-polytrauma-rcna176183,nbc,pop-culture,Liam Payne's cause of death confirmed in autopsy report: What is polytrauma?
https://www.foxnews.com/media/trump-campaign-official-bashes-cnn-cutting-mid-interview-censored-me,fox,media,Trump official says CNN can't handle criticism after host shut down her interview: 'Censored me'
https://www.foxnews.com/politics/biden-cancels-overseas-trip-milton-bears-down-florida-desantis-tells-vp-its-not-about-you-kamala,fox,politics,Biden cancels overseas trip as Milton bears down on Florida; DeSantis tells VP 'it's not about you Kamala'
https://www.nbcnews.com/news/education/hundreds-harvard-faculty-members-urge-university-not-oust-embattled-pr-rcna129027,nbc,news,Hundreds of Harvard faculty members urge university not to oust embattled president
https://www.nbcnews.com/news/world/israel-hamas-war-palestinians-gaza-rafah-nakba-anniversary-rcna152314,nbc,news,Palestinians forced to flee Rafah as Gazans mark bitter Nakba anniversary
https://www.nbcnews.com/select/shopping/valentines-day-gifts-her-ncna1288265,nbc,select,"27 last minute Valentine's Day gifts for her that don't scream ""last minute"""
https://www.nbcnews.com/news/barack-obama-dnc-speech-jennifer-lopez-divorce-morning-rundown-rcna167496,nbc,news,Barack Obama's fiery DNC speech and highest rate of job seekers in a decade: Morning Rundown
https://www.foxnews.com/politics/trump-ups-his-ante-september-fundraising-haul,fox,politics,Trump ups his ante with September fundraising haul
https://www.nbcnews.com/news/world/israel-hezbollah-lebanon-biden-iran-rcna175452,nbc,news,U.S. support for Israel's campaign in Lebanon is 'limited' to Hezbollah
https://www.nbcnews.com/news/world/israeli-found-dead-shot-west-bank-rcna158428,nbc,news,An Israeli found dead after being shot in the West Bank as deadly strikes hit northern Gaza
https://www.foxnews.com/us/the-biggest-challenge-right-now-fuel-rep-greg-steube-florida-talks-hurricane-aftermath,fox,us,'The biggest challenge right now is fuel': Rep. Greg Steube of Florida talks hurricane aftermath
https://www.nbcnews.com/news/nbcblk/un-chief-calls-slavery-reparations-overcome-generations-discrimination-rcna145218,nbc,news,U.N. chief calls for slavery reparations to overcome 'generations of discrimination'
https://www.nbcnews.com/politics/justice-department/trump-fan-gets-eight-years-assaulting-officers-jan-6-capitol-breach-rcna171991,nbc,politics,Trump fan gets eight years for assaulting officers during Jan. 6 Capitol breach
https://www.foxnews.com/politics/judge-releases-more-jack-smith-trump-investigation-docs-public,fox,politics,Trump campaign slams 'witch hunt' after Jack Smith court docs released less than 3 weeks before election
https://www.foxnews.com/politics/biden-admin-hit-lawsuit-eco-actions-industry-says-cost-million-jobs,fox,politics,Biden admin hit with lawsuit over eco actions that industry says could cost million jobs
https://www.foxnews.com/politics/kamala-harris-said-she-could-walk-into-home-legal-gun-owner-inspection,fox,politics,Kamala Harris once said police could pay surprise visits to legal gun owners' homes for safe storage checks
https://www.nbcnews.com/select/shopping/best-anti-snoring-devices-rcna143619,nbc,select,"Wedge pillows, mouthpieces, nasal strips these are the ones that actually work to end snoring, according to experts"
https://www.foxnews.com/politics/new-poll-shows-harris-trump-splitting-key-states,fox,politics,"New poll shows Harris, Trump splitting 2 key states"
https://www.foxnews.com/media/mom-dad-complain-11-year-old-daughter-forced-share-bed-biological-male-school-trip,fox,media,Christian parents complain after 11 year old daughter forced to share bed with biological male on school trip
https://www.nbcnews.com/news/world/visit-far-right-israeli-lawmaker-sparks-jerusalem-unrest-ahead-content-rcna31011,nbc,news,Far right Israeli lawmaker's visit sparks Jerusalem unrest before contentious flag march
https://www.foxnews.com/media/bill-maher-makes-bold-2024-prediction-after-trump-harris-debate,fox,media,Bill Maher makes this bold 2024 prediction after Trump Harris debate
https://www.nbcnews.com/news/investigations/israeli-military-analysts-flagged-hamas-plans-start-war-terror-attack-rcna127686,nbc,news,Israeli military analysts flagged Hamas plans to 'start a war' before terror attack
https://www.nbcnews.com/health/health-news/covid-summer-wave-rcna158638,nbc,health,The Covid summer wave is here
https://www.nbcnews.com/politics/2024-election/democrats-are-nervous-harris-may-ok-trump-pleased-rcna175257,nbc,politics,Democrats are nervous and Kamala Harris may be OK with that
https://www.foxnews.com/world/ukraine-defense-minister-confident-can-replenish-troops-need-weapons-equipment-from-allies,fox,world,"Ukraine defense minister confident can replenish troops but in need of weapons, equipment from allies"
https://www.foxnews.com/entertainment/beatles-paul-mccartney-john-lennon-the-lyrics-book,fox,entertainment,Beatles star Paul McCartney reflects on feud with John Lennon following band's split: 'It hurt'
https://www.nbcnews.com/politics/2024-election/pennsylvania-gov-josh-shapiro-details-call-elon-musk-politics-rcna174735,nbc,politics,"Pennsylvania Gov. Josh Shapiro shares details of his Elon Musk call, says they didn't discuss politics"
https://www.foxnews.com/sports/espn-personalities-slam-bidens-title-ix-proposal-uproar-transgender-athletes-womens-sports,fox,sports,ESPN personalities slam Biden's Title IX proposal amid uproar over transgender athletes in women's sports
https://www.nbcnews.com/news/us-news/second-officer-capitol-riot-dies-suicide-police-chief-says-n1256003,nbc,news,"Second officer from Capitol riot dies by suicide, police chief says"
https://www.nbcnews.com/tech/internet/-eyes-rafah-image-shared-millions-instagram-rcna154380,nbc,tech,'All Eyes on Rafah' image shared by millions on Instagram following Israeli airstrike
https://www.foxnews.com/media/wapo-reporter-suggests-white-house-censor-misinformation-trump-musk-interview-press-briefing,fox,media,WaPo reporter suggests White House censor 'misinformation' from Trump Musk interview at press briefing
https://www.foxnews.com/us/prosecutor-sues-los-angeles-da-retaliation-after-he-punished-misgendering-child-predator,fox,us,Prosecutor sues Los Angeles DA for retaliation after he was punished for 'misgendering' child predator
https://www.nbcnews.com/politics/supreme-court/biden-call-supreme-court-reforms-constitutional-limits-presidential-im-rcna163970,nbc,politics,Biden says Supreme Court reforms are needed to counter an 'extreme and unchecked agenda'
https://www.foxnews.com/lifestyle/charlie-daniels-proud-nonprofit-marks-10-years-helping-america-veterans,fox,lifestyle,Charlie Daniels 'would be proud' as nonprofit marks 10 years of helping America's veterans
https://www.foxnews.com/politics/haitian-refugees-dont-understand-laws-lawmaker-says-amid-fatal-wreck-cultural-clashes,fox,politics,"Haitian refugees 'don't understand the laws,' former lawmaker says amid fatal wreck, cultural clashes"
https://www.nbcnews.com/politics/2024-election/not-accurate-republican-mayor-aurora-pushing-back-trumps-migrant-depic-rcna172743,nbc,politics,'Not accurate': The Republican mayor in Aurora is pushing back at Trump's migrant depictions
https://www.nbcnews.com/news/world/israel-hamas-war-gaza-tunnels-flooded-seawater-plan-hostages-rcna128486,nbc,news,Israel considers flooding Hamas tunnels as it pursues top leader thought to be hiding underground
https://www.nbcnews.com/news/world/north-korea-blows-up-parts-inter-korean-road-south-says-rcna175425,nbc,news,North Korea blows up inter Korean road and rail lines near the border
https://www.nbcnews.com/select/shopping/best-reusable-water-bottles-ncna1267802,nbc,select,Not all reusable water bottles are created equal these are the best ones
https://www.nbcnews.com/politics/2024-election/live-blog/super-tuesday-live-updates-rcna140438#rcrd36247,nbc,politics,"Super Tuesday highlights: Trump, Biden bring in major primary wins as Haley faces a tough delegate outlook"
https://www.nbcnews.com/news/asian-america/chinese-korea-global-adoption-adoptees-grateful-rcna175785,nbc,news,"Amid global adoption reckoning, adoptees say they're fighting a long standing narrative they should be 'grateful'"
https://www.foxnews.com/media/farmers-ranchers-slam-biden-attack-farmers-epa-water-rule-complete-example-govt-overreach.print,fox,media,"Farmers, ranchers slam Biden 'attack on farmers' with EPA water rule: 'Complete example of govt. overreach'"
https://www.foxnews.com/us/hurricane-helene-wreaks-havoc-across-asheville-nc-national-guard-deployed-119-rescued,fox,us,"Hurricane Helene wreaks havoc across Asheville, NC; National Guard deployed, 119 rescued"
https://www.nbcnews.com/politics/national-security/department-homeland-security-shuts-disinformation-board-drew-fire-gop-rcna44757,nbc,politics,Department of Homeland Security shuts down disinformation board that drew fire from GOP
https://www.nbcnews.com/news/world/israel-west-bank-palestinians-deadliest-year-united-nations-report-rcna54643,nbc,news,"2022 likely to be deadliest year for Palestinians in the occupied West Bank, U.N. says"
https://www.nbcnews.com/news/world/gazans-back-two-state-solution-rcna144183,nbc,news,"Gazans increasingly back a two state solution, as support for Hamas drops"
https://www.nbcnews.com/politics/white-house/biden-moves-ahead-tariff-hikes-numerous-chinese-goods-rcna152090,nbc,politics,Biden moves ahead on tariff hikes for numerous Chinese goods
https://www.foxnews.com/politics/baltimore-bridge-collapse-congressional-leaders-considering-federal-assistance,fox,politics,Baltimore bridge collapse: Congressional leaders considering federal assistance
https://www.nbcnews.com/select/shopping/safe-car-travel-dogs-ncna1275708,nbc,select,How to drive safely with a dog
https://www.foxnews.com/media/third-parties-like-cockroaches-kitchen-former-clinton-adviser-says-foul-it-up-biden,fox,media,"Third parties are like 'cockroaches in the kitchen,' former Clinton adviser says: 'Foul it up' for Biden"
https://www.nbcnews.com/news/world/putin-threatens-weapons-attack-west-ukraine-strikes-inside-russia-rcna155795,nbc,news,Putin threatens to provide weapons to attack the West
https://www.nbcnews.com/news/world/israel-hamas-war-gaza-rafah-new-evacuations-al-mawasi-fighting-battles-rcna151792,nbc,news,Israel orders new evacuations in Rafah as it prepares to expand operations in Gaza's southernmost city
https://www.nbcnews.com/politics/joe-biden/biden-sign-major-climate-health-care-spending-bill-rcna43269,nbc,politics,"Biden signs major climate, health care and tax bill into law"
https://www.foxnews.com/sports/riley-gaines-gets-emotional-reading-remarks-lawmakers-says-have-chance-send-message-women,fox,sports,"Riley Gaines gets emotional reading remarks to lawmakers, says they have chance to send message to women"
https://www.foxnews.com/media/usc-student-recounts-disappointment-graduation-commencement-canceled-anti-israel-protests,fox,media,USC student recounts disappointment after graduation commencement was canceled due to anti Israel protests
https://www.foxnews.com/media/cnns-king-charles-ratings-disaster-struggling-network-losing-20-viewers-since-debut,fox,media,"CNN's 'King Charles' another ratings disaster for struggling network, losing 20% of viewers since its debut"
https://www.foxnews.com/lifestyle/veterans-day-numbers-8-facts-federal-holiday,fox,lifestyle,"Before there was Veterans Day, there was Armistice Day"
https://www.foxnews.com/lifestyle/veteran-military-nonprofits-help-americas-heroes-focus-once-lifetime-adventure,fox,lifestyle,Veteran and military nonprofits that help America's heroes are focus of 'once in a lifetime' adventure
https://www.foxnews.com/lifestyle/franklin-grahams-samaritans-purse-sponsors-21-ambulances-israel-replace-destroyed-hamas,fox,lifestyle,Franklin Graham's Samaritan's Purse sponsors 21 ambulances in Israel to replace those destroyed by Hamas
https://www.foxnews.com/health/ellen-degeneres-osteoporosis-heres-what-know-painful-bone-condition.print,fox,health,Ellen DeGeneres has osteoporosis: Here's what to know about the painful bone condition
https://www.nbcnews.com/news/world/blinken-arrives-israel-shore-gaza-cease-fire-n1268447,nbc,news,Blinken arrives in Israel to strengthen Gaza cease fire
https://www.nbcnews.com/news/world/israel-retaliates-lebanon-strike-soccer-field-golan-heights-rcna163953,nbc,news,Fears that war will widen grow as Israel retaliates for a strike that killed 12
https://www.foxnews.com/media/woman-planet-fitness-photographing-trans-member-vows-keep-fighting-long-haul,fox,media,Woman banned by Planet Fitness for photographing trans member vows to keep fighting: 'Here for the long haul'
https://www.nbcnews.com/news/world/live-blog/israel-hamas-war-live-updates-rcna146956,nbc,news,Palestinians return to Khan Younis; Hamas studying Gaza cease fire proposal
https://www.nbcnews.com/news/world/gaza-children-killed-israel-hostage-raid-idf-hamas-war-palestinians-rcna157777,nbc,news,Gazan families mourn children who were killed during the IDF's hostage rescue
https://www.foxnews.com/media/bill-maher-hypes-taylor-swifts-endorsement-kamala-harris-she-has-saved-democracy,fox,media,Bill Maher hypes Taylor Swift's endorsement of Kamala Harris: She has 'saved democracy'
https://www.foxnews.com/media/sharpton-warns-biden-team-too-cocky-about-beating-trump-tell-their-confidence-misplaced.print,fox,media,Sharpton warns Biden team it's too cocky about beating Trump: 'I tell them their confidence is misplaced'
https://www.foxnews.com/faith-values/archbishop-canterbury-condemns-gay-marriage-anglican-bishops-remain-divided,fox,faith-values,"Archbishop of Canterbury condemns gay marriage, but Anglican bishops remain divided"
https://www.foxnews.com/live-news/fox-news-top-talent-react-to-abc-presidential-debate-kamala-harris-donald-trump,fox,live-news,Channel's top talent presidential debate reactions
https://www.nbcnews.com/select/shopping/hey-dewy-humidifier-review-ncna1303397,nbc,select,Allergies acting up? You may need a humidifier. Here's how to choose the best for your space
https://www.nbcnews.com/politics/donald-trump/trump-suggests-injection-disinfectant-beat-coronavirus-clean-lungs-n1191216,nbc,politics,Trump suggests 'injection' of disinfectant to beat coronavirus and 'clean' the lungs
https://www.foxnews.com/politics/pentagon-sending-few-thousand-us-troops-middle-east-one-day-after-biden-promised-he-wouldnt,fox,politics,Pentagon sending a 'few thousand' personnel to Middle East day after Biden said he wouldn't add combat troops
https://www.nbcnews.com/select/shopping/how-much-water-to-drink-rcna140219,nbc,select,How much water do you really need to drink?
https://www.nbcnews.com/news/world/wave-protests-iran-reflects-seething-anger-regime-treats-women-rcna48643,nbc,news,Wave of protests in Iran reflects seething anger over how its regime treats women
https://www.nbcnews.com/investigations/us-garland-indicts-three-iranians-trump-campaign-hack-rcna173001,nbc,investigations,U.S. indicts three Iranians in Trump campaign hack
https://www.foxnews.com/world/biden-warned-meddling-israeli-politics-intel-report-says-netanyahus-leadership-jeopardy,fox,world,Biden warned about 'meddling' in Israeli politics after intel report says Netanyahu's leadership 'in jeopardy'
https://www.foxnews.com/politics/conservative-group-unleashes-six-figure-ad-campaign-targeting-bidens-menthol-cigarette-ban,fox,politics,Conservative group unleashes 6 figure ad campaign targeting Biden's menthol cigarette ban
https://www.nbcnews.com/media/fox-news-settles-dominion-defamation-lawsuit-rcna80285,nbc,media,and Dominion reach $787.5 million settlement in defamation lawsuit
https://www.foxnews.com/health/family-selling-dream-home-fund-life-saving-treatment-daughter.print,fox,health,Family selling dream home to fund life saving treatment for 5 year old daughter
https://www.foxnews.com/politics/trump-stage-mar-a-lago-press-conference-stark-contrast-harris-she-avoids-media,fox,politics,Trump stages Mar a Lago press conference in 'stark contrast' with Harris as she avoids media
https://www.foxnews.com/us/lady-liberty-stands-tall-amid-lightning-strike-in-ny-harbor,fox,us,Lady Liberty stands tall amid lightning strike in NY Harbor
https://www.foxnews.com/us/trump-launches-gofundme-help-hurricane-helene-victims-raises-more-1m,fox,us,"Trump launches GoFundMe to help Hurricane Helene victims, raises more than $1M"
https://www.nbcnews.com/news/world/freed-hamas-hostages-come-home-find-kibbutz-destroyed-rcna128621,nbc,news,Freed Hamas hostages come home to find kibbutz destroyed
https://www.nbcnews.com/politics/justice-department/jan-6-rioter-attacked-cops-lashes-trump-appointed-judge-12-year-senten-rcna153818,nbc,politics,Jan. 6 rioter who attacked cops lashes out at Trump appointed judge after 12 year sentence
https://www.nbcnews.com/science/science-news/hurricane-milton-storm-surge-florida-rcna174597,nbc,science,'Life threatening' storm surge likely as Hurricane Milton takes aim at Florida
https://www.nbcnews.com/politics/donald-trump/trump-rallies-south-bronx-win-black-hispanic-voters-rcna153293,nbc,politics,Trump rallies in the South Bronx as he seeks to win over Black and Hispanic voters
https://www.foxnews.com/tech/how-score-cheap-stuff-keep-resell,fox,tech,How to score cheap stuff (to keep or resell)
https://www.foxnews.com/media/webpage-rated-kamala-harris-most-liberal-senator-2019-suddenly-disappears,fox,media,Webpage that rated Kamala Harris the 'most liberal' senator in 2019 suddenly disappears
https://www.foxnews.com/entertainment/craig-morgan-reflects-faith-family-country-music-stardom-loss-memoir-god-family-country,fox,entertainment,"Craig Morgan reflects on faith, family, country music stardom and loss in his memoir 'God, Family, Country'"
https://www.foxnews.com/politics/congress-expects-emergency-spending-measure-replace-baltimore-bridge-after-collapse,fox,politics,Congress expected to consider emergency spending measure to replace Baltimore bridge after collapse
https://www.nbcnews.com/politics/2024-election/white-dudes-rally-elect-first-female-president-rcna164208,nbc,politics,'White dudes' rally to elect Kamala Harris as the first female president
https://www.nbcnews.com/news/world/everybody-scared-gaza-faces-threat-ground-invasion-tensions-run-high-i-rcna120346,nbc,news,"'Everybody is scared': As Gaza faces threat of ground invasion, tensions run high in Israel"
https://www.nbcnews.com/politics/elections/desantis-signs-bill-creating-election-police-unit-florida-rcna25941,nbc,politics,DeSantis signs bill creating election police unit in Florida
https://www.nbcnews.com/politics/2024-election/jill-biden-honor-husband-convention-monday-appearance-was-going-much-d-rcna166732,nbc,politics,Jill Biden to honor her husband at convention Monday an appearance that once was going to be much different
https://www.foxnews.com/media/ketanji-brown-jackson-speaks-out-trump-immunity-decision-i-concerned,fox,media,Ketanji Brown Jackson speaks out on Trump immunity decision: 'I was concerned'
https://www.foxnews.com/health/dementia-warning-dont-say-16-things-loved-ones-disease-experts-advise,fox,health,"Dementia warning: Don't ever say these 16 things to loved ones with the disease, experts advise"
https://www.foxnews.com/lifestyle/grand-ole-opry-america-strong,fox,lifestyle,Grand Ole Opry celebrates America and now it's coming back strong
https://www.foxnews.com/politics/i-much-better-off-voters-back-trump-top-battleground-county,fox,politics,'I was much better off': These voters back Trump in top battleground county
https://www.nbcnews.com/politics/2024-election/harris-may-locked-first-electoral-vote-nebraska-omaha-rcna172841,nbc,politics,Harris may have locked down her first electoral vote this week
https://www.foxnews.com/politics/mccarthy-says-trump-showing-real-leadership-world-after-assassination-attempt,fox,politics,McCarthy says Trump showing 'real leadership' to the world after assassination attempt
https://www.nbcnews.com/politics/justice-department/feds-say-long-haul-jan-6-investigation-rcna61728,nbc,politics,The feds say they're in for the long haul on Jan. 6. Online sleuths want them to pick up the pace.
https://www.nbcnews.com/news/world/benjamin-netanyahu-israel-prime-minister-sworn-in-right-wing-rcna63616,nbc,news,Netanyahu seals dramatic comeback as he is sworn in as Israel prime minister
https://www.foxnews.com/travel/florida-woman-traveled-55-countries-cruise-ship-vacations-way-go,fox,travel,"Florida woman has traveled to 55 countries, says cruise ship vacations are the way to go"
https://www.nbcnews.com/politics/politics-news/mcconnell-says-he-would-absolutely-support-trump-2024-nominee-n1258911,nbc,politics,McConnell says he would 'absolutely' support Trump as 2024 nominee
https://foxnews.com/politics/taylor-swift-endorses-kamala-harris-president-after-debate-ive-made-my-choice,fox,politics,Taylor Swift endorses Kamala Harris for president after debate: 'I've made my choice'
https://www.nbcnews.com/politics/2024-election/nikki-haley-makes-no-mention-slavery-asked-name-cause-civil-war-rcna131407,nbc,politics,Nikki Haley backpedals amid criticism after omitting 'slavery' from Civil War causes
https://www.nbcnews.com/news/world/iran-supreme-leader-wants-maximum-turnout-rcna158750,nbc,news,Iran's Supreme Leader calls for 'maximum turnout' amid voter apathy
https://www.nbcnews.com/politics/justice-department/capitol-police-officer-eugene-goodman-offers-new-jan-6-details-trial-q-rcna48577,nbc,politics,Capitol Police Officer Eugene Goodman offers new Jan. 6 details at trial of QAnon believer
https://www.foxnews.com/media/biden-tells-the-view-confident-could-have-beaten-trump-loser,fox,media,Biden tells 'The View' he was 'confident' he could have beaten Trump: 'He's a loser'
https://www.foxnews.com/lifestyle/july-4-remember-blessing-living-most-free-prosperous-society-earth,fox,lifestyle,"On July 4, 'remember the blessing of living in the most free and prosperous society' on Earth"
https://www.nbcnews.com/politics/2024-election/mitch-mcconnell-endorses-donald-trump-president-rcna142049,nbc,politics,Mitch McConnell endorses Donald Trump for president
https://www.nbcnews.com/politics/donald-trump/-was-slipping-peoples-blood-police-officer-describes-battling-rioters-rcna32903,nbc,politics,'I was slipping in people's blood': Police officer describes battling rioters after Capitol became a 'war scene'
https://www.nbcnews.com/news/world/north-korea-calls-south-korea-hostile-state-constitution-change-rcna175865,nbc,news,"North Korea calls South Korea a 'hostile state,' indicating constitution change"
https://www.foxnews.com/media/utah-governor-blasts-politicized-american-medical-association-pushing-gender-transition-minors,fox,media,Utah governor blasts 'politicized' American Medical Association for pushing gender transition for minors
https://www.nbcnews.com/politics/white-house/biden-speak-netanyahu-escalating-tensions-us-israel-relationship-rcna143858,nbc,politics,"Biden speaks with Netanyahu amid escalating tensions in U.S. Israel, warns against Rafah invasion"
https://www.foxnews.com/politics/fox-news-power-rankings-three-governors-races-watch-election-night.print,fox,politics,Power Rankings: Three governor's races to watch on election night
https://www.foxnews.com/media/cnns-dana-bash-argues-dnc-appeals-men-who-not-so-testosterone-laden.print,fox,media,CNN's Dana Bash argues DNC appeals to men who are not so 'testosterone laden'
https://www.foxnews.com/us/rachel-morins-family-slams-biden-harris-silence-over-her-murder-allegedly-committed-illegal-migrant,fox,us,Rachel Morin's family slams Biden Harris for silence over her murder allegedly committed by illegal migrant
https://www.foxnews.com/politics/biden-admin-convenes-legal-experts-protecting-womens-reproductive-health-supreme-court-ruling.print,fox,politics,Biden admin convenes legal experts on protecting women's reproductive health after Supreme Court ruling
https://www.foxnews.com/lifestyle/meet-american-who-reported-first-sensational-ufo-encounters-puritan-leader-john-winthrop,fox,lifestyle,"Meet the American who reported the first sensational UFO encounters, Puritan leader John Winthrop"
https://www.nbcnews.com/news/world/iran-may-preparing-arm-russia-short-range-ballistic-missiles-rcna55101,nbc,news,Iran may be preparing to arm Russia with short range ballistic missiles
https://www.foxnews.com/entertainment/production-companies-said-filming-georgia-states-abortion-law.print,fox,entertainment,Georgia abortion law: A look back at what Hollywood production companies have said about filming in the state
https://www.foxnews.com/politics/trump-sounds-alarm-illegal-immigrant-murderers-bad-genes-in-country.print,fox,politics,Trump sounds alarm on illegal immigrant murderers: 'A lot of bad genes in our country'
https://www.foxnews.com/entertainment/ticketmaster-apologizes-taylor-swift-fans-sales-disaster,fox,entertainment,"Ticketmaster apologizes to Taylor Swift, fans over sales disaster"
https://www.nbcnews.com/news/world/us-china-climate-change-kerry-rcna94800,nbc,news,"As the world sizzles, U.S. and China try to restart vital climate talks"
https://www.foxnews.com/politics/fox-news-power-rankings-harris-loses-her-lead-new-electorate-emerges,fox,politics,Power Rankings: Harris loses her lead and a new electorate emerges
https://www.nbcnews.com/politics/justice-department/stewart-rhodes-wrote-message-trump-jan-6-calling-republic-arrest-membe-rcna55216,nbc,politics,Stewart Rhodes wrote message to Trump after Jan. 6 calling on him to 'save the Republic' and arrest members of Congress
https://www.nbcnews.com/politics/politics-news/echoing-desantis-florida-s-new-surgeon-general-argues-against-covid-n1282082,nbc,politics,"Echoing DeSantis, Florida's new surgeon general argues against Covid vaccines, mandates"
https://www.nbcnews.com/politics/2024-election/former-trump-press-secretary-stephanie-grisham-endorses-harris-convent-rcna167476,nbc,politics,Ex Trump press secretary Stephanie Grisham says he mocked his supporters as 'basement dwellers'
https://www.foxnews.com/politics/crunch-time-harris-team-up-barack-michelle-obama-next-week-key-battlegrounds,fox,politics,Crunch time: Harris to team up with Barack and Michelle Obama next week in key battlegrounds
https://www.foxnews.com/entertainment/jelly-roll-had-lot-time-write-songs-prison-before-finding-massive-success-country-music,fox,entertainment,Jelly Roll 'had a lot of time' to write songs in prison before finding massive success in country music
https://www.nbcnews.com/news/afghan-accused-plotting-terror-attack-worked-cia-guard-officials-say-rcna174783,nbc,news,"Afghan accused of plotting terror attack worked as CIA guard, officials say"
https://www.nbcnews.com/politics/2024-election/georgia-election-board-votes-ballots-hand-counted-rcna172015,nbc,politics,Georgia election board votes to require ballots be hand counted in November
https://www.foxnews.com/us/florida-bus-carrying-migrant-workers-crashes-killing-8-injuring-dozens-officials,fox,us,"Florida bus carrying migrant farmworkers crashes, killing at least 8 and injuring dozens more: officials"
https://www.nbcnews.com/select/shopping/dermatologists-skin-care-routine-ncna1303681,nbc,select,Five dermatologists share their everyday skin care routines
https://www.foxnews.com/sports/nelly-korda-suffers-unbelievable-meltdown-us-womens-open-early-septuple-bogey,fox,sports,Nelly Korda suffers unbelievable meltdown at US Women's Open with early septuple bogey
https://www.nbcnews.com/politics/donald-trump/live-blog/trump-trial-live-updates-fani-willis-rcna142772,nbc,politics,Nathan Wade resigns from Fani Willis led Trump election case after judge's ruling: Highlights
https://www.nbcnews.com/news/world/israel-s-netanyahu-misses-deadline-form-new-government-n1266353,nbc,news,Israel's Netanyahu runs out of time to form a new government
https://www.nbcnews.com/tech/social-media/mark-zuckerberg-apologizes-parents-online-child-safety-hearing-rcna136578,nbc,tech,Mark Zuckerberg apologizes to victims' families as senators demand tech platforms do better by kids
https://www.foxnews.com/lifestyle/meet-american-who-inspired-nation-two-world-wars-christian-soldier-sgt-alvin-york.print,fox,lifestyle,Meet the American who inspired the nation in two world wars: Christian soldier Sgt. Alvin York
https://www.foxnews.com/media/kamala-harris-grants-first-interview-cnn-after-weeks-avoiding-press-joined-tim-walz,fox,media,"Kamala Harris grants first interview to CNN after weeks of avoiding press, to be joined by Tim Walz"
https://www.nbcnews.com/select/shopping/best-low-maintenance-plants-ncna1276969,nbc,select,Kill it at gardening without killing your plants the best low effort plants
https://www.foxnews.com/sports/san-jose-state-womens-volleyballs-trans-player-raises-eyebrows-brutal-spike-vs-new-mexico.print,fox,sports,San Jose State women's volleyball's trans player raises eyebrows with brutal spike vs New Mexico
https://www.nbcnews.com/pop-culture/pop-culture-news/emmy-nominations-2024-live-updates-rcna162133,nbc,pop-culture,Emmy nominations 2024: Complete list
https://www.foxnews.com/media/msnbcs-stephanie-ruhle-fawns-over-harris-says-non-answers-okay-arent-clear-direct-issues,fox,media,"MSNBC's Stephanie Ruhle fawns over Harris, says non answers are 'okay': These aren't 'clear and direct issues'"
"https://www.foxnews.com/politics/biden-questioned-migrant-surge-says-not-rational-send-them-back-venezuela-cuba-nicaragua#&_intcmp=hp1bt1,hp1bt",fox,politics,"Biden questioned on migrant surge, says 'not rational' to 'send them back' to Venezuela, Cuba, Nicaragua"
https://www.foxnews.com/politics/veterans-increasingly-calling-out-walzs-military-record-shameful,fox,politics,Veterans increasingly calling out Walz's military record: 'Shameful'
https://www.nbcnews.com/select/shopping/midea-u-air-conditioner-ncna1295404,nbc,select,The Midea U is my first air conditioner splurge
https://www.nbcnews.com/select/shopping/best-dry-dog-food-ncna1303841,nbc,select,Not all dry dog foods are good for all dogs here's how to choose
https://www.foxnews.com/entertainment/taylor-swift-screams-eras-tour-concert-security-guard-stop-harassing-fan,fox,entertainment,Taylor Swift screams during Eras Tour concert for security guard to stop harassing fan
https://www.nbcnews.com/politics/donald-trump/jack-smith-urges-trump-classified-docs-judge-set-clarence-thomas-opini-rcna161669,nbc,politics,Jack Smith urges Trump classified docs judge to set aside Clarence Thomas opinion on special counsels
https://www.nbcnews.com/news/world/putin-xi-meet-shanghai-cooperation-organization-rcna160297,nbc,news,Putin and Xi meet at Central Asian summit aimed at countering U.S.
https://www.nbcnews.com/select/shopping/best-electric-toothbrush-kids-ncna1289925,nbc,select,Should kids use an electric toothbrush? Here's what dentists think.
https://www.nbcnews.com/business/consumer/how-ai-artificial-intelligence-fights-taxpayer-fraud-treasury-dept-rcna175916,nbc,business,Treasury Department now using AI to save taxpayers billions
https://www.foxnews.com/politics/haitian-migration-roils-town-battleground-state-signs-pro-trump-support-rise.print,fox,politics,Haitian migration roils town in key battleground state with signs of pro Trump support on the rise
https://www.foxnews.com/sports/eagles-nick-sirianni-has-heated-spat-fans-after-close-win-vs-browns,fox,sports,Eagles' Nick Sirianni has heated spat with fans after close win vs Browns
https://www.nbcnews.com/news/world/live-blog/israel-hamas-war-live-updates-us-israel-increasingly-isolated-growing-rcna129223,nbc,news,U.N. General Assembly votes for cease fire resolution opposed by U.S. and Israel
https://www.nbcnews.com/politics/supreme-court/supreme-court-agrees-hear-jan-6-cases-affect-trump-prosecution-rcna128202,nbc,politics,Supreme Court agrees to hear Jan. 6 case that could affect Trump prosecution
https://www.nbcnews.com/news/us-news/suspect-laken-riley-killing-indicted-murder-kidnapping-peeping-tom-cha-rcna151254,nbc,news,"Suspect in Laken Riley killing indicted on murder, kidnapping and 'peeping tom' charges"
https://www.foxnews.com/opinion/july-fourth-blessings-america-lessons-from-red-white-blue,fox,opinion,"July Fourth blessings on America, with lessons from the red, white and blue"
https://www.foxnews.com/lifestyle/national-pow-mia-recognition-day-reminds-americans-nobility-war-heroes-ongoing-need-do-better.print,fox,lifestyle,National POW/MIA Recognition Day reminds Americans of 'nobility' of war heroes and the need to do better
https://www.nbcnews.com/news/nbcblk/historically-black-community-grapples-lasting-impacts-baltimore-bridge-rcna176143,nbc,news,A historically Black community grapples with lasting impacts after Baltimore bridge collapse
https://www.foxnews.com/us/venezuelan-gang-tren-de-aragua-take-over-texas-hotel-county-officials-work-shut-down-business,fox,us,"Venezuelan gang Tren de Aragua take over Texas hotel, county officials work to shut down business"
https://www.foxnews.com/sports/lexi-thompson-reflects-emotional-week-playing-usa-likely-last-time-solheim-cup,fox,sports,Lexi Thompson reflects on 'emotional week' playing for USA for likely last time at Solheim Cup
https://www.foxnews.com/tech/watch-out-biggest-data-breaches-2024-so-far,fox,tech,"Watch out: Biggest data breaches of 2024, so far"
https://www.nbcnews.com/select/shopping/how-often-to-bathe-your-dog-rcna148001,nbc,select,How often should you bathe your dog? There are 3 factors to keep in mind
https://www.nbcnews.com/politics/congress/senate-republicans-block-border-security-bill-campaign-border-chaos-rcna153607,nbc,politics,Senate Republicans block border security bill as they campaign on border chaos
https://www.nbcnews.com/news/world/north-korea-launches-icbm-threatening-us-alleged-spy-flights-rcna93794,nbc,news,North Korea launches ICBM after threatening U.S. over alleged spy flights
https://www.foxnews.com/lifestyle/florida-beach-living-carefree-answer-caregiving-couple.print,fox,lifestyle,Florida beach living is the carefree answer for one caregiving couple
https://www.foxnews.com/politics/harris-campaign-wont-give-details-type-gun-she-owns-last-time-she-went-range,fox,politics,"Harris campaign won't give details on type of gun she owns, last time she went to range"
https://www.nbcnews.com/news/nbcblk/country-music-typically-white-space-mickey-guyton-ready-change-it-n1234821,nbc,news,Country music is typically a white space. Mickey Guyton is ready to change it.
https://www.foxnews.com/health/autoimmune-disease-sufferers-ginger-may-play-critical-role-controlling-inflammation-study-finds,fox,health,"For autoimmune disease sufferers, ginger may 'play a critical role' in controlling inflammation, study finds"
https://www.nbcnews.com/politics/congress/sen-bernie-sanders-opposes-giving-israel-10-billion-aid-rcna128102,nbc,politics,Sen. Bernie Sanders opposes giving Israel $10 billion in aid
https://www.foxnews.com/entertainment/one-directions-liam-payne-mourned-hollywood-after-death-31-absolutely-heartbreaking.print,fox,entertainment,One Direction's Liam Payne mourned by Hollywood after death at 31: 'Absolutely heartbreaking'
https://www.foxnews.com/entertainment/luke-bryans-son-surprised-katy-perry-odd-question-his-dad,fox,entertainment,Luke Bryan's son surprised Katy Perry with a very odd question for his dad
https://www.foxnews.com/politics/texas-congressman-becomes-first-elected-dem-call-biden-withdraw-from-election-too-much-stake,fox,politics,Texas congressman becomes first elected Dem to call on Biden to withdraw from election: 'Too much is at stake'
https://www.nbcnews.com/politics/donald-trump/trump-employee-told-fbi-former-president-ordered-staff-move-boxes-docu-rcna52019,nbc,politics,A Trump employee told the FBI that the former president ordered staff to move boxes of documents at Mar a Lago
https://www.foxnews.com/politics/georgia-high-court-restores-states-six-week-heartbeat-abortion-law,fox,politics,Georgia high court restores state's 6 week 'heartbeat' abortion law
https://www.foxnews.com/entertainment/met-gala-2024-kim-kardashian-rita-ora-emily-ratajkowski-brave-red-carpet-daring-sheer-dresses,fox,entertainment,"Met Gala 2024 sees Kim Kardashian, Rita Ora and Emily Ratajkowski brave red carpet in daring sheer dresses"
https://www.nbcnews.com/politics/justice-department/proud-boys-blame-trump-defendants-prepare-find-fate-sedition-trial-rcna81234,nbc,politics,Proud Boys blame Trump as defendants prepare to find out fate in sedition trial
https://www.nbcnews.com/news/3-israeli-hostages-tried-only-killed-military-rcna130912,nbc,news,"How 3 Israeli hostages tried to save themselves, only to be killed by their own military"
https://www.foxnews.com/lifestyle/christian-nationalism-obsession-left-aims-marginalize-pro-life-christians-radio-host,fox,lifestyle,'Christian nationalism' obsession by some on the left aims to marginalize pro life Christians: Radio host
https://www.nbcnews.com/select/shopping/editors-favorite-products-march-rcna145578,nbc,select,"The 19 best products we tried and loved this month: Medicube, Phlur and more"
https://www.foxnews.com/media/brian-stelter-remains-defiant-final-reliable-sources-doubles-down,fox,media,Brian Stelter remains defiant as final 'Reliable Sources' doubles down on what critics say got it canceled
https://www.foxnews.com/politics/beyond-insane-economists-slam-biden-harris-proposal-tax-unrealized-investment-returns,fox,politics,'Beyond Insane': Economists slam Biden Harris proposal to tax unrealized investment returns
https://www.foxnews.com/us/trump-assassination-attempt-why-florida-prosecutor-says-insanity-defense-wont-stick-suspect,fox,us,Trump assassination attempt: Why Florida prosecutor says 'insanity' defense won't stick for suspect
https://www.foxnews.com/media/cnns-long-struggling-am-lineup-gets-another-reboot,fox,media,CNN's long struggling AM lineup gets another reboot as network fails to maintain signature morning show
https://www.foxnews.com/official-polls/fox-news-poll-voters-choice-flipped-arizona-since-last-month.print,fox,official-polls,Poll: Voters' choice has flipped in Arizona since last month
https://www.foxnews.com/health/when-parent-must-care-parent-how-avoid-caregiving-burnout-according-experts,fox,health,"When a parent must care for a parent: How to avoid caregiving burnout, according to experts"
https://www.nbcnews.com/news/world/hamas-israel-cease-fire-talks-ended-rcna150779,nbc,news,CIA director may travel to Israel for more cease fire and hostage negotiations
https://www.foxnews.com/politics/tightest-race-since-2000-harris-trump-showdown-final-stretch-until-election-day,fox,politics,'Tightest race since 2000': Harris Trump showdown hits final stretch until Election Day
https://www.nbcnews.com/select/shopping/black-friday-2022-home-kitchen-deals-ncna1301100,nbc,select,The 25+ best Cyber Monday kitchen and home deals
https://www.foxnews.com/media/nbcs-kristen-welker-incorrectly-claims-harris-dignified-transfer-commemoration-13-service-members,fox,media,'s Kristen Welker incorrectly claims Harris was at dignified transfer commemoration for 13 service members
https://www.nbcnews.com/politics/2024-election/key-nebraska-republican-opposes-changing-state-awards-electoral-votes-rcna172276,nbc,politics,"Key Nebraska Republican opposes changing how the state awards electoral votes, blocking Trump push"
https://www.foxnews.com/world/israel-says-top-hamas-rafah-brigade-dismantled-philadelphi-corridor-2000-terrorists-killed,fox,world,"Israel says top Hamas Rafah brigade 'dismantled' on Philadelphi Corridor, 2,000 terrorists killed"
https://www.foxnews.com/food-drink/north-carolina-woman-eats-nothing-sardines-loses-35-pounds-this-not-diet,fox,food-drink,"North Carolina woman eats nothing but sardines, loses 35 pounds: 'This is not a diet'"
https://www.foxnews.com/politics/new-report-warns-bloodthirsty-venezuelan-gangs-footprint-remain-us-for-decades,fox,politics,New report warns bloodthirsty Venezuelan gang's footprint will remain in US 'for decades'
https://www.foxnews.com/politics/cardinal-dolan-upset-harris-skipping-al-smith-dinner.print,fox,politics,Cardinal Dolan 'upset' that Harris skipping Al Smith Dinner
https://www.nbcnews.com/politics/2022-election/live-blog/midterm-elections-live-updates-rcna56065,nbc,politics,"Midterm elections see key runoff, razor thin races as Senate and House control hangs in the balance"
https://www.nbcnews.com/news/mideast/potential-al-qaeda-resurgence-afghanistan-worries-u-s-officials-n1276614,nbc,news,Potential Al Qaeda resurgence in Afghanistan worries U.S. officials
https://www.nbcnews.com/politics/2024-election/dead-heat-trump-pulls-even-harris-nbc-news-poll-rcna174201,nbc,politics,'Dead heat': Trump pulls even with Harris in poll
https://www.nbcnews.com/news/world/hostages-held-hamas-describe-life-was-captivity-rcna126781,nbc,news,Newly freed hostages describe what life was like while being held by Hamas
https://www.foxnews.com/politics/pelosi-beams-about-warm-relationship-bush-family-amid-biden-turmoil,fox,politics,Pelosi gushes about warm relationship with Bush family amid Biden turmoil
https://www.foxnews.com/us/california-banning-another-popular-plastic-bag-grocery-stores,fox,us,California banning another popular plastic bag from all grocery stores
https://www.foxnews.com/us/north-carolina-mom-4-swept-up-hurricane-helene-flooding-front-husband-8-year-old-son,fox,us,"North Carolina mom of 4 swept up by Hurricane Helene flooding in front of husband, 8 year old son"
https://www.foxnews.com/entertainment/liam-payne-911-call-claims-singer-intoxicated-breaking-whole-room-before-hotel-death.print,fox,entertainment,"Liam Payne 911 call claims singer was intoxicated, 'breaking the whole room' before hotel death"
https://www.nbcnews.com/select/shopping/garmin-forerunner-165-review-rcna149853,nbc,select,I wore the Garmin Forerunner 165 for a month and now it's my new favorite running watch
https://www.foxnews.com/politics/bidens-border-crisis-wreaking-havoc-k-12-schools-says-top-gop-lawmaker,fox,politics,"Biden's border crisis is 'wreaking havoc' on K 12 schools, says top GOP lawmaker"
https://www.nbcnews.com/politics/2024-election/judge-rules-rfk-jrs-bid-appear-new-york-ballot-fall-rcna166316,nbc,politics,Judge rules against RFK Jr.'s bid to appear on New York ballot this fall
https://www.nbcnews.com/news/world/israel-hamas-war-rafah-destroyed-tunnels-idf-visit-cease-fire-talks-rcna160651,nbc,news,Devastated Rafah a ghost town as cease fire and hostage release talks go on
https://www.nbcnews.com/weather/hurricanes/hurricane-milton-tracker-map-path-forecast-status-rcna174747,nbc,weather,"Hurricane Milton tracker: See map, forecast and status"
https://www.foxnews.com/politics/nra-leaders-knock-back-liberal-pols-working-exaggerate-our-death-havent-lost-beat,fox,politics,NRA leaders knock back liberal pols 'who want to exaggerate our death': 'We haven't lost a beat'
https://www.nbcnews.com/politics/national-security/us-iran-indirect-talks-prisoner-exchange-uk-qatar-rcna70645,nbc,politics,"U.S., Iran holding indirect talks on a possible prisoner exchange"
https://www.nbcnews.com/select/shopping/best-scalp-treatments-for-healthy-hair-rcna122565,nbc,select,Itchy scalp? Your hair washing routine could be at fault here's how to fix it
https://www.nbcnews.com/politics/national-security/secret-service-director-step-resignation-calls-trump-assassination-att-rcna163222,nbc,politics,Secret Service director resigns after admitting agency's failure to protect Trump
https://www.foxnews.com/entertainment/billy-joel-weight-loss-madison-square-garden,fox,entertainment,Billy Joel unveils 50 pound weight loss at Madison Square Garden following back surgery
https://www.nbcnews.com/select/shopping/best-video-games-beginners-ncna1303300,nbc,select,The best video games for beginners to try this year
https://www.foxnews.com/media/analysis-finds-americans-need-extra-11400-afford-basics-gop-lawmakers-blame-bidenomics,fox,media,"Analysis finds Americans need extra $11,400 to afford the basics as GOP lawmakers blame 'Bidenomics'"
https://www.foxnews.com/media/trump-says-there-no-third-debate-claiming-victory-against-harris-tuesdays-showdown,fox,media,"Trump says 'there will be no third debate,' claiming victory against Harris in Tuesday's showdown"
https://www.foxnews.com/politics/republicans-raise-alarm-biden-admin-prepares-plan-protect-wolves-nationwide.print,fox,politics,Republicans raise alarm as Biden admin prepares plan to protect wolves nationwide
https://www.foxnews.com/lifestyle/arizona-students-raise-nearly-10k-heart-surgery-teachers-wife-made-me-cry,fox,lifestyle,Arizona students raise nearly $10K for heart surgery for teacher's wife: 'Made me cry'
https://www.foxnews.com/food-drink/7-sneaky-calorie-culprits-healthy-green-salad,fox,food-drink,7 sneaky calorie culprits that are creeping into your healthy green salad
https://www.nbcnews.com/news/world/palestinian-civilians-trapped-gaza-amid-intensifying-israeli-bombing-n1267335,nbc,news,'Very afraid': Israeli bombing leaves no rest for weary Palestinians
https://www.nbcnews.com/select/shopping/best-affordable-air-fryer-ncna1264288,nbc,select,Air fryers under $100 built with adjustable cook settings
https://www.nbcnews.com/news/asian-america/he-shot-everyone-he-saw-atlanta-spa-workers-recount-horrors-n1262928,nbc,news,He shot at 'everyone he saw': Atlanta spa workers recount horrors of shooting
https://www.nbcnews.com/politics/2024-election/trump-black-latino-harris-supporters-need-head-examined-rcna175635,nbc,politics,"Trump says Black and Latino voters who back Harris need their 'head examined,' echoing an increasingly frequent barb"
https://www.foxnews.com/sports/pat-mahomes-sr-pleads-guilty-dwi-3rd-more-charge,fox,sports,Pat Mahomes Sr pleads guilty to DWI 3rd time or more charge
https://www.foxnews.com/politics/rick-scott-leads-effort-up-secret-service-protections-after-2nd-assassination-attempt-trump.print,fox,politics,Rick Scott leads effort to up Secret Service protections after 2nd assassination attempt on Trump
https://www.nbcnews.com/news/us-news/flashpoint-trump-republican-christian-tv-show-rcna150303,nbc,news,Inside the Christian TV show rallying Trump superfans with apocalyptic warnings
https://www.foxnews.com/politics/bidens-border-policies-would-likely-extended-swing-state-dem-governor-new-nominee,fox,politics,Biden's border policies would likely be extended if this swing state Dem governor is the new nominee
https://www.nbcnews.com/news/world/south-korea-suspend-military-pact-north-trash-balloons-rcna155131,nbc,news,South Korea to suspend military pact with North over trash balloons
https://www.nbcnews.com/tech/internet/lieutenant-dan-hurricane-milton-florida-tampa-boat-tiktok-video-rcna174860,nbc,tech,Tampa man survives Hurricane Milton in his sailboat
https://www.nbcnews.com/news/world/israel-mossad-assassinates-enemies-munich-olympics-hamas-rcna132908,nbc,news,Israel has a long track record of assassinating its enemies. Will it work against Hamas?
https://www.foxnews.com/politics/do-potential-biden-replacements-have-what-takes-beat-trump,fox,politics,Do these potential Biden replacements have what it takes to beat Trump?
https://www.foxnews.com/politics/california-sues-beach-city-voter-id-law-backed-majority-residents,fox,politics,California sues beach city over voter ID law backed by majority of residents
https://www.foxnews.com/politics/sen-ron-johnson-releases-preliminary-findings-probe-trump-assassination-attempt,fox,politics,Sen. Ron Johnson releases preliminary findings of probe into Trump assassination attempt
https://www.nbcnews.com/news/world/israel-lebanon-hezbollah-evacuation-strikes-rcna172180,nbc,news,"Lebanon says nearly 500 people were killed and 1,650 injured in Israel bombing"
https://www.foxnews.com/lifestyle/yum-yuck-delicious-things-can-do-salty-anchovies,fox,lifestyle,Yum or yuck? 3 delicious recipes you can make with salty anchovies
https://www.nbcnews.com/science/environment/gulf-mexico-hot-hurricane-season-ominously-quiet-rcna168040,nbc,science,"The Gulf of Mexico is blazing hot, but hurricane season is ominously quiet"
https://www.foxnews.com/politics/trump-edges-biden-again-new-2024-poll-builds-support-younger-voters,fox,politics,"Trump edges Biden again in new 2024 poll, builds support with younger voters"
https://www.foxnews.com/lifestyle/have-cup-eat-it-too-coffee-shop-introduces-edible-cups-effort-cut-down-waste,fox,lifestyle,"Have your cup and eat it, too: Coffee shop introduces edible cups in an effort to cut down on waste"
https://www.nbcnews.com/select/shopping/moccamaster-coffee-maker-review-rcna171847,nbc,select,Coffee enthusiasts love the Moccamaster but is it worth the price? I tried it for a month to find out
https://www.nbcnews.com/select/shopping/bose-quietcomfort-ii-headphones-launch-ncna1298716,nbc,select,Bose's new QuietComfort II earbuds take ANC to the next level
https://www.foxnews.com/politics/trump-calling-harris-comrade-top-democrat-surrogates-argue-that-boat-doesnt-float,fox,politics,"On Trump calling Harris 'comrade,' top Democrat surrogates argue 'that boat doesn't float'"
https://www.nbcnews.com/politics/national-security/israel-destroy-hamas-who-will-govern-gaza-rcna120766,nbc,politics,Israel says it wants to destroy Hamas. But who would govern Gaza after that?
https://www.foxnews.com/world/who-is-noa-argamani-woman-kidnapped-hamas-terrorists-trance-music-festival-israel,fox,world,Who is Noa Argamani? Woman kidnapped by Hamas terrorists at trance music festival in Israel
https://www.nbcnews.com/politics/justice-department/antifa-january-6-capitol-riot-conspiracy-theory-social-media-rcna125369,nbc,politics,Jan. 6 rioters the far right claimed were antifa keep getting unmasked as Trump supporters
https://www.nbcnews.com/news/world/ratan-tata-put-indias-tata-group-global-map-dies-86-rcna174802,nbc,news,"Ratan Tata, who put India's Tata Group on the global map, dies at 86"
https://www.foxnews.com/health/caregiver-fatigue-america-unprecedented-rise-report,fox,health,Caregiver fatigue in America rising at unprecedented rate: reports
https://www.nbcnews.com/politics/justice-department/reagan-appointed-judge-warns-gops-preposterous-claims-jan-6-pose-threa-rcna135754,nbc,politics,Reagan appointed judge warns GOP's 'preposterous' claims about Jan. 6 could pose threat
https://www.foxnews.com/entertainment/oppenheimer-stars-matt-damon-emily-blunt-neighbors,fox,entertainment,"'Oppenheimer' stars Matt Damon, Emily Blunt on being neighbors and the one thing they'll never do together"
https://www.foxnews.com/politics/kamala-era-dnc-launches-taylor-swift-themed-campaign-pitch-young-voters,fox,politics,'Kamala Era': DNC launches Taylor Swift themed campaign in pitch to young voters
https://www.foxnews.com/lifestyle/this-day-history-dec-15-1791-bill-rights-ratified-unique-freedoms-nation.print,fox,lifestyle,"On this day in history, December 15, 1791, Bill of Rights ratified, codifying unique freedoms in new nation"
https://www.foxnews.com/politics/judge-blocks-texas-ag-requiring-info-transgender-kids-receiving-gender-transition-treatment,fox,politics,Judge blocks Texas AG from requiring info on transgender kids receiving gender transition treatment
https://www.foxnews.com/us/new-jersey-couple-just-sitting-backyard-when-massive-object-falls-from-sky-out-nowhere.print,fox,us,New Jersey couple just sitting in their backyard when massive object falls from sky 'out of nowhere'
https://www.nbcnews.com/news/world/trump-s-mideast-peace-plan-comes-under-surprise-attack-israeli-n1224686,nbc,news,Trump's Mideast peace plan comes under surprise attack from settlers
https://www.foxnews.com/entertainment/king-charles-queen-camilla-reportedly-pulled-from-royal-outing-due-security-scare,fox,entertainment,"King Charles, Queen Camilla reportedly pulled from royal outing due to security scare"
https://www.foxnews.com/sports/taylor-swift-arrives-chiefs-ravens-week-1-opener,fox,sports,Taylor Swift arrives for Chiefs Ravens Week 1 opener
https://www.foxnews.com/politics/deadliest-storms-since-katrina-georgia-republican-demands-emergency-session-congress.print,fox,politics,GOP lawmaker in hurricane ravaged Georgia demands emergency session of Congress
https://www.nbcnews.com/nbc-out/out-news/imane-khelif-boxing-win-olympics-gender-eligibility-rcna164662,nbc,nbc-out,Boxer previously barred from women's events wins fight after opponent quits in 46 seconds
https://www.nbcnews.com/politics/2024-election/trumps-lawyers-seek-post-election-day-delay-court-fight-immunity-decis-rcna169022,nbc,politics,Trump's lawyers seek post Election Day delay for court fight over immunity decision fallout in interference case
https://www.nbcnews.com/tech/misinformation/russia-operated-nearly-1000-sock-puppet-accounts-x-justice-department-rcna161004,nbc,tech,"Russia operated nearly 1,000 sock puppet accounts on X, Justice Department says"
https://www.nbcnews.com/news/world/us-uk-8-countries-pausing-funding-unrwa-allegations-12-employees-part-rcna136030,nbc,news,"U.S., U.K. among 9 countries pausing funding to UNRWA amid allegations 12 employees were part of Oct. 7 attack"
https://www.nbcnews.com/politics/2024-election/republicans-anti-trump-effort-flounders-rcna116977,nbc,politics,Republicans' anti Trump effort flounders as the former president cruises ahead
https://www.nbcnews.com/news/us-news/us-send-troops-ready-help-evacuate-us-citizens-lebanon-rcna172367,nbc,news,U.S. to send troops to be ready to help evacuate U.S. citizens from Lebanon
https://www.foxnews.com/food-drink/candy-tours-america-5-destinations-sweet-family-memories,fox,food-drink,Candy tours of America: 5 delectable destinations for sweet family memories
https://www.nbcnews.com/news/world/flooding-beijing-china-rain-rcna97473,nbc,news,20 dead and 27 missing in flooding around Beijing after days of rain
https://www.nbcnews.com/news/world/russia-us-soldier-gordon-black-arrested-theft-charges-vladivostok-rcna150992,nbc,news,Army investigating whether detained U.S. soldier was lured to Russia by intelligence services
https://www.foxnews.com/media/fox-news-media-proposes-trump-harris-debate-moderated-martha-maccallum-bret-baier.print,fox,media,"Media proposes Trump Harris debate moderated by Martha MacCallum, Bret Baier"
https://www.nbcnews.com/science/environment/why-i-can-t-breathe-resonating-environmental-justice-activists-n1228561,nbc,science,Environmental activism has a racial blind spot. The science shows the fallout.
https://www.foxnews.com/sports/national-womens-soccer-league-faces-lawsuit-former-employee-alleges-sexual-assault,fox,sports,National Women's Soccer League faces lawsuit as former employee alleges sexual assault
https://www.nbcnews.com/news/us-news/tourists-came-sunny-disney-vacation-are-instead-stranded-storm-rcna174486,nbc,news,Tourists who came for a sunny Disney vacation are instead stranded by the storm
https://www.foxnews.com/media/father-soldier-son-relatives-american-hostages-gaza-call-immediate-release,fox,media,"Father, soldier, son: Relatives of American hostages in Gaza call for their immediate release"
https://www.foxnews.com/politics/harris-trump-showdown-new-polls-indicate-who-has-edge-blue-wall-battle,fox,politics,Harris Trump showdown: New polls indicate who has the edge in the Blue Wall battle
https://www.nbcnews.com/politics/white-house/biden-deliver-final-un-general-assembly-speech-global-turmoil-election-rcna172231,nbc,politics,Biden to deliver final U.N. General Assembly speech amid global turmoil
https://www.foxnews.com/media/sen-chuck-grassley-link-high-food-energy-prices,fox,media,Sen Chuck Grassley explains link between high food and energy prices
https://www.nbcnews.com/news/world/india-g20-press-freedom-modi-journalist-access-rcna104261,nbc,news,G20 summit showcases India's global clout and press freedom worries
https://www.foxnews.com/politics/bidens-epa-coordinated-left-wing-eco-groups-tied-liberal-dark-money-network,fox,politics,Biden's EPA has coordinated with left wing eco groups tied to liberal dark money network
https://www.foxnews.com/entertainment/sydney-sweeney-internet-trolls-family-nude-scenes-disgusting,fox,entertainment,Sydney Sweeney rips internet trolls for tagging family in screenshotted nude scenes: 'Disgusting'
https://www.foxnews.com/entertainment/taylor-swift-urges-super-tuesday-voters-head-polls,fox,entertainment,"Taylor Swift has message for Super Tuesday voters as Trump, Haley, Biden compete"
https://www.nbcnews.com/news/latino/liza-colon-zayaz-tina-the-bear-rcna159806,nbc,news,"Liza Colón Zayas, who plays Tina in 'The Bear,' discusses her character's compelling backstory"
https://www.nbcnews.com/politics/2024-election/biden-privately-remains-torn-defiance-acceptance-debate-rcna160274,nbc,politics,Biden privately remains torn between defiance and acceptance amid calls to step aside
https://www.nbcnews.com/politics/2024-election/democratic-national-committee-releases-party-platform-ahead-convention-rcna167098,nbc,politics,Democratic National Committee releases party platform ahead of convention
https://www.foxnews.com/us/rittenhouse-judge-bars-msnbc-from-courtroom-trailing-jury-bus,fox,us,Rittenhouse judge bans MSNBC from courtroom after person accused of trailing jury bus
https://www.foxnews.com/politics/republicans-skeptical-doj-block-russian-election-interference,fox,politics,Republicans 'skeptical' of DOJ move to block Russian election interference
https://www.nbcnews.com/news/world/live-blog/israel-hezbollah-live-updates-hamas-leader-lebanon-killed-strike-hits-rcna173218,nbc,news,"Israeli forces begin 'targeted' ground operation in Lebanon, IDF says"
https://www.nbcnews.com/news/asian-america/china-halts-foreign-adoptions-children-rcna169787,nbc,news,China halts foreign adoptions of its children
https://www.foxnews.com/world/german-police-raid-homes-connected-hamas-pro-palestinian-groups.print,fox,world,"German police raid homes connected to Hamas, pro Palestinian groups"
https://www.foxnews.com/politics/historian-predicted-election-1984-reveals-likely-win-trump-harris-matchup,fox,politics,Historian who predicted almost every election since 1984 reveals who is likely to win in Trump Harris matchup
https://www.foxnews.com/entertainment/pink-slammed-biden-harris-shirt-husband-carey-hart-defends,fox,entertainment,"Pink slammed for wearing Biden Harris shirt, husband Carey Hart comes to her defense: 'Bye Karen'"
https://www.foxnews.com/politics/laken-riley-act-sponsor-blasts-bill-clintons-claim-about-georgia-students-death.print,fox,politics,Laken Riley Act sponsor blasts Bill Clinton's claim about Georgia student's death
https://www.nbcnews.com/news/latino/puerto-rico-hit-5-0-quake-amid-ongoing-seismic-activity-n1123146,nbc,news,Puerto Rico hit by a 5.0 quake amid ongoing seismic activity
https://www.foxnews.com/us/9-11-flight-phone-calls,fox,us,"Heroism, bravery displayed on 9/11 by plane passengers who made phone calls from hijacked aircraft"
https://www.foxnews.com/media/harris-media-blitz-massive-missed-opportunity-disrupt-razor-thin-race-msnbc-op-ed-says.print,fox,media,Harris' media blitz was a 'massive missed opportunity' to disrupt razor thin race: MSNBC column
https://www.foxnews.com/us/timeline-donald-trumps-failed-2nd-assassination-attempt-suspect-ryan-routh-developed-rage-radicalism,fox,us,"Timeline of 2nd failed assassination attempt on Donald Trump; suspect Ryan Routh developed rage, radicalism"
https://www.nbcnews.com/politics/donald-trump/ohios-senate-race-high-trumps-radar-tough-week-republicans-rcna99511,nbc,politics,Ohio's Senate race is high on Trump's radar after a tough week for Republicans
https://www.foxnews.com/sports/emma-weyant-olympic-medalist-lia-thomas-ncaa-championships,fox,sports,Emma Weyant: Second place finisher in Lia Thomas' NCAA championship race won Olympic medal in 2021
https://www.foxnews.com/entertainment/mossimo-giannulli-prison-5-month-sentence-college-admissions-scandal,fox,entertainment,Mossimo Giannulli reports to prison to begin 5 month sentence in the college admissions scandal
https://www.foxnews.com/media/biden-plans-trigger-trump-new-aggressive-election-strategy-report,fox,media,Biden plans to 'trigger Trump' in new 'aggressive' election strategy: report
https://www.foxnews.com/politics/dem-lawmakers-voting-records-biden-harris-spotlight-ahead-tight-races,fox,politics,Dem lawmakers' voting records with Biden Harris in spotlight ahead of tight races
https://www.nbcnews.com/news/latino/stateside-puerto-ricans-demand-answers-unused-hurricane-aid-puerto-rico-n1154236,nbc,news,Stateside Puerto Ricans demand answers on unused hurricane aid to Puerto Rico
https://www.foxnews.com/politics/republicans-probe-ccp-tied-nonprofit-funneling-money-us-eco-groups,fox,politics,Republicans probe CCP tied nonprofit funneling money to US eco groups
https://www.nbcnews.com/science/environment/hurricane-otis-rapid-intensification-climate-change-rcna122090,nbc,science,Hurricane Otis: How a tropical storm turned into a 'nightmare scenario' overnight
https://www.foxnews.com/us/rachel-morin-murder-maryland-sheriff-says-suspect-on-loose-could-strike-again,fox,us,Rachel Morin murder: Maryland sheriff says suspect on the loose could strike again
https://www.nbcnews.com/select/shopping/how-to-clean-shower-curtain-liner-rcna150660,nbc,select,Stop throwing out moldy shower curtain liners here's how to clean them
https://www.foxnews.com/health/two-women-heart-disease-had-fight-diagnosis-they-advocated-health,fox,health,Two women with heart disease had to fight for a diagnosis. Here's how they advocated for their health
https://www.foxnews.com/politics/what-would-president-pritzker-do-immigration-border-crisis,fox,politics,"What would a President Pritzker do on immigration, border crisis?"
https://www.foxnews.com/world/idf-says-hamas-operative-other-terrorists-killed-carries-out-intelligence-based-strikes-gaza,fox,world,"IDF says key Hamas operative killed in Gaza, following crippling strike on Hezbollah"
https://www.foxnews.com/lifestyle/america-50-landmarks-national-story,fox,lifestyle,America the beautiful: 50 must see landmarks that tell our national story
https://www.nbcnews.com/news/world/india-punjab-amritpal-singh-sikh-separatist-manhunt-rcna76941,nbc,news,"India can't find a Sikh separatist leader, but its manhunt has the world's attention"
https://www.nbcnews.com/politics/supreme-court/supreme-court-stays-fight-transgender-student-bathroom-access-rcna132245,nbc,politics,Supreme Court stays out of fight over transgender student bathroom access
https://www.foxnews.com/world/pay-for-slay-palestinian-authority-may-compensate-families-hamas-terrorists-report-says,fox,world,"'Pay for slay': Palestinian Authority may have to compensate families of Hamas terrorists, report says"
https://www.nbcnews.com/news/us-news/surveillance-video-trump-golf-course-seized-apparent-assassination-att-rcna171815,nbc,news,Security video near Trump golf course seized after apparent assassination attempt
https://www.nbcnews.com/politics/2024-election/sen-raphael-warnock-mark-robinson-white-supremacy-blackface-mlk-rcna172153,nbc,politics,Sen. Raphael Warnock says embattled NC GOP candidate Mark Robinson is 'white supremacy in blackface'
https://www.foxnews.com/lifestyle/the-american-legion-103-brief-history-organization-aid-wwi-veterans.print,fox,lifestyle,The American Legion turns 103: A brief history of the organization formed to aid WWI veterans
https://www.nbcnews.com/news/world/israeli-protests-judicial-overhaul-continue-netanyahus-pause-rcna77793,nbc,news,Israeli protests over judicial overhaul continue despite Netanyahu's pause
https://www.foxnews.com/media/benedict-arnold-reexamined-americas-heroes-infamous-traitor,fox,media,Benedict Arnold reexamined: How one of America's heroes became its most infamous traitor
https://www.nbcnews.com/select/shopping/amazon-prime-benefits-cost-ncna1269672,nbc,select,Should you sign up for Prime? Here's everything you need to know
https://www.nbcnews.com/politics/2024-election/live-blog/harris-trump-presidential-election-live-updates-rcna172165/rcrd57088?canonicalCard=true,nbc,politics,Chuck Schumer appeals to Harris to attend Al Smith dinner at request of prominent Cardinal
https://www.nbcnews.com/news/world/israel-icj-order-halt-rafah-offensive-what-next-rcna154102,nbc,news,Isolated Israel argues U.N. court ruling leaves door open to Rafah offensive
https://www.foxnews.com/politics/pence-preserving-sanctity-life-enthusiasm-republicans-midterms,fox,politics,Pence says the 'sanctity of life' will spark 'renewed enthusiasm' for Republicans in midterms
https://www.nbcnews.com/politics/politics-news/defense-secretary-lloyd-austin-resumes-duty-undergoing-procedure-walte-rcna154031,nbc,politics,Defense Secretary Lloyd Austin resumes duty after undergoing procedure at Walter Reed
https://www.foxnews.com/media/man-fined-standing-silently-outside-uk-abortion-clinic-officers-couldnt-tell-him-crime,fox,media,"Man fined for standing silently outside UK abortion clinic, officers couldn't tell him his crime"
https://www.foxnews.com/travel/top-us-states-most-likely-strike-gold.print,fox,travel,Top US states where you're most likely to strike gold
https://www.foxnews.com/media/whoopi-goldberg-cancel-culture-pepe-le-pew,fox,media,Whoopi Goldberg rips cancel culture targeting Pepé Le Pew: 'I don't know why you've got to erase everything'
https://www.nbcnews.com/politics/donald-trump/trump-spoke-fundraiser-jan-6-defendants-rcna90806,nbc,politics,Trump spoke at a fundraiser for Jan. 6 defendants
https://www.nbcnews.com/news/world/israel-palestinians-jewish-settlers-storrm-town-pepper-spray-soldiers-rcna53240,nbc,news,Jewish settlers storm town and pepper spray Israeli soldiers in West Bank
https://www.nbcnews.com/politics/2024-election/live-blog/dnc-2024-live-updates-rcna165226/rcrd52510?canonicalCard=true,nbc,politics,James Taylor to close out first night of DNC
https://www.foxnews.com/lifestyle/americans-killed-wwi-nyc-ale-house.print,fox,lifestyle,American soldiers killed in WWI remembered forever in NYC ale house
https://www.nbcnews.com/tech/misinformation/kamala-harris-deepfake-shared-musk-sparks-free-speech-debate-rcna164119,nbc,tech,How Elon Musk and a Kamala Harris deepfake ad sparked a debate about free speech and parody
https://www.foxnews.com/politics/biden-iraq-afghanistan-about-40-times-administration-says-its-half-of-that,fox,politics,"Biden repeats false claim about trips to Iraq and Afghanistan, this time to graduating midshipmen"
https://www.nbcnews.com/news/world/israel-hamas-war-gaza-city-evacuations-idf-rcna161299,nbc,news,Israel again orders residents to evacuate areas of Gaza City it once said were cleared of Hamas
https://www.foxnews.com/us/trump-shooting-site-gives-birds-eye-view-disorganized-rally-scene-witnesses-say,fox,us,"Trump shooting site gives bird's eye view of 'disorganized' rally scene, witnesses say"
https://www.foxnews.com/media/al-sharpton-calls-border-crisis-invasion-wants-gop-senators-pressured-allowing-continue,fox,media,"Al Sharpton calls border crisis an 'invasion,' wants GOP senators pressured for 'allowing this to continue'"
https://www.nbcnews.com/politics/justice-department/fbi-arrests-jan-6-rioter-whose-photo-was-featured-biden-campaign-ad-rcna134357,nbc,politics,FBI arrests Jan. 6 rioter whose photo was featured in a Biden campaign ad
https://www.foxnews.com/politics/trump-greets-netanyahu-mar-a-lago-says-world-war-iii-could-happen-harris-wins,fox,politics,"Trump greets Netanyahu at Mar a Lago, says World War III could happen if Harris wins"
https://www.nbcnews.com/news/world/palestinians-killed-israeli-strikes-safe-zones-exclusive-nbc-report-rcna148008,nbc,news,investigation reveals Israel strikes on Gaza areas it said were safe
https://www.nbcnews.com/business/business-news/cvs-replaces-ceo-profits-share-price-suffer-rcna176072,nbc,business,"CVS replaces CEO as profits, share price suffer"
https://www.foxnews.com/food-drink/chicago-restaurant-serving-most-expensive-martini-us-priced-13k,fox,food-drink,Chicago restaurant serving 'most expensive martini in US' priced at $13K
https://www.nbcnews.com/news/world/bahrain-becomes-second-arab-nation-recognize-israel-less-month-n1239894,nbc,news,Bahrain becomes second Arab nation to recognize Israel in less than a month
https://www.foxnews.com/world/pope-emeritus-benedict-xvi-dead-95-vatican-says,fox,world,"Pope Emeritus Benedict XVI dead at 95, Vatican says"
https://www.nbcnews.com/news/world/israeli-soldiers-clear-bodies-kibbutz-hamas-attack-rcna119861,nbc,news,'It's a massacre': Bodies of victims still strewn across kibbutz once home to 700
https://www.foxnews.com/world/idf-says-suspicious-aerial-targets-crossed-from-lebanon-before-israeli-forces-knocked-them-down.print,fox,world,IDF says 'suspicious aerial targets' crossed from Lebanon before Israeli forces knocked them down
https://www.foxnews.com/media/kamala-harris-wont-say-whether-biden-admin-has-any-sway-over-israeli-pm-netanyahu,fox,media,Kamala Harris won't say whether Biden admin has any 'sway' over Israeli PM Netanyahu
https://www.foxnews.com/entertainment/taylor-swift-eras-tour-leaves-us-months-making-history-causing-chaos.print,fox,entertainment,Taylor Swift's Eras Tour leaves US after months of making history and causing chaos
https://www.foxnews.com/food-drink/free-ice-cream-scoop-promised-kids-recite-pledge-allegiance-heart-no-brainer,fox,food-drink,Free ice cream scoop promised to kids if they recite the Pledge of Allegiance by heart: 'A no brainer'
https://www.foxnews.com/politics/mike-johnson-demands-biden-immediately-release-any-withheld-aid-israel-middle-east-tension-grows.print,fox,politics,Mike Johnson demands Biden 'immediately release' any withheld aid to Israel as Middle East tension grows
https://www.nbcnews.com/politics/2024-election/former-trump-official-stephanie-grisham-speak-democratic-convention-rcna167296,nbc,politics,Former Trump official Stephanie Grisham to speak at the Democratic convention
https://www.foxnews.com/us/good-samaritan-pulls-florida-man-burning-car,fox,us,Good Samaritan pulls Florida man from burning car
https://www.nbcnews.com/politics/donald-trump/trump-campaign-says-former-president-safe-possible-gunshots-vicinity-rcna171206,nbc,politics,"Trump safe after suspect in apparent assassination attempt is arrested; officials say he had semi automatic rifle, scope and GoPro"
https://www.nbcnews.com/politics/congress/house-vote-condemn-biden-kamala-harris-others-2021-afghanistan-withdra-rcna172619,nbc,politics,"House votes to condemn Biden, Harris and others over 2021 Afghanistan withdrawal"
https://www.foxnews.com/sports/vandals-deface-tour-bus-womens-advocacy-group-anti-woman-messages,fox,sports,Vandals deface tour bus for women's advocacy group with 'anti woman messages'
https://www.nbcnews.com/select/shopping/best-turkish-beach-towels-ncna1272529,nbc,select,"Why Turkish towels are the best towels for the beach, pool and travel"
https://www.nbcnews.com/news/world/palestinians-reel-repeated-strikes-humanitarian-zones-rcna158126,nbc,news,Palestinians reel from repeated strikes on 'humanitarian zones'
https://www.nbcnews.com/politics/2024-election/2024-gop-candidates-iowa-6-week-abortion-ban-kim-reynolds-rcna94689,nbc,politics,2024 GOP candidates forced to grapple with a 6 week abortion ban to win Iowa
https://www.foxnews.com/politics/sickening-vp-harris-slammed-school-shooting-victims-families-over-recently-unearthed-comments,fox,politics,'Sickening': VP Harris slammed by school shooting victims' families over recently unearthed comments
https://www.nbcnews.com/politics/2024-election/harris-interview-walz-cnn-takeaways-2024-election-policies-rcna168706,nbc,politics,Five takeaways from Harris' first major interview as the Democratic nominee
https://www.nbcnews.com/news/world/full-transcript-read-lester-holts-interview-iranian-president-ebrahim-rcna104913,nbc,news,Full Transcript: Read Lester Holt's interview with Iranian President Ebrahim Raisi
https://www.foxnews.com/official-polls/fox-news-poll-harris-trump-locked-tight-race-battleground-pennsylvania,fox,official-polls,"Poll: Harris, Trump locked in tight race in battleground Pennsylvania"
https://www.nbcnews.com/news/world/rocket-attack-town-israeli-controlled-golan-heights-rcna163936,nbc,news,Rocket attack on town in Israeli controlled Golan Heights kills 11; Netanyahu hurries home
https://www.foxnews.com/politics/anti-israel-rhetoric-intensifies-critical-battleground-city-utterly-chilling.print,fox,politics,Anti Israel rhetoric intensifies in critical battleground city: 'Utterly chilling'
https://www.foxnews.com/politics/house-gop-leaders-call-schumers-israel-comments-inappropriate-demand-apology-impromptu-press-conference,fox,politics,"House GOP leaders call Schumer's Israel comments 'inappropriate,' demand apology in impromptu press conference"
https://www.foxnews.com/lifestyle/jack-carrs-eisenhower-d-days-memo-noble-undertaking,fox,lifestyle,Jack Carr recalls Gen. Eisenhower's D Day memo about 'great and noble undertaking'
https://www.foxnews.com/world/biden-admin-outlaws-palestinian-organization-funding-terrorism-sham-charity,fox,world,Biden admin outlaws Palestinian organization for funding terrorism: 'Sham charity'
https://www.foxnews.com/world/top-republican-demands-biden-admin-block-iranian-foreign-ministers-visit-to-un-an-insult-to-victims,fox,world,Top Republican demands Biden admin block Iranian foreign minister's visit to UN: 'an insult' to victims
https://www.nbcnews.com/politics/donald-trump/prosecutors-trump-sentencing-delay-hush-money-election-rcna166813,nbc,politics,Prosecutors defer to judge on Trump sentencing delay in hush money case
https://www.foxnews.com/politics/pennsylvanians-offer-mixed-answers-where-harris-stands-key-issues-better-than-alternative.print,fox,politics,Pennsylvanians offer mixed answers on where Harris stands on key issues: 'Better than the alternative'
https://www.nbcnews.com/politics/2024-election/nikki-haley-ends-presidential-campaign-trump-gop-primary-rcna134811,nbc,politics,"Nikki Haley ends presidential campaign with 'no regrets,' ceding GOP nomination to Trump"
https://www.nbcnews.com/news/world/hamas-hostage-video-hersh-goldberg-polin-wake-up-call-parents-rcna169888,nbc,news,"Final Hamas video of slain hostage Hersh Goldberg Polin should be a 'wake up call,' parents say"
https://www.foxnews.com/lifestyle/man-refuses-give-up-meat-alcohol-temporary-houseguest-say-what-now,fox,lifestyle,Man refuses to give up meat or alcohol for temporary houseguest at his home: 'Say what now?'
https://www.nbcnews.com/politics/joe-biden/republicans-personal-attacks-biden-family-granddaughter-grandkid-rcna95667,nbc,politics,Republicans up the personal attacks on Biden and his family
https://www.foxnews.com/politics/trump-assassination-attempt-suspect-laughs-smiles-during-first-court-appearance-florida,fox,politics,"Trump assassination attempt suspect laughs, smiles during first court appearance in Florida"
https://www.foxnews.com/politics/venezuelan-gang-tren-de-aragua-given-green-light-members-kill-cops.print,fox,politics,Venezuelan gang Tren de Aragua gives 'green light' to members to attack cops: officials
https://www.foxnews.com/entertainment/gwyneth-paltrow-brad-pitt-sent-really-beautiful-gift,fox,entertainment,Gwyneth Paltrow reveals ex Brad Pitt recently sent her 'really beautiful' gift
https://www.nbcnews.com/politics/2024-primary-elections/minnesota-house-results,nbc,politics,Minnesota House Primary Election 2024 Live Results
https://www.foxnews.com/politics/bipartisan-commission-study-trump-assassination-attempt-teed-up-house-vote,fox,politics,Bipartisan commission to study Trump assassination attempt teed up for House vote
https://www.foxnews.com/lifestyle/election-year-americans-need-fewer-hot-takes-cool-headed-reasoning.print,fox,lifestyle,"In an election year, Americans need fewer hot takes and more cool headed reasoning"
https://www.foxnews.com/us/lori-loughlin-college-admissions-scandal-judge-napolitano,fox,us,"Judge Napolitano slams judges in college admissions scandal, says prosecutors 'gravely overreached'"
https://www.foxnews.com/media/cnn-brian-stelter-reliable-sources-2021.print,fox,media,Here are 20 major media stories CNN's Brian Stelter ignored on his so called media show in 2021
https://www.nbcnews.com/politics/2020-election/taylor-swift-endorses-joe-biden-president-n1242483,nbc,politics,Taylor Swift endorses Joe Biden for President
https://www.foxnews.com/us/northwestern-professor-school-gave-anti-israel-agitators-son-notorious-terrorist-radicals,fox,us,"Northwestern professor, whose school gave in to anti Israel agitators, is son of notorious terrorist radicals"
https://www.nbcnews.com/politics/justice-department/jan-6-rioter-rally-runner-arrested-tucker-carlson-conspiracy-theory-rcna97777,nbc,politics,Jan. 6 rioter who Tucker Carlson guest said was a fed is arrested by the FBI
https://www.foxnews.com/media/biden-privately-rivalry-obama-former-presidents-staff-predicted-biden-would-suck-as-president,fox,media,"Biden privately in 'rivalry' with Obama, former president's staff predicted Biden 'would suck as president'"
https://www.foxnews.com/politics/tales-from-trail-verdict-trial-over-trump.print,fox,politics,Tales from The Trail: Trump 'unleashed' with criminal trial over
https://www.nbcnews.com/tech/internet/hunting-ai-bots-four-words-trick-rcna161318,nbc,tech,Hunting for AI bots? These four words could do the trick
https://www.foxnews.com/politics/trump-warns-loses-presidential-immunity-so-will-crooked-joe-biden.print,fox,politics,"Trump warns that if he loses presidential immunity, so will 'crooked' Joe Biden"
https://www.nbcnews.com/select/shopping/best-peptides-for-skin-rcna156798,nbc,select,Are peptides the new retinol? Here's everything you need to know about this latest skin care you're seeing everywhere
https://www.foxnews.com/politics/political-storm-trump-lies-biden-urges-former-president-get-life-man,fox,politics,"Political storm: On Trump 'onslaught of lies,' Biden urges former president to 'get a life man'"
https://www.foxnews.com/travel/airport-tray-aesthetic-goes-viral-some-travelers-halt-security-checkpoints-photo-ops,fox,travel,'Airport tray aesthetic' goes viral as some travelers halt security checkpoints for photo ops
https://www.foxnews.com/us/texas-human-trafficking-crash-leaves-two-migrants-dead-dozen-others-injured.print,fox,us,"Texas human trafficking crash leaves two migrants dead, a dozen others injured"
https://www.nbcnews.com/select/shopping/best-games-xbox-game-pass-ncna1303243,nbc,select,The 13 best Xbox Game Pass games to play alone or with friends
https://www.nbcnews.com/news/latino/puerto-ricans-displaced-earthquakes-wait-safe-home-amid-roadblocks-delays-n1120941,nbc,news,"Puerto Ricans displaced by earthquakes wait for a safe home amid roadblocks, delays"
https://www.nbcnews.com/news/world/human-rights-watch-accuses-israel-apartheid-over-treatment-palestinians-n1265442,nbc,news,"Global rights group accuses Israel of apartheid, persecution"
https://www.nbcnews.com/select/shopping/best-dandruff-shampoos-2023-ncna1302973,nbc,select,"If you struggle with dandruff, these are the best shampoos to keep you flake free"
https://www.nbcnews.com/politics/2024-election/harris-maintains-strong-lead-black-swing-state-voters-new-poll-rcna175420,nbc,politics,Harris maintains strong lead among Black swing state voters in a new poll
https://www.foxnews.com/politics/harris-claimed-biden-completely-fit-continue-office-despite-many-documented-encounters-past-year,fox,politics,"Harris claims Biden fit to continue in office, despite more than 80 documented encounters in past year"
https://www.foxnews.com/health/nappucino-trend-caffeine-before-nap-could-key-better-sleep,fox,health,'Napuccino' trend: Caffeine before a nap could be key to better sleep
https://www.foxnews.com/lifestyle/this-day-history-feb-23-1945-us-marines-raise-american-flag-over-iwo-jima,fox,lifestyle,"On this day in history, February 23, 1945, US Marines raise American flag on Iwo Jima, seen in stunning photo"
https://www.foxnews.com/lifestyle/parents-two-american-dream-home-beauford-south-carolina-special,fox,lifestyle,"Parents of two find their 'American Dream Home' in Beaufort, South Carolina: 'So special'"
https://www.foxnews.com/health/ask-doc-can-warming-feet-really-help-sleep-better,fox,health,Ask a doctor: 'Can warming my feet really help me sleep better?'
https://www.foxnews.com/health/study-reveals-extreme-weathers-impact-seniors-attendance-doctor-appointments,fox,health,New study reveals extreme weather's impact on seniors' attendance at doctor appointments
https://www.foxnews.com/us/rachel-morin-murder-illegal-immigrant-from-el-salvador-charged-rape-killing-maryland-mom-5,fox,us,"Rachel Morin murder: Illegal immigrant from El Salvador charged in rape, killing of Maryland mom of 5"
https://www.nbcnews.com/politics/2024-election/josh-shapiro-says-antisemitism-played-no-role-vp-discussions-slams-tru-rcna167167,nbc,politics,Josh Shapiro says antisemitism played no role in VP discussions and slams Trump's comments
https://www.foxnews.com/politics/georgia-dems-chair-reveals-message-undecided-gop-voters-harris-works-build-broad-base,fox,politics,Georgia Dems chair reveals message to undecided GOP voters as Harris works to build broad base
https://www.nbcnews.com/pop-culture/tv/live-blog/emmys-2024-live-updates-rcna167469,nbc,pop-culture,"Emmy Awards 2024 highlights: âThe Bearâ, âBaby Reindeer,â âShogunâ led in wins, and a âHacksâ surprise"
https://www.nbcnews.com/news/nbcblk/trump-stop-frisk-black-male-voters-rcna157084,nbc,news,Trump courts Black men as he pledges return to a policy that disproportionately targeted them
https://www.foxnews.com/us/floridians-prepare-worst-hurricane-milton-quickly-approaches,fox,us,Floridians prepare for the worst as Hurricane Milton quickly approaches
https://www.foxnews.com/lifestyle/meet-american-who-wrote-moon-landing-software-margaret-hamilton-computer-whiz-mom,fox,lifestyle,"Meet the American who wrote the moon landing software: Margaret Hamilton, computer whiz mom"
https://www.nbcnews.com/health/health-news/overdose-deaths-fake-pills-are-rising-especially-younger-adults-rcna102543,nbc,health,"Overdose deaths from fake pills are rising, especially among younger adults"
https://www.foxnews.com/world/us-israeli-citizen-kidnapped-oct-7-confirmed-dead-idf-says,fox,world,"US Israeli citizen who was kidnapped on Oct. 7 confirmed dead, IDF says"
https://www.nbcnews.com/news/world/us-recognize-palestinian-state-biden-israel-war-gaza-rcna136708,nbc,news,What the U.S. recognizing a Palestinian state would mean
https://www.foxnews.com/entertainment/arnold-schwarzenegger-expands-current-relationship-status-ex-wife-maria-shriver,fox,entertainment,Arnold Schwarzenegger expands on his current relationship status with ex wife Maria Shriver
https://www.foxnews.com/politics/democratic-socialists-group-boasts-helped-make-walz-harris-running-mate-force-cannot-ignored.print,fox,politics,Democratic Socialists group boasts it helped make Walz Harris' running mate: 'Force that cannot be ignored'
https://www.foxnews.com/sports/wwe-legend-hulk-hogan-has-super-bowl-aspirations-lions-after-surprise-camp-visit-i-predict-greatness,fox,sports,WWE legend Hulk Hogan has Super Bowl aspirations for Lions after surprise camp visit: 'I predict greatness'
https://www.nbcnews.com/politics/justice-department/guy-reffitt-first-jan-6-rioter-go-trial-found-guilty-counts-rcna19041,nbc,politics,"Guy Reffitt, first Jan. 6 rioter to go to trial, found guilty on all counts"
https://www.foxnews.com/entertainment/bruce-willis-shares-sweet-embrace-daughter-tallulah-makes-funny-faces-playful-snaps.print,fox,entertainment,Bruce Willis shares sweet embrace with daughter Tallulah and makes funny faces in playful snaps
https://www.nbcnews.com/select/shopping/curl-hair-type-explained-rcna129053,nbc,select,There are 9 types of curly hair here's how to identify and care for yours
https://www.nbcnews.com/tech/security/us-confirms-trump-campaign-claim-was-breached-iranian-hackers-rcna167285,nbc,tech,U.S. confirms Trump campaign claim it was breached by Iranian hackers
https://www.foxnews.com/politics/balance-power-trump-campaign-slams-sen-tester-radically-out-touch-after-abortion-ad-rollout,fox,politics,Balance of power: Trump campaign slams Sen Tester as 'radically out of touch' after abortion ad rollout
https://www.foxnews.com/opinion/biden-clearly-poor-health-deserve-honest-transparent-report,fox,opinion,Biden is clearly in poor health. We deserve an honest and transparent report
https://www.foxnews.com/sports/va-tech-swimmer-ncaa-transgender-participation,fox,sports,VA Tech swimmer rips NCAA transgender participation policy: 'Feels like the final spot was taken from me'
https://www.nbcnews.com/news/world/israel-hamas-war-hezbollah-lebanon-attacks-haifa-west-bank-al-jazeera-rcna172130,nbc,news,Israel and Hezbollah exchange heavy fire as fears of war mount
https://www.foxnews.com/travel/top-us-states-visit-where-people-have-claimed-ufo-sightings,fox,travel,Top US states to visit where people have claimed UFO sightings
https://www.foxnews.com/entertainment/victorias-secret-fashion-show-wildest-moments-gisele-bundchen-fur-flap12m-bra-awkward-exes.print,fox,entertainment,"Victoria's Secret fashion show wildest moments included Gisele Bündchen fur flap, $12M bras, awkward exes"
https://www.nbcnews.com/politics/2024-election/live-blog/election-2024-live-updates-rcna131516,nbc,politics,Ron DeSantis says Trump is not 'pro life' at Iowa town hall event
https://www.foxnews.com/politics/new-jersey-democrat-proposes-bill-create-travel-advisories-inform-pregnant-women-state-abortion-laws.print,fox,politics,New Jersey Democrat proposes bill to create travel advisories to inform pregnant women of state abortion laws
https://www.nbcnews.com/news/asian-america/modis-white-house-visit-highlights-deep-diaspora-divides-rcna89275,nbc,news,Modi's White House visit highlights deep diaspora divides
https://www.foxnews.com/tech/robot-cook-burger-less-60-seconds,fox,tech,This robot can cook a burger in less than 60 seconds
https://www.nbcnews.com/news/latino/migrants-selling-fruit-candy-new-yorks-subway-are-plagued-fear-uncerta-rcna175712,nbc,news,Migrants selling fruit and candy in New York's subway are plagued by fear and uncertainty
https://www.foxnews.com/politics/texas-gov-abbott-reveals-which-3-issues-trump-focus-debate,fox,politics,Texas Gov. Abbott reveals which 3 issues Trump should focus on during debate: 'Let Harris talk'
https://www.foxnews.com/world/protests-erupt-santiago-power-outages-food-shortages-cuba-faces-economic-crisis,fox,world,"Protests erupt in Santiago over power outages, food shortages as Cuba faces economic crisis"
https://www.nbcnews.com/politics/politics-news/-palestinian-protests-inflame-tensions-washington-israel-hamas-war-rcna163661,nbc,politics,Pro Palestinian protests inflame tensions in Washington over the Israel Hamas war
https://www.nbcnews.com/news/world/taiwan-firm-denies-making-pagers-used-lebanon-explosions-rcna171594,nbc,news,Who made the exploding pagers? A messy global trail emerges behind deadly Lebanon blasts
https://www.foxnews.com/politics/trump-indicted-second-time-election-subversion-case-brought-special-counsel-jack-smith.print,fox,politics,Trump indicted a second time in election subversion case brought by special counsel Jack Smith
https://www.foxnews.com/live-news/trump-second-assassination-attempt-golf-course-ryan-routh,fox,live-news,Investigation into second assassination attempt on Donald Trump continues
https://www.foxnews.com/world/video-captures-water-tank-falling-woman-but-she-miraculously-escapes-injury.print,fox,world,Video captures water tank falling on woman but she miraculously escapes injury
https://www.foxnews.com/world/sen-cotton-says-biden-harris-likely-prolonged-gaza-war-let-aid-go-terrorists-betrayed-taxpayers.print,fox,world,"Sen Cotton says Biden Harris likely prolonged Gaza war, let aid go to terrorists: 'Betrayed' taxpayers"
https://www.nbcnews.com/select/shopping/smartish-wallet-slayer-vol-1-iphone-case-ncna1290394,nbc,select,Why I love my iPhone case and wallet combo
https://www.nbcnews.com/news/world/israeli-prime-minister-netanyahu-hospitalized-rcna94428,nbc,news,Israeli Prime Minister Netanyahu hospitalized
https://www.nbcnews.com/politics/2024-election/poll-biden-trump-economy-presidential-race-rcna136834,nbc,politics,Poll: 20 point deficit on handling economy highlights Biden's struggles against Trump
https://www.foxnews.com/politics/biden-charge-country-second-straight-vacation-white-house-insists,fox,politics,"Biden is in charge of country on second straight vacation, White House insists"
https://www.foxnews.com/us/rachel-morin-murder-maryland-lawmaker-confronts-mayorkas-over-failure-involving-illegal-immigrant-suspect,fox,us,Rachel Morin murder: Maryland lawmaker confronts Mayorkas over 'failure' involving illegal immigrant suspect
https://www.foxnews.com/food-drink/10-restaurants-best-best-us-says-tripadvisor,fox,food-drink,"These 10 restaurants are considered the 'best of the best' in the US, says Tripadvisor"
https://www.nbcnews.com/news/world/israel-netanyahu-bibi-makes-comeback-israeli-pm-lapid-concedes-defeat-rcna55331,nbc,news,Israel's Netanyahu makes comeback as Israeli PM Lapid concedes defeat
https://www.foxnews.com/politics/trump-rejecting-advice-tries-mockery-insults-ai-against-kamala-working,fox,politics,"Trump, rejecting advice, tries mockery, insults, AI against Kamala, but is it working?"
https://www.foxnews.com/politics/louisiana-classifies-abortion-drugs-controlled-dangerous-substances-gov-landry-greenlights-proposal,fox,politics,"Louisiana classifies abortion drugs as controlled, dangerous substances after Gov. Landry greenlights proposal"
https://www.nbcnews.com/politics/justice-department/woman-arrested-allegedly-threatening-federal-judge-trump-election-case-rcna100320,nbc,politics,Texas woman arrested and charged with threatening federal judge overseeing Trump's election case
https://www.foxnews.com/media/nearly-two-thirds-americans-believe-illegal-immigration-real-crisis-not-media-narrative-poll,fox,media,"Nearly two thirds of Americans believe illegal immigration is real crisis, not a media narrative: poll"
https://www.foxnews.com/entertainment/sharon-stone-hanging-out-rapper-rmr-report,fox,entertainment,"Sharon Stone, 63, 'hanging out' with rapper RMR, 25: report"
https://www.foxnews.com/health/new-jersey-twins-matching-heart-surgeries-marfan-syndrome-diagnosis-life,fox,health,New Jersey twins receive matching heart surgeries after Marfan syndrome diagnosis: 'A better life'
https://www.nbcnews.com/select/shopping/personalized-fathers-day-gifts-ncna1269952,nbc,select,"Personalized Father's Day gifts for dad from Apple, JBL and more"
https://www.nbcnews.com/select/shopping/what-are-best-skin-care-products-acne-prone-skin-look-ncna1032911,nbc,select,Acne is becoming more common among U.S. adults look for these 4 ingredients to treat it
https://www.foxnews.com/media/politico-says-harris-running-dream-economy-voters-arent-noticing,fox,media,Politico says Harris is running on a 'dream economy' but voters aren't noticing
https://www.foxnews.com/sports/pga-america-director-defends-record-high-ryder-cup-prices-bethpage-black-tier-1-event.print,fox,sports,PGA of America director defends record high Ryder Cup prices at Bethpage Black: 'Tier 1 event'
https://www.nbcnews.com/news/world/hezbollah-nasrallah-threats-hamas-israel-iran-gaza-rcna164677,nbc,news,Hezbollah head vows vengeance over killing of Hamas leader in Iran
https://www.nbcnews.com/politics/justice-department/jan-6-participant-arrested-hours-long-standoff-fbi-rcna63035,nbc,politics,Jan. 6 participant arrested after hourslong standoff with the FBI
https://www.foxnews.com/politics/new-poll-shows-trump-holds-lead-remarkably-resilient-support-poll,fox,politics,New poll shows Trump holds lead with 'remarkably resilient' support
https://www.nbcnews.com/select/shopping/best-weighted-comforters-weighted-blankets-ncna1193596,nbc,select,"How to buy a weighted comforter, the next step in weighted blankets"
https://www.foxnews.com/sports/israeli-swimmer-anastasia-gorbenko-booed-worlds-qatar-winning-silver-medal,fox,sports,Israeli swimmer Anastasia Gorbenko booed at Worlds in Qatar after winning silver medal
https://www.foxnews.com/politics/trump-reveals-which-election-issue-bigger-deal-than-inflation-economy,fox,politics,Trump reveals which election issue is a 'bigger deal' than inflation and the economy
https://www.foxnews.com/politics/overwhelming-majority-black-swing-state-voters-back-harris-across-all-age-groups-poll,fox,politics,"Majority of Black swing state voters back Harris, as Trump makes inroads with Black men: poll"
https://www.nbcnews.com/news/world/iran-attack-israel-israel-war-gaza-hamas-drone-missile-rcna147784,nbc,news,The covert war between Israel and Iran has exploded into view. What comes next?
https://www.nbcnews.com/politics/white-house/biden-harris-werent-invited-arlington-abbey-gate-trump-rcna169154,nbc,politics,White House says Biden and Harris weren't invited to Arlington Cemetery by families of service members killed during Afghanistan withdrawal
https://www.foxnews.com/politics/new-mexico-county-commissioner-who-participated-in-jan-6-riot-loses-supreme-court-appeal,fox,politics,New Mexico county commissioner who participated in Jan 6 riot loses Supreme Court appeal
https://www.nbcnews.com/news/world/israel-ben-gvir-visits-jerusalem-holy-site-palestinians-rcna63996,nbc,news,Israeli ultranationalist minister visits Jerusalem holy site
https://www.foxnews.com/media/meet-everyday-heroes-commemorated-fox-nation-2023-patriot-awards,fox,media,Meet the everyday heroes commemorated at Nation's 2023 Patriot Awards
https://www.foxnews.com/politics/presidential-candidates-activists-praise-sacrifice-us-airman-burned-alive-protest-israel,fox,politics,"Presidential candidates, activists praise 'sacrifice' of US airman who burned himself alive to protest Israel"
https://www.foxnews.com/politics/flashback-harris-campaign-senior-adviser-several-insensitive-comments-women-gay-people,fox,politics,"FLASHBACK: New Harris campaign senior adviser made several insensitive comments about women, gay people"
https://www.foxnews.com/health/girl-who-cant-smile-rare-disorder-became-woman-greatest-gift,fox,health,The girl who can't smile: How a rare disorder became a young woman's 'greatest gift'
https://www.foxnews.com/politics/harris-ramps-up-outreach-black-male-voters-polls-suggest-trump-making-gains,fox,politics,Harris ramps up outreach to Black male voters as polls suggest Trump making gains
https://www.foxnews.com/us/nj-police-eye-absent-parents-young-mobs-upend-family-friendly-vacation-hot-spots.print,fox,us,NJ police eye absent parents after young mobs upend family friendly vacation hot spots
https://www.foxnews.com/media/media-rushes-declare-kamala-harris-border-czar-immigration-crisis-haunts-campaign,fox,media,Axios hit with community note after claiming Harris was never 'border czar'
https://www.nbcnews.com/politics/donald-trump/trump-s-name-will-appear-coronavirus-relief-checks-n1184026,nbc,politics,Trump's name will appear on coronavirus relief checks
https://www.nbcnews.com/select/shopping/best-grocery-delivery-services-ncna1297967,nbc,select,How a delivery service could actually help you save money on groceries
https://www.nbcnews.com/politics/donald-trump/donald-trump-jd-vance-relationship-rcna171181,nbc,politics,Inside Trump and Vance's 'buddy level' relationship
https://www.foxnews.com/us/illegal-immigrant-suspected-maryland-mom-rachel-morins-murder-faces-maximum-penalty-convicted,fox,us,Illegal immigrant suspected in Maryland mom Rachel Morin's murder faces maximum penalty if convicted
https://www.foxnews.com/us/9-11-museums-memorials,fox,us,Memorials honoring 9/11 victims across the United States where you can pay your respects to the fallen
https://www.foxnews.com/politics/biden-campaign-sends-all-staff-memo-hoping-calm-post-debate-concerns-report,fox,politics,Biden campaign sends all staff memo hoping to calm post debate concerns
https://www.foxnews.com/politics/trump-outperforming-2020-support-among-hispanics-who-prefer-him-immigration-poll-shows.print,fox,politics,"Trump outperforming 2020 support among Hispanics, who prefer him on immigration, poll shows"
https://www.nbcnews.com/news/world/misinformation-israel-hamas-spreading-social-media-rcna119345,nbc,news,Misinformation about Israel and Hamas is spreading on social media
https://www.foxnews.com/us/new-york-ms-13-little-devil-convicted,fox,us,New York MS 13's 'Little Devil' convicted in ambush murder of 4 young men
https://www.foxnews.com/politics/abuse-power-house-gop-opens-probe-ukrainian-presidents-trip-battleground-pennsylvania,fox,politics,'Abuse of power': House GOP opens probe into Ukrainian president's trip to battleground Pennsylvania
https://www.nbcnews.com/select/shopping/best-remote-work-home-tech-screens-ncna1161791,nbc,select,Working remote? A longtime remote worker shares tips for the best tech
https://www.foxnews.com/media/time-magazine-owner-takes-kamala-harris-task-denying-interview-requests-we-believe-transparency,fox,media,Time magazine owner takes Kamala Harris to task for denying interview requests: 'We believe in transparency'
https://www.foxnews.com/media/next-presidential-administration-get-serious-about-immigration-say-voters-key-battleground-state,fox,media,"Next presidential administration has to 'get serious' about immigration, say voters in key battleground state"
https://www.foxnews.com/media/unzipping-truth-fox-nation-reveals-michael-baden-forensics-cases-heads,fox,media,Unzipping the truth: Nation series reveals how Dr. Michael Baden's forensics turned cases on their heads
https://www.foxnews.com/media/laura-ingraham-strategy-could-cost-democrats-dearly-november.print,fox,media,LAURA INGRAHAM: This strategy could cost Democrats 'dearly' in November
https://www.foxnews.com/politics/trump-harris-debate-sen-rick-scott-identifies-biggest-thing-can-help-former-president,fox,politics,Trump Harris debate: Sen Rick Scott identifies 'biggest thing' that can help former president
https://www.foxnews.com/politics/elite-university-journalism-professor-exposed-for-monthslong-campaign-justifying-hamas,fox,politics,Elite university journalism professor exposed for monthslong campaign justifying Hamas
https://www.nbcnews.com/politics/congress/jan-6-panel-warns-attempts-influence-witnesses-trump-allies-rcna35800,nbc,politics,Jan. 6 panel warns of attempts to 'influence' witnesses by Trump allies
https://www.foxnews.com/politics/harris-trump-cash-dash-former-president-flip-script-fundraising-swing-oil-country,fox,politics,Harris Trump cash dash: Former president looks to flip script with fundraising swing in oil country
https://www.nbcnews.com/tech/misinformation/taylor-swift-nude-deepfake-goes-viral-x-platform-rules-rcna135669,nbc,tech,"Nude deepfakes of Taylor Swift went viral on X, evading moderation and sparking outrage"
https://www.nbcnews.com/politics/white-house/biden-germany-speaks-hope-ceasefire-gaza-sinwar-death-rcna176079,nbc,politics,Biden in Germany speaks of hope of a cease fire in Gaza after Sinwar death
https://www.nbcnews.com/select/shopping/aapi-owned-food-beverage-brands-ncna1305682,nbc,select,201+ AAPI owned businesses to support in 2025 and beyond
https://www.nbcnews.com/politics/white-house/biden-meet-indian-prime-minister-modi-white-house-rcna90391,nbc,politics,Biden hosts Indian Prime Minister Modi at White House
https://www.foxnews.com/politics/democratic-lawmakers-hot-mic-mocking-parental-rights-garbage-stupid,fox,politics,"Democratic lawmakers caught on hot mic mocking parental rights as 'garbage,' 'stupid'"
https://www.foxnews.com/media/reporter-visibly-shaken-cnn-boss-scolds-emotional-trump-town-hall-coverage,fox,media,Reporter 'visibly shaken' after CNN boss scolds him for being 'too emotional' in Trump town hall coverage
https://www.foxnews.com/politics/trump-urges-biden-follow-debate-promise-ready,fox,politics,Trump urges Biden to follow through with debate promise: 'I'm ready to go anywhere'
https://www.foxnews.com/health/rare-condition-caused-patient-see-demonic-faces-study-visual-disorder.print,fox,health,"Rare condition caused patient to see 'demonic' faces, says study on 'visual disorder'"
https://www.foxnews.com/media/trump-declares-border-war-zone-dings-newsom-terrible-job-migrant-epicenter-shifts,fox,media,"Trump declares border a 'war zone,' dings Newsom for doing 'terrible job' as migrant epicenter shifts"
https://www.foxnews.com/politics/kamala-harris-courts-disillusioned-arab-americans-over-jewish-groups.print,fox,politics,"Kamala Harris courts disillusioned Arab Americans over Jewish groups, records show"
https://www.nbcnews.com/news/world/volodymyr-zelenskyy-become-global-phenomenon-rcna24355,nbc,news,Zelenskyy's rise: From 'Dancing with the Stars' and 'Paddington 2' to facing down Putin
https://www.foxnews.com/food-drink/salad-always-better-choice-sandwich-think-twice.print,fox,food-drink,Is a salad always a better choice than a sandwich? Think twice about that
https://www.foxnews.com/media/msnbc-host-guns-slavery-lincoln-slavery,fox,media,MSNBC host compares guns to slavery: 'Lincoln was criticized for moving too slowly' to 'end slavery'
https://www.nbcnews.com/politics/2022-election/josh-shapiro-declared-winner-2022-pennsylvania-governor-midterm-electi-rcna55169,nbc,politics,Democrat Josh Shapiro defeats Republican Doug Mastriano in Pennsylvania governor's race
https://www.foxnews.com/politics/nevada-senate-candidates-spar-biological-males-womens-sports-immigration-ufos-debate.print,fox,politics,"Nevada Senate hopefuls tackle trans athletes, immigration and UFOs in only debate"
https://www.foxnews.com/us/pennsylvania-court-school-mask-mandate,fox,us,"Pennsylvania court tosses school mask mandate, health secretary appeals"
https://www.nbcnews.com/news/world/thaad-israel-hezbollah-defense-system-rcna175235,nbc,news,"U.S. sending powerful defense system to Israel, deepening its involvement in the conflict"
https://www.nbcnews.com/select/shopping/best-smart-lawn-sprinkler-controller-systems-ncna1222056,nbc,select,8 best smart sprinkler controller systems for watering your lawn
https://www.nbcnews.com/politics/donald-trump/trump-splits-ally-mccarthy-ashli-babbitt-shooting-jan-6-rcna69018,nbc,politics,Trump splits with ally McCarthy over Ashli Babbitt shooting on Jan. 6
https://www.foxnews.com/politics/2024-cash-dash-harris-fundraising-surge-more-than-doubles-trumps-haul-last-month,fox,politics,2024 Cash Dash: Harris fundraising surge more than doubles Trump's haul last month
https://www.foxnews.com/lifestyle/this-day-history-dec-14-1977-saturday-night-fever-debuts-disco-era,fox,lifestyle,"On this day in history, December 14, 1977, 'Saturday Night Fever' debuts, capturing disco era in America"
https://www.foxnews.com/politics/new-poll-reveals-voters-thoughts-kamala-harris-biden-cant-finish-second-term,fox,politics,New poll reveals voters' thoughts on Kamala Harris if Biden can't finish second term
https://www.nbcnews.com/news/world/nobel-laureate-muhammad-yunus-chosen-lead-bangladesh-protests-toppled-rcna165434,nbc,news,Nobel laureate Yunus will head Bangladesh's interim government after unrest ousted Hasina
https://www.foxnews.com/politics/chip-roy-says-voters-dont-give-two-flying-s-s-about-government-shutdown-fight,fox,politics,Chip Roy says voters 'don't give 2 flying s s' about government shutdown fight
https://www.foxnews.com/tech/elon-musk-moving-spacex-headquarters-texas-frustration-california-laws,fox,tech,Elon Musk says he's moving SpaceX headquarters to Texas amid frustration with California laws
https://www.nbcnews.com/tech/tech-news/elon-musk-raises-payment-offer-100-voters-sign-petition-rcna176075,nbc,tech,Elon Musk announces $1M giveaway for voters who sign petition in battleground states
https://www.foxnews.com/politics/border-patrol-union-endorses-controversial-senate-border-deal-far-better-status-quo,fox,politics,Border Patrol Union endorses controversial Senate border deal: 'far better than the status quo'
https://www.foxnews.com/media/cnn-jeff-zucker-david-chalian-hunter-biden-project-veritas,fox,media,"CNN boss, political director spiked Hunter Biden controversy, audiotapes reveal: 'We're not going with' story"
https://www.nbcnews.com/news/world/live-blog/israel-hamas-war-live-updates-rcna126500,nbc,news,24 hostages and 39 Palestinians released in Israel Hamas truce
https://www.foxnews.com/politics/beyonce-gave-scotus-justice-ketanji-brown-jackson-concert-tickets-valued-nearly-4000-filing,fox,politics,"Beyoncé gave SCOTUS Justice Ketanji Brown Jackson concert tickets valued at nearly $4,000: report"
https://www.foxnews.com/media/mike-pence-2024-bid-test-gop-changed-trump-others-walking-away-us-leadership,fox,media,"Mike Pence: 2024 bid will 'test' whether GOP changed, Trump and others 'walking away from US leadership'"
https://www.nbcnews.com/tech/tech-news/big-tech-companies-reveal-trust-safety-cuts-disclosures-senate-judicia-rcna145435,nbc,tech,Big Tech companies reveal trust and safety cuts in disclosures to Senate Judiciary Committee
https://www.nbcnews.com/select/shopping/best-advent-calendars-2021-ncna1283726,nbc,select,Legos? Wine? Makeup? Dog treats? These Advent calendars go above and beyond chocolate
https://www.nbcnews.com/news/world/gaza-strip-experiencing-internet-outages-electricity-cuts-bombings-rcna119564,nbc,news,Gaza Strip experiencing internet outages and electricity cuts after bombings
https://www.nbcnews.com/investigations/new-twist-covid-relief-fraud-case-third-fraudster-run-rcna14827,nbc,investigations,New twist in Covid relief fraud case: Third fraudster is on the run
https://www.foxnews.com/media/fox-nation-veteran-memorial-day,fox,media,Nation unveils veteran themed content to commemorate Memorial Day
https://www.nbcnews.com/politics/2024-election/live-blog/new-hampshire-primary-live-updates-rcna134576#rcrd31938,nbc,politics,"Biden, Trump win New Hampshire primary: Highlights"
https://www.foxnews.com/politics/biden-admin-eco-rule-curbing-oil-drilling-mining-faces-widespread-opposition,fox,politics,"Biden admin eco rule curbing oil drilling, mining faces widespread opposition"
https://www.nbcnews.com/news/world/canada-expels-top-india-diplomats-links-murder-sikh-leader-rcna175414,nbc,news,"Canada expels top India diplomats, links them to murder of Sikh leader"
https://www.nbcnews.com/politics/alabama-senate-house-pass-bills-protect-ivf-rcna141184,nbc,politics,Alabama Senate and House pass bills to protect IVF after court ruling
https://www.foxnews.com/politics/top-senate-democrat-angry-over-biden-harris-admin-stonewalling-after-trump-assassination-attempts,fox,politics,Top Senate Democrat 'angry' over Biden Harris admin 'stonewalling' after Trump assassination attempts
https://www.nbcnews.com/politics/donald-trump/judge-trumps-hush-money-trial-delays-sentencing-supreme-court-immunity-rcna160028,nbc,politics,Judge in Trump's hush money trial delays sentencing following Supreme Court immunity ruling
https://www.nbcnews.com/politics/2024-election/biden-touts-pact-act-milestone-focuses-pitch-veterans-rcna153357,nbc,politics,Biden touts PACT Act milestone as he focuses his pitch on veterans
https://www.nbcnews.com/politics/justice-department/federal-judge-imposes-longest-sentence-yet-jan-6-defendant-rcna82982,nbc,politics,Federal judge imposes longest sentence yet for Jan. 6 defendant
https://www.foxnews.com/politics/trump-fact-checks-harris-charlottesville-riot-accusation-debunked,fox,politics,Trump fact checks Harris on Charlottesville riot accusation: 'Debunked'
https://www.foxnews.com/politics/ai-sector-frustrated-congress-slow-pace-keeping-up-advanced-tech.print,fox,politics,AI sector frustrated by Congress' slow pace keeping up with the advanced tech
https://www.nbcnews.com/politics/2024-election/live-blog/nevada-caucus-live-updates-rcna137685#rcrd33541,nbc,politics,Trump wins the Nevada GOP caucuses: Highlights
https://www.foxnews.com/entertainment/high-school-musical-joshua-bassett-absolutely-false-sex-assault-accusation,fox,entertainment,'High School Musical' star Joshua Bassett says he is 'sick' over 'absolutely false' sex assault accusation
https://www.foxnews.com/media/jorge-ramos-daughter-sounds-alarm-latinos-walking-away-from-democratic-party,fox,media,Jorge Ramos' daughter sounds alarm that Latinos are 'walking away' from Democratic Party
https://www.nbcnews.com/politics/white-house/biden-administration-advances-potential-1-billion-weapons-sale-israel-rcna152476,nbc,politics,Biden administration advances potential $1 billion weapons sale to Israel
https://www.foxnews.com/media/kamala-harris-avoids-questions-about-bidens-mental-decline-joe-biden-not-ballot.print,fox,media,Kamala Harris avoids questions about Biden's mental decline: 'Joe Biden is not on the ballot'
https://www.foxnews.com/politics/local-officials-face-off-against-georgias-elections-board-over-rule-could-shake-up-november,fox,politics,Local officials face off against Georgia's elections board over rule that could shake up November
https://www.foxnews.com/politics/north-carolina-becomes-latest-state-pass-bill-banning-trans-athletes-girls-sports-teams.print,fox,politics,North Carolina becomes latest state to pass bill banning trans athletes from girls' sports teams
https://www.nbcnews.com/politics/donald-trump/judge-denies-trump-bid-dismiss-classified-documents-case-using-preside-rcna146460,nbc,politics,Judge denies Trump bid to dismiss classified documents case using Presidential Records Act
https://www.foxnews.com/sports/kentucky-derby-most-memorable-races-history,fox,sports,11 monumental Kentucky Derby moments from years past
https://www.foxnews.com/politics/gop-senator-demands-answers-biden-admin-confusing-regulation-could-crush-farming-families.print,fox,politics,GOP senator demands answers from Biden admin on 'confusing' regulation that could crush farming families
https://www.foxnews.com/lifestyle/tunnel-towers-pays-mortgage-fallen-connecticut-police-sergeant-comfort,fox,lifestyle,Tunnel to Towers pays off mortgage of fallen Connecticut police sergeant: 'Comfort and connectedness'
https://www.foxnews.com/media/bill-maher-shocked-msnbcs-softball-kamala-harris-interview-i-didnt-expect-them-rubbing-her-feet.print,fox,media,Bill Maher shocked by MSNBC's softball Kamala Harris interview: I didn't expect them to be 'rubbing her feet'
https://www.nbcnews.com/select/shopping/how-to-determine-foot-arch-type-rcna146100,nbc,select,Don't buy new shoes until you know your arch type first here are 3 easy ways to figure it out at home
https://www.foxnews.com/politics/trump-guilty-verdict-reveals-split-former-gop-presidential-primary-opponents.print,fox,politics,Trump guilty verdict reveals split among former GOP presidential primary opponents
https://www.foxnews.com/media/team-harris-had-planned-unmuted-mics-left-scrambling-rewrite-debate-strategy-report,fox,media,"Team Harris had 'planned' on unmuted mics, left 'scrambling to rewrite' debate strategy: report"
https://www.nbcnews.com/politics/donald-trump/trump-aide-pushed-arlington-national-cemetery-employee-commemoration-d-rcna168768,nbc,politics,Army says a Trump aide 'abruptly pushed aside' an Arlington National Cemetery employee
https://www.foxnews.com/live-news/republican-national-convention-2024-rnc-donald-trump-jd-vance,fox,live-news,JD Vance speaks at RNC on Day 3; Donald Trump's granddaughter Kai gives speech
https://www.nbcnews.com/news/world/timeline-idf-mistakenly-killed-3-israeli-hostages-gaza-rcna130092,nbc,news,IDF mistakenly killed 3 Israeli hostages in Gaza. This is what we know so far.
https://www.foxnews.com/us/helene-like-bomb-went-off-florida-rep-kat-cammack-details-severe-hurricane-damage,fox,us,Helene 'like a bomb went off': Florida Rep Kat Cammack details severe hurricane damage
https://www.nbcnews.com/health/health-news/debate-trump-health-care-plan-replace-obamacare-rcna170665,nbc,health,"After years of threats, Trump still doesn't have a plan to replace Obamacare"
https://www.foxnews.com/travel/emergency-landing-prompts-united-airlines-pilot-order-dinner-150-passengers,fox,travel,Emergency landing prompts United Airlines pilot to order dinner for 150 passengers
https://www.nbcnews.com/news/world/jacinda-ardern-says-will-resign-new-zealand-prime-minister-rcna66437,nbc,news,"New Zealand's Jacinda Ardern quits as leader, citing burnout"
https://www.foxnews.com/entertainment/cma-nominee-jelly-roll-troubled-past-empowered-him-succeed,fox,entertainment,CMA nominee Jelly Roll says troubled past empowered him to succeed: 'I was a horrible human for decades'
https://www.nbcnews.com/select/shopping/how-to-clean-dishwasher-rcna154591,nbc,select,Your dishwasher is probably dirtier than you think here's how to clean it
https://www.foxnews.com/politics/rubio-contests-claim-us-embargo-destabilizing-cuba-blockade-government,fox,politics,"Rubio contests claim that US embargo is destabilizing Cuba, says only 'blockade' is its government"
https://www.foxnews.com/lifestyle/americans-need-face-face-civil-discussions-folks-outside-bubble.print,fox,lifestyle,Why Americans need more face to face civil discussions 'with folks outside their own bubble'
https://www.nbcnews.com/investigations/foreign-adversaries-will-try-cast-doubt-election-results-nov-5-rcna174423,nbc,investigations,"Foreign adversaries will try to cast doubt on election results after Nov. 5, U.S. intel officials say"
https://www.nbcnews.com/news/world/zelenskyy-ukraine-russia-territory-seized-putin-kursk-rcna169280,nbc,news,Zelenskyy says Ukraine plans to indefinitely hold Russian territory it has seized
https://www.nbcnews.com/politics/2024-election/gavin-de-becker-rfk-jr-bodyguard-bank-vaccine-critic-rcna153586,nbc,politics,"Bodyguard, bank, vaccine critic: RFK Jr.'s celebrity protector plays a key campaign role"
https://www.foxnews.com/sports/nevada-gov-backs-womens-volleyball-players-refusing-compete-against-team-trans-player,fox,sports,Nevada gov backs women's volleyball players refusing to compete against team with trans player
https://www.nbcnews.com/news/us-news/texas-husband-held-1m-bond-wifes-strangulation-death-was-first-reporte-rcna176173,nbc,news,Texas husband held on $1M bond in wife's strangulation death that was first reported as suicide
https://www.foxnews.com/politics/harris-walz-hit-blistering-ad-china-record-ahead-presidential-debate-time-fight-back,fox,politics,Harris Walz hit with blistering ad on China record ahead of presidential debate: 'Time to fight back'
https://www.foxnews.com/politics/biden-gives-word-response-when-asked-when-hell-debate-trump,fox,politics,Biden gives 3 word response when asked when he'll debate Trump
https://www.nbcnews.com/news/nbcblk/sneakers-generated-70b-last-year-black-retailers-saw-little-rcna3546,nbc,news,Sneakers generated $70B last year. Black retailers saw little of that.
https://www.foxnews.com/media/trump-crushing-harris-pennsylvania-bakerys-election-cookie-poll-people-upset.print,fox,media,Trump crushing Harris in Pennsylvania bakery's election 'cookie poll': 'People are upset'
https://www.foxnews.com/us/atlanta-cop-city-protesters-clash-police-construction-training-center.print,fox,us,Atlanta 'Cop City' protesters clash with police over construction of training center
https://www.foxnews.com/sports/bidens-title-ix-rule-adds-discrimination-against-women-through-backdoor-opinion,fox,sports,Opinion: Biden's Title IX rule adds discrimination against women through the backdoor
https://www.foxnews.com/politics/supreme-court-allows-continued-regulation-ghost-guns,fox,politics,Supreme Court allows continued regulation of so called 'ghost guns'
https://www.nbcnews.com/news/us-news/9-11-speech-bush-pays-tribute-america-i-know-calls-n1278986,nbc,news,Bush calls out 'violent extremists at home' on 9/11 anniversary
https://www.foxnews.com/travel/abandoned-luxury-hotel-florida-set-reopen-17-years,fox,travel,Abandoned luxury hotel in Florida will reopen after 17 years
https://www.foxnews.com/media/bowman-takes-swipe-hillary-clinton-after-she-backs-his-opponent-wouldnt-call-major-endorsement,fox,media,Bowman takes a swipe at Hillary Clinton after she backs his opponent: 'Wouldn't call that a major endorsement'
https://www.foxnews.com/politics/trump-quickly-moves-define-harris-more-left-than-bernie-sanders,fox,politics,Trump quickly moves to define Harris as 'more left than Bernie Sanders'
https://www.foxnews.com/us/would-be-trump-assassin-wants-judge-cannon-recuse-herself-dismissing-document-case.print,fox,us,Would be Trump assassin wants Judge Cannon to recuse herself for dismissing document case
https://www.nbcnews.com/politics/2024-election/trump-campaign-big-bet-new-gotv-strategy-worries-republicans-rcna170516,nbc,politics,The Trump campaign's big bet on a new GOTV strategy worries some Republicans
https://www.nbcnews.com/politics/2024-election/trump-somber-remembrance-heated-rhetoric-return-butler-rcna173637,nbc,politics,"Trump mixes somber remembrance with heated rhetoric in his return to Butler, Pa."
https://www.foxnews.com/health/dementia-advice-16-safe-things-say-loved-one,fox,health,Dementia advice: Here are 16 safe things to say to your loved one
https://www.foxnews.com/official-polls/fox-news-poll-87-consider-situation-southern-border-problem,fox,official-polls,Poll: 87% consider situation at southern border a problem
https://www.nbcnews.com/politics/joe-biden/biden-publicly-acknowledges-7th-grandchild-navy-first-time-rcna96987,nbc,politics,President Biden publicly acknowledges 7th grandchild for first time
https://www.foxnews.com/politics/popular-pa-democratic-mayor-warns-trump-out-messaging-harris-fringes-hurting-parties,fox,politics,Popular PA Democratic mayor warns Trump is 'out messaging' Harris: 'I get more from Colbert'
https://www.foxnews.com/health/health-happiness-helping-others-parts-free-responsible-society-founding-fathers-taught.print,fox,health,"Health, happiness and helping others are vital parts of free and responsible society, Founding Fathers taught"
https://www.foxnews.com/politics/top-adviser-left-wing-california-da-charged-nearly-dozen-felonies,fox,politics,Top adviser to left wing California DA charged with nearly a dozen felonies
https://www.nbcnews.com/news/latino/doubts-surface-over-puerto-rican-governor-s-motivation-fire-housing-n1119616,nbc,news,Doubts surface over Puerto Rican governor's motivation to fire housing secretary
https://www.nbcnews.com/politics/donald-trump/trump-putin-talked-many-7-2021-new-book-claims-rcna174528,nbc,politics,"Trump and Putin have talked as many as 7 times since 2021, new book claims"
https://www.nbcnews.com/politics/justice-department/dc-chiropractor-stormed-capitol-arrested-jan-6-charges-rcna32679,nbc,politics,D.C. chiropractor who stormed Capitol arrested on Jan. 6 charges
https://www.nbcnews.com/select/shopping/best-acne-scar-treatments-ncna1273575,nbc,select,The best acne scar treatments that dermatologists say actually fade dark spots
https://www.foxnews.com/media/father-parkland-shooting-victim-speaks-tragic-anniversary-criminals-obey-gun-laws,fox,media,Father of Parkland shooting victim speaks out on tragic anniversary: 'Criminals don't obey gun laws'
https://www.nbcnews.com/news/world/israel-netanyahu-likud-far-right-colaition-ben-gvir-jewish-power-rcna58724,nbc,news,Netanyahu signs coalition deal with Israeli far right
https://www.nbcnews.com/news/world/beijing-half-marathon-organizers-investigate-chinese-runners-controver-rcna147782,nbc,news,Beijing Half Marathon organizers investigate Chinese runner's controversial win
https://www.foxnews.com/media/sanders-staffer-flames-socialist-biden-endorsement-warning-trump-appeal-where-been,fox,media,Former Bernie Sanders staffer torches his Biden endorsement and warns of Trump's appeal: 'Where've you been?'
https://www.nbcnews.com/news/significance-hamas-chose-attack-israel-now-rcna119351,nbc,news,The significance of why Hamas chose to attack Israel now
https://www.foxnews.com/sports/bruce-arians-biden-vaccine-push-buccaneers-white-house-visit,fox,sports,"Bruce Arians, Biden make vaccine push during Buccaneers' White House visit"
https://www.foxnews.com/us/videos-taken-inside-apalachee-high-school-show-gun-ordered-evacuations,fox,us,"Videos taken inside Apalachee High School show gun, ordered evacuations"
https://www.nbcnews.com/news/world/israeli-elections-trump-no-longer-centerpiece-netanyahu-s-bid-power-n1261605,nbc,news,Trump no longer centerpiece as Netanyahu again bids for power in Israel
https://www.foxnews.com/us/colorado-mayor-speaks-out-after-video-armed-venezuelan-gang-apartment-goes-viral.print,fox,us,Colorado mayor speaks out after video of armed Venezuelan gang in apartment goes viral: 'Failed policy'
https://www.foxnews.com/sports/nitro-circus-own-travis-pastrana-discusses-growth-motocross-sports-awesome-see.print,fox,sports,Nitro Circus' own Travis Pastrana discusses growth of motocross sports: 'Awesome to see'
https://www.foxnews.com/media/thomas-jefferson-statues-removal-from-new-york-city-hall-a-disgrace-douglas-murray,fox,media,Thomas Jefferson statue's removal from New York City Hall a 'disgrace': Douglas Murray
https://www.foxnews.com/politics/republicans-block-dem-backed-ivf-bill-revived-chuck-schumer,fox,politics,Republicans block Dem backed IVF bill revived by Chuck Schumer
https://www.foxnews.com/politics/pro-palestinian-protesters-taunt-harris-rallygoers-veep-supporter-hits-back-what-about-hamas.print,fox,politics,Pro Palestinian protesters taunt Harris rallygoers as veep supporter hits back: What 'About Hamas?'
https://www.nbcnews.com/politics/live-blog/jan-6-hearing-expect-top-trump-admin-aide-testifies-rcna35551,nbc,politics,Jan. 6 hearing highlights: Cassidy Hutchinson gives explosive testimony about the Trump White House
https://www.nbcnews.com/tech/tech-news/chatgpt-ai-consciousness-rcna71777,nbc,tech,What is consciousness? ChatGPT and advanced AI might redefine our answer
https://www.nbcnews.com/news/world/india-change-name-bharat-g20-dinner-invites-rcna103570,nbc,news,India or Bharat? Invites fuel speculation that the country could change its name
https://www.foxnews.com/politics/migrant-crisis-roils-boston-area-school-stands-firm-residency-policy-amid-state-influx,fox,politics,Migrant crisis roils Boston area as school stands firm on contentious residency policy
https://www.foxnews.com/sports/womens-soccer-club-features-several-transgender-players-wins-league-title-finishes-undefeated,fox,sports,"Women's soccer club that features several transgender players wins league title, finishes undefeated"
https://www.nbcnews.com/politics/white-house/biden-signs-executive-order-shutting-southern-border-rcna155426,nbc,politics,Biden signs executive action drastically tightening border
https://www.foxnews.com/lifestyle/catching-zzzs-5-amazon-buys-help-sleep-better-night.print,fox,lifestyle,Catching Zzz's: 5 Amazon buys that could help you sleep better at night
https://www.nbcnews.com/politics/congress/gop-led-house-committees-release-lengthy-report-alleging-president-bid-rcna166954,nbc,politics,GOP led House committees release lengthy report alleging President Biden committed impeachable offenses
https://www.foxnews.com/world/irans-ayatollah-ali-khamenei-hiding-extra-security-following-hezbollah-leaders-death-report.print,fox,world,Iran's Ayatollah Ali Khamenei in hiding with extra security following Hezbollah leader's death: report
https://www.nbcnews.com/politics/justice-department/jan-6-committee-staffers-told-preliminary-plan-final-report-focus-larg-rcna56802,nbc,politics,"Jan. 6 committee staffers told preliminary plan for final report would focus largely on Trump, not on law enforcement failures, sources say"
https://www.foxnews.com/travel/greece-impose-tax-cruise-visitors-popular-islands-combat-overtourism,fox,travel,Greece to impose tax for cruise visitors on popular islands to combat overtourism
https://www.nbcnews.com/politics/2024-election/harris-seeks-recapture-obama-era-energy-rallies-pennsylvania-rcna174339,nbc,politics,Harris seeks to recapture Obama era energy as he rallies for her in Pennsylvania
https://www.nbcnews.com/news/world/israeli-hostage-handshake-hamas-rcna121852,nbc,news,"After she was freed, Israeli hostage offered a handshake to her Hamas captor"
https://www.nbcnews.com/news/world/jin-k-pop-group-bts-finishes-military-service-south-korea-rcna156693,nbc,news,Jin from K pop group BTS finishes military service in South Korea
https://www.foxnews.com/us/apalachee-high-school-shooting-georgia-assistant-football-coach-who-taught-old-school-ways-among-dead,fox,us,Apalachee High School shooting: Georgia assistant football coach who taught 'old school ways' among the dead
https://www.nbcnews.com/investigations/ex-trump-officials-asked-biden-doj-protection-iran-threats-no-answer-rcna162301,nbc,investigations,Ex Trump officials say they asked the Biden DOJ for help against Iranian threats but got no answer
https://www.foxnews.com/politics/trump-rolls-out-2024-trade-policy-tax-china-build-up-america-reward-us-producers,fox,politics,"Trump rolls out 2024 trade policy that would 'tax China to build up America,' reward US producers"
https://www.foxnews.com/media/vp-nominee-tim-walz-sits-rare-interview-discuss-gutter-maintenance-tiktoker,fox,media,VP nominee Tim Walz sits for rare interview to discuss gutter maintenance with TikToker
https://www.nbcnews.com/select/shopping/best-grooming-care-pet-awards-ncna1305982,nbc,select,We tried hundreds of pet care products these are the best.
https://www.foxnews.com/travel/historical-time-capsule-containing-letter-president-coolidge-unveiled-national-wwi-museum,fox,travel,Historical time capsule containing letter from President Coolidge unveiled at National WWI Museum
https://www.foxnews.com/politics/former-republican-us-senator-endorses-kamala-harris-says-election-stark-choice,fox,politics,"Former Republican US senator endorses Kamala Harris, says election offers 'stark choice'"
https://www.foxnews.com/world/pyongyang-media-dismisses-speculation-hamas-using-north-korean-weapons,fox,world,Pyongyang media dismisses speculation of Hamas using North Korean weapons
https://www.nbcnews.com/news/world/gaza-strip-struggles-cope-coronavirus-outbreak-takes-its-toll-n1239972,nbc,news,Pandemic exacerbates strain on Gaza Strip's densely packed communities
https://www.nbcnews.com/news/us-news/live-blog/unhealthy-air-quality-canada-wildfires-live-updates-rcna88092,nbc,news,Air quality: New York City has the worst air in the world as smoke from Canadian wildfires rolls in
https://www.nbcnews.com/news/us-news/earthquake-hits-puerto-rico-island-jolted-5-7-magnitude-quake-n1111046,nbc,news,"Puerto Rico jolted by 5.8 magnitude earthquake, the largest in series of quakes"
https://www.nbcnews.com/weather/hurricanes/live-blog/hurricane-milton-live-updates-rcna174774,nbc,weather,Hurricane Milton: At least 14 deaths confirmed after monster storm slams into Florida
https://www.nbcnews.com/politics/2024-election/kamala-harris-sees-path-victory-pennsylvania-running-suburbs-rcna175307,nbc,politics,Harris campaign sees its path to victory in Pennsylvania running through the suburbs
https://www.nbcnews.com/news/world/2-wounded-new-jerusalem-attack-israeli-paramedics-say-rcna67996,nbc,news,"Palestinian gunman wounds 2 in Jerusalem, a day after 7 were killed"
https://www.foxnews.com/media/kamala-harris-tells-the-view-she-cant-think-anything-she-would-have-done-differently-from-biden.print,fox,media,Kamala Harris tells 'The View' she can't think of anything she would have done differently from Biden
https://www.nbcnews.com/weather/hurricanes/live-blog/hurricane-milton-live-updates-rcna174624,nbc,weather,"Hurricane Milton: Eye wall begins to move onshore near Tampa as Florida deals with tornadoes, flooding"
https://www.nbcnews.com/tech/tech-news/facebook-users-say-amen-bizarre-ai-generated-images-jesus-rcna143965,nbc,tech,Facebook users say 'amen' to bizarre AI generated images of Jesus
https://www.foxnews.com/world/israels-hunt-hamas-terror-group-leader-yahya-sinwar-dead-man-walking.print,fox,world,Israel's hunt for Hamas terror group leader Yahya Sinwar: 'Dead man walking'
https://www.foxnews.com/media/moms-liberty-co-founder-torches-splcs-extremist-label-not-going-stop.print,fox,media,Moms for Liberty co founder torches SPLC's 'extremist' label: 'We're not going to stop'
https://www.foxnews.com/politics/federal-judge-blocks-biden-admin-move-give-legal-status-illegal-immigrant-spouses-us-citizens.print,fox,politics,Federal judge blocks Biden admin move to give legal status to illegal immigrant spouses of US citizens
https://www.foxnews.com/world/israel-bans-un-secretary-general-over-anti-israel-actions-doesnt-deserve-set-foot-israeli-soil,fox,world,Israel bans UN secretary general over anti Israel actions: 'Doesn't deserve to set foot on Israeli soil'
https://www.foxnews.com/travel/man-travels-world-cruise-ship-free-quitting-day-job-learned-much,fox,travel,Man travels the world on a cruise ship for free after quitting his day job: 'Have learned so much'
https://www.nbcnews.com/select/shopping/sneakers-for-wide-feet-rcna149878,nbc,select,"The best women's sneakers for wide feet, according to podiatrists"
https://www.foxnews.com/us/virginia-teacher-shot-6-year-old-student-classroom-says-shell-never-forget-look-face,fox,us,Virginia teacher shot by 6 year old student in classroom says she'll 'never forget the look on his face'
https://www.nbcnews.com/politics/supreme-court/appeals-court-rules-trump-presidential-immunity-2020-election-interfer-rcna133234,nbc,politics,"Trump is not immune in 2020 election interference case, appeals court rules"
https://www.nbcnews.com/politics/2024-election/poll-numbers-key-groups-moved-biden-harris-trump-rcna172013,nbc,politics,Inside the poll numbers: Which key groups have moved and which ones haven't since Biden's exit
https://www.foxnews.com/us/georgia-school-shooting-teen-suspects-moms-criminal-record-part-emerging-picture-troubled-home-life,fox,us,Georgia school shooting: Teen suspect's mom's criminal record part of emerging picture of troubled home life
https://www.foxnews.com/media/rapper-50-cent-says-black-men-identifying-trump-over-biden,fox,media,Rapper 50 Cent says Black men are 'identifying with Trump' over Biden
https://www.foxnews.com/media/cnn-calls-out-harris-using-trumps-border-wall-campaign-ad-after-condemning-years,fox,media,CNN calls out Harris for using Trump's border wall in campaign ad after condemning it for years
https://www.foxnews.com/politics/jockeying-begins-over-vances-senate-seat-after-trump-nominates-running-mate,fox,politics,Jockeying begins over Vance's Senate seat after Trump nominates running mate
https://www.foxnews.com/media/laura-ingraham-walz-has-helped-tank-law-enforcement-his-state-his-way-tanking-education,fox,media,LAURA INGRAHAM: Walz has helped tank law enforcement in his state and is on his way to tanking education
https://www.foxnews.com/lifestyle/crisis-college-campuses-what-university-presidents-learn-founding-fathers.print,fox,lifestyle,Crisis on college campuses: What university presidents can learn from the Founding Fathers
https://www.foxnews.com/food-drink/scrambled-pancakes-cause-viral-stir-social-media-this-crime,fox,food-drink,'Scrambled pancakes' cause viral stir on social media: 'This is a crime'
https://www.foxnews.com/politics/pat-sajak-staying-board-chair-conservative-hillsdale-college,fox,politics,Pat Sajak staying on as board chair of conservative Hillsdale College
https://www.nbcnews.com/politics/2024-election/live-blog/trump-harris-presidential-election-live-updates-rcna168470,nbc,politics,Election 2024: Harris and Walz kick off bus tour in Georgia; Vance hits Pennsylvania and Wisconsin
https://www.foxnews.com/us/trump-assassination-attempt-suspect-ryan-routh-ordered-held-pretrial-detention.print,fox,us,Federal judge orders Trump assassination attempt suspect Routh not to be released
https://www.foxnews.com/lifestyle/this-day-history-may-13-1981-pope-john-paul-ii-survives-assassination-attempt,fox,lifestyle,"On this day in history, May 13, 1981, Pope John Paul II survives assassination attempt"
https://www.nbcnews.com/politics/justice-department/biggest-fraud-generation-looting-covid-relief-program-known-ppp-n1279664,nbc,politics,Theft from the Covid relief plan known as PPP was even worse than we thought
https://www.foxnews.com/media/msnbc-host-rages-seeing-polls-showing-trump-leading-electoral-college-suicide-pact,fox,media,"MSNBC host rages after seeing polls showing Trump leading, calls Electoral College a 'suicide pact'"
https://www.foxnews.com/politics/biden-admin-coordinated-liberal-dark-money-behemoth-transforming-food-system-emails-show,fox,politics,"Biden admin coordinated with liberal dark money behemoth on 'transforming food system,' emails show"
https://www.foxnews.com/health/ozempic-happy-drug-study-suggests-weight-loss-medications-reduce-depression-anxiety,fox,health,"Ozempic, the happy drug? Study suggests weight loss medications could reduce depression, anxiety"
https://www.foxnews.com/media/michael-moore-warns-kamala-harris-not-go-centrist,fox,media,Michael Moore warns Kamala Harris to not go 'centrist'
https://www.nbcnews.com/select/shopping/best-dog-dental-chews-ncna1299919,nbc,select,Do dogs actually need dental chews? We asked vets
https://www.nbcnews.com/news/world/india-government-agent-assassination-plot-sikh-nationalist-canada-rcna176048,nbc,news,"Ex Indian government agent plotted assassination on U.S. soil, DOJ says"
https://www.foxnews.com/sports/american-women-players-settle-suit-vs-us-soccer-for-24m,fox,sports,American women players settle suit vs. US Soccer for $24M
https://www.foxnews.com/media/david-axelrod-cautions-against-overconfidence-kamala-harris-its-electoral-college-fight,fox,media,David Axelrod cautions against overconfidence in Kamala Harris: 'It's an Electoral College fight'
https://www.nbcnews.com/news/us-news/hamas-israel-hostages-tell-loved-ones-stories-rcna119509,nbc,news,Hostages in Israel update: Families of loved ones taken by Hamas share their horrific stories
https://www.foxnews.com/entertainment/sydney-sweeney-shows-off-famous-curves-prepares-play-groundbreaking-boxer.print,fox,entertainment,Sydney Sweeney shows off famous curves as she prepares to play groundbreaking boxer
https://www.foxnews.com/politics/tammy-baldwin-repays-taxpayer-funded-november-2020-nyc-trip-see-partner,fox,politics,Sen. Tammy Baldwin repays taxpayer funded November 2020 NYC trip to see partner
https://www.foxnews.com/politics/republican-democrat-team-up-tackle-student-loan-debt-biden-harris-forgiveness-bids-derail,fox,politics,"Florida Republican, Democrat team up to tackle student loan debt as Biden Harris forgiveness bids derail"
https://www.foxnews.com/opinion/serious-crisis-gripping-america-no-one-wants-talk-about,fox,opinion,The serious crisis gripping America that no one wants to talk about
https://www.nbcnews.com/select/shopping/kindle-paperwhite-update-signature-kids-ncna1279865,nbc,select,What you should know about the new Kindle Paperwhites
https://www.foxnews.com/media/propaganda-hispanic-republicans-blast-media-attacks-race-ideology.print,fox,media,"'Propaganda': Hispanic Republicans blast media attacks on their race, ideology"
https://www.foxnews.com/politics/trump-chats-musk-overarching-interview-harris-continues-snubbing-media,fox,politics,"Trump chats with Musk in lengthy, overarching interview as Harris continues snubbing media"
https://www.foxnews.com/media/missing-korean-war-airman-fox-nation,fox,media,Children of missing Korean War airman hold US to leave no man behind
https://www.foxnews.com/politics/3-harris-dnc-attack-lines-against-trump-were-inaccurate-false,fox,politics,Three Harris DNC attack lines against Trump that were inaccurate or false
https://www.nbcnews.com/tech/security/us-microsoft-seize-100-websites-allegedly-used-russian-spies-rcna173784,nbc,tech,U.S. and Microsoft seize over 100 websites allegedly used by Russian spies
https://www.foxnews.com/media/kamala-harris-getting-overwhelmingly-positive-media-coverage-since-emerging-nominee-study,fox,media,Kamala Harris getting overwhelmingly positive media coverage since emerging as nominee: Study
https://www.foxnews.com/politics/harris-running-mate-faces-renewed-scrutiny-weird-socialism-comparison-resurfaces,fox,politics,Harris' running mate faces renewed scrutiny after his 'weird' socialism comparison resurfaces
https://www.nbcnews.com/news/world/reformist-masoud-pezeshkian-wins-irans-presidential-runoff-election-be-rcna160521,nbc,news,"Reformist Masoud Pezeshkian wins Iran's presidential runoff election, besting hard liner Saeed Jalili"
https://www.nbcnews.com/politics/white-house/kamala-harris-gaza-speech-watered-down-cease-fire-rcna141750,nbc,politics,Administration officials watered down Kamala Harris' Gaza speech before delivery
https://www.nbcnews.com/news/us-news/indiana-police-make-announcement-unsolved-2017-delphi-murders-2-teenag-rcna54767,nbc,news,"Indiana man, 50, arrested on murder charges in 2017 killings of 2 teenage girls"
https://www.foxnews.com/media/white-house-repeatedly-dodges-biden-thinks-netanyahu-obstacle-peace-not-answered-3-times,fox,media,White House repeatedly dodges on if Biden thinks Netanyahu is an 'obstacle for peace:' 'Not answered 3 times'
https://www.foxnews.com/politics/riley-gaines-ncaa-athletes-testify-georgia-about-competing-against-sharing-locker-room-lia-thomas,fox,politics,"Riley Gaines, NCAA athletes to testify in Georgia about competing against, sharing locker room with Lia Thomas"
https://www.nbcnews.com/news/world/live-blog/israel-hamas-war-live-updates-gazas-health-system-collapsing-battles-i-rcna128980,nbc,news,Gaza's health system is 'collapsing' as battles intensify in the south
https://www.nbcnews.com/politics/2024-election/generational-divide-black-voters-biden-trump-politics-desk-rcna151089,nbc,politics,A generational divide splits Black voters ahead of Biden Trump rematch
https://www.nbcnews.com/news/world/iran-protests-mahsa-amini-death-clashes-ayatollah-ali-khamenei-rcna54251,nbc,news,Weeks of protests that have 'shaken' Iran since one woman's death show no sign of fading
https://www.nbcnews.com/politics/2024-election/president-joe-biden-drops-2024-presidential-race-rcna159867,nbc,politics,President Joe Biden drops out of 2024 presidential race
https://www.nbcnews.com/select/shopping/best-teen-girl-gift-ideas-ncna1300001,nbc,select,"44 gift ideas for teen girls from UGG, Rare Beauty and more"
https://www.nbcnews.com/news/asian-america/muslims-navigate-restrictions-second-pandemic-ramadan-rcna671,nbc,news,Muslims navigate restrictions in the second pandemic Ramadan
https://www.foxnews.com/politics/harris-visits-crucial-border-state-immigration-record-sparks-scrutiny-timeline,fox,politics,Harris visits crucial border state as immigration record sparks scrutiny: A timeline
https://www.foxnews.com/politics/lake-rips-biden-harris-double-whammy-policies-affecting-arizonans-driven-us-over-the-cliff,fox,politics,Lake rips Biden Harris 'double whammy' policies affecting Arizonans : 'Driven us over the cliff'
https://www.foxnews.com/lifestyle/ketchup-vs-mustard-which-better-experts-chime-in-debate,fox,lifestyle,Ketchup vs. mustard: Which is 'better' for you? Experts chime in on the debate
https://www.nbcnews.com/select/shopping/best-vitamin-c-serums-ncna1262849,nbc,select,This vitamin C serum is the gold standard according to experts (but warning it smells like bacon water)
https://www.nbcnews.com/politics/harris-trump-battle-sports-fans-politcs-desk-rcna176181,nbc,politics,When campaign and football season collide: Harris and Trump battle for sports fans: From the Politics Desk
https://www.foxnews.com/lifestyle/celine-dion-pennsylvania-man-fighting-stiff-person-syndrome-everything-have,fox,lifestyle,"Like Celine Dion, Pennsylvania man is fighting Stiff Person Syndrome 'with everything I have'"
https://www.nbcnews.com/politics/desantis-election-police-charged-20-voter-fraud-advocates-say-story-rcna45895,nbc,politics,DeSantis' election police charged 20 with voter fraud. Advocates say there's more to the story.
https://www.foxnews.com/media/cnns-dana-bash-snags-harris-walz-interview-has-history-ripping-trump.print,fox,media,"CNN's Dana Bash snags Harris Walz interview, has history of ripping Trump"
https://www.foxnews.com/politics/top-outside-group-backing-house-republicans-showcases-fundraising-prowess,fox,politics,First on : Top outside group backing House Republicans sets fundraising record
https://www.foxnews.com/lifestyle/veterans-day-lessons-leadership-america-former-marine-mission,fox,lifestyle,"This Veterans Day, four key lessons on leadership in America from a former Marine: 'Sense of mission'"
https://www.nbcnews.com/select/shopping/how-to-clean-dogs-ears-rcna151711,nbc,select,"Yes, you need to clean your pet's ears here's how to do it the right way"
https://www.foxnews.com/politics/abortion-rights-groups-leaked-supreme-court-draft,fox,politics,Abortion rights groups lash out at leaked Supreme Court draft: 'Confirms our worst fears'
https://www.nbcnews.com/select/shopping/best-buy-holiday-sales-rcna171683,nbc,select,Best Buy just announced all of its holiday sale events for the year and it's a long list
https://www.foxnews.com/entertainment/american-idol-judge-katy-perry-suffers-wardrobe-malfunction-during-show.print,fox,entertainment,'American Idol' judge Katy Perry suffers wardrobe malfunction during show
https://www.foxnews.com/entertainment/eddie-van-halens-son-wolfgang-hits-back-david-lee-roth-singer-trashes-him-wild-rant,fox,entertainment,Eddie Van Halen's son Wolfgang hits back at David Lee Roth after singer trashes him in wild rant
https://www.nbcnews.com/news/world/shin-bet-interrogation-hamas-rcna125748,nbc,news,Inside Shin Bet's interrogation of 50 Hamas fighters
https://www.foxnews.com/politics/progressive-house-dems-made-secret-trip-cuba-discuss-human-rights-border-crisis.print,fox,politics,Progressive House Dems made secret 'human rights' trip to Cuba amid worsening border crisis at home
https://www.foxnews.com/media/former-obama-fundraiser-calls-trumps-fine-so-wrong-attempt-inflict-pain-before-ny-loses-appeal.print,fox,media,"Former Obama fundraiser calls Trump's fine 'so wrong,' attempt to inflict 'pain' before NY loses in appeal"
https://www.nbcnews.com/news/world/netanyahu-arrest-warrant-israel-hamas-war-icc-rcna149743,nbc,news,ICC prosecutor applies for arrest warrants for Netanyahu and Hamas leader Sinwar
https://www.nbcnews.com/news/world/live-blog/israel-hamas-war-live-updates-rcna134245/rcrd31194?canonicalCard=true,nbc,news,Gazans in Khan Younis allege Israeli soldiers raided cemetery
https://www.foxnews.com/politics/nashville-school-shooting-should-investigated-hate-crime-hawley-says.print,fox,politics,"Nashville school shooting should be investigated as hate crime, Hawley says"
https://www.foxnews.com/lifestyle/this-day-history-may-12-1965-rolling-stones-record-satisfaction-keith-richards-dreamed-riff,fox,lifestyle,"On this day in history, May 12, 1965, Rolling Stones record 'Satisfaction' after Keith Richards dreamed a riff"
https://www.foxnews.com/media/nbcs-kristen-welker-reveals-panicked-democrats-texted-during-debate-worried-likable-vance.print,fox,media,'s Kristen Welker reveals 'panicked' Democrats texted her during debate worried by 'likable' Vance
https://www.foxnews.com/health/should-drink-coffee-first-thing-morning-wait-experts-caffeine-guidance,fox,health,"Should you drink coffee first thing in the morning, or wait a while? Experts reveal caffeine guidance"
https://www.foxnews.com/us/girls-killed-delphi-murders-were-sacrificed-pagan-cult-ritual-defense-claims,fox,us,"Girls killed in Delphi murders were sacrificed in pagan cult ritual, defense claims"
https://www.nbcnews.com/news/world/wael-dahdouh-palestinian-journalist-son-killed-israeli-strike-gaza-rcna132791,nbc,news,Palestinian vows to keep reporting after losing another son in an Israeli strike
https://www.foxnews.com/entertainment/sydney-sweeney-says-paparazzi-yelled-her-family-force-her-out-home-bikini,fox,entertainment,Sydney Sweeney says paparazzi yelled at her family to force her out of home in a bikini
https://www.foxnews.com/entertainment/bruce-willis-first-photo-grandpa-rumer-willis-baby-girl-something-will-treasure,fox,entertainment,Bruce Willis' first photo as grandpa with Rumer Willis' baby girl: 'Something I will treasure'
https://www.foxnews.com/sports/senate-hopeful-sam-brown-tulsi-gabbard-show-support-nevada-womens-volleyball-team-amid-sjsu-trans-drama.print,fox,sports,"Senate hopeful Sam Brown, Tulsi Gabbard show support for Nevada women's volleyball team amid SJSU trans drama"
https://www.nbcnews.com/investigations/palestinian-support-armed-struggle-rising-gaza-death-estimate-tops-200-rcna130516,nbc,investigations,"Palestinian support for 'armed struggle' is rising as Gaza death estimate tops 20,000"
https://www.nbcnews.com/politics/2020-election/georgia-shatters-turnout-record-first-day-early-voting-n1243212,nbc,politics,Georgia shatters turnout record for first day of early voting
https://www.nbcnews.com/news/world/former-top-legal-officials-oppose-judicial-overhaul-israel-rcna65490,nbc,news,Former top legal officials oppose judicial overhaul in Israel
https://www.nbcnews.com/politics/2020-election/iran-targeting-u-s-state-voter-rolls-spreading-election-propaganda-n1245577,nbc,politics,"Iran spreading election propaganda and targeting U.S. state voter rolls, officials say"
https://www.nbcnews.com/news/world/palestinians-shoot-4-israelis-spurring-west-bank-revenge-attacks-rcna90316,nbc,news,"Palestinians fatally shoot 4 Israelis, spurring West Bank revenge attacks"
https://www.foxnews.com/politics/have-battlegrounds-shifted-harris-top-ticket,fox,politics,Have battlegrounds shifted with Harris at top of ticket?
https://www.foxnews.com/politics/biden-admin-rushing-industrialize-us-oceans-stop-climate-change-environmental-wrecking-ball,fox,politics,Biden admin is rushing to industrialize US oceans to stop climate change: 'Environmental wrecking ball'
https://www.nbcnews.com/news/world/ship-attack-houthi-red-sea-uss-eisenhower-rcna158406,nbc,news,Yemen's Houthi rebels target ship in the Gulf of Aden as the Eisenhower aircraft carrier heads home
https://www.foxnews.com/lifestyle/this-day-history-sept-29-1907-cowboy-crooner-hollywood-icon-gene-autry-born-texas,fox,lifestyle,"On this day in history, September 29, 1907, cowboy crooner and Hollywood icon Gene Autry is born in Texas"
https://www.foxnews.com/lifestyle/ahead-holidays-build-charcuterie-boards-festive,fox,lifestyle,"Ahead of the holidays, here's how to build charcuterie boards that are 'super festive'"
https://www.foxnews.com/us/trump-harris-presidential-debate-philadelphia-under-biden-saw-cops-kids-shot-alleged-savage-offenders-freed,fox,us,"Trump Harris presidential debate: Philadelphia under Biden saw cops, kids shot, alleged savage offenders freed"
https://www.foxnews.com/politics/new-york-ag-case-against-nra-leader-faces-trial-court-again-rejects-gun-groups-claim-political-probe,fox,politics,New York AG case against NRA leader faces trial after court again rejects gun group's claim of political probe
https://www.nbcnews.com/news/world/us-concerned-reports-north-korean-soldiers-fighting-for-russia-ukraine-rcna175640,nbc,news,"North Korean soldiers are training to fight for Russia, Ukraine says"
https://www.nbcnews.com/business/business-news/six-months-zero-covid-us-firms-china-still-face-unpredictable-business-rcna87915,nbc,business,"Six months after 'zero Covid,' U.S. firms in China still face an unpredictable business climate"
https://www.foxnews.com/media/trumps-name-incorrectly-used-la-times-o-j-simpson-obituary-freud-lives,fox,media,Trump's name 'incorrectly' used in LA Times' OJ Simpson obituary: 'Freud Lives'
https://www.nbcnews.com/tech/tech-news/-china-influence-campaign-pushed-talking-points-50-websites-rcna102247,nbc,tech,Pro China influence campaign pushed talking points across more than 50 websites
https://www.nbcnews.com/politics/justice-department/dc-chiropractor-scuffled-officers-jan-6-sentenced-prison-rcna88931,nbc,politics,D.C. chiropractor who 'scuffled' with officers on Jan. 6 is sentenced to prison
https://www.nbcnews.com/news/world/water-crisis-global-food-threatened-rcna175873,nbc,news,"Half of all global food threatened by growing water crisis, report says"
https://www.nbcnews.com/news/world/israel-protest-netanyahus-judicial-overhaul-rcna70535,nbc,news,Tens of thousands protest Netanyahu's contentious plan to overhaul Israel's judicial system
https://www.nbcnews.com/news/world/israel-benjamin-netanyahu-government-rebuke-ex-army-chief-rcna65667,nbc,news,Israel's outgoing army chief rebukes Netanyahu's far right government
https://www.foxnews.com/media/nbc-reporter-calls-out-kamala-harris-saying-her-values-havent-changed,fox,media,reporter calls out Kamala Harris for saying her 'values haven't changed': 'Her positions have changed'
https://www.foxnews.com/politics/harris-heads-southern-border-looking-flip-script-immigration-criticisms,fox,politics,Harris heads to southern border looking to flip script on immigration criticisms
https://www.nbcnews.com/politics/2024-election/live-blog/election-2024-dnc-live-updates-rcna165227#rcrd52707,nbc,politics,DNC 2024 highlights: Barack Obama praises Harris and Biden in keynote convention speech
https://www.nbcnews.com/think/opinion/israel-s-annexing-west-bank-isn-t-disaster-peace-everyone-ncna1232615,nbc,think,"Opinion No, Israeli annexation of the West Bank does not doom the peace process"
https://www.foxnews.com/politics/bidens-charlottesville-moment-potus-torched-telling-dnc-anti-israel-mob-outside-has-point,fox,politics,Biden's Charlottesville moment? POTUS torched for telling DNC anti Israel mob outside they 'have a point'
https://www.nbcnews.com/news/world/massive-us-dock-deliver-food-humanitarian-aid-will-reach-gaza-tonight-rcna147623,nbc,news,A massive U.S. dock to help deliver aid to Gaza is completed
https://www.nbcnews.com/politics/2024-election/local-republicans-defend-haitian-immigrants-targeted-trump-rcna171723,nbc,politics,Local Republicans reject Trump's claims about Haitian immigrants in their towns
https://www.nbcnews.com/politics/2024-election/live-blog/dnc-2024-live-updates-rcna165226#rcrd52465,nbc,politics,DNC 2024 live updates: Democratic convention kicks off; Hillary Clinton addresses delegates
https://www.nbcnews.com/politics/donald-trump/updates-trump-arraignment-florida-classified-documents-rcna88871,nbc,politics,Trump pleads not guilty in federal classified documents case
https://www.nbcnews.com/politics/2024-election/top-trump-vp-picks-2020-election-results-2024-outcome-rcna150872,nbc,politics,Here's what top Trump VP picks say about the 2020 election results and whether they'll accept the 2024 outcome
https://www.nbcnews.com/select/shopping/best-products-treat-sunburn-ncna1272746,nbc,select,Dermatologists are begging you to stop peeling your sunburn here's what to do instead
https://www.nbcnews.com/politics/meet-the-press/trump-s-second-impeachment-trial-underway-verdict-already-n1257254,nbc,politics,Trump's second impeachment trial is underway and the verdict is already in
https://www.nbcnews.com/news/world/gaza-humanitarian-zones-smaller-than-manhattan-rcna167056,nbc,news,Gaza's 2.2 million people are confined to a humanitarian area smaller than Manhattan
https://www.nbcnews.com/news/us-news/nyc-officers-scuffle-14-year-old-girl-handcuffed-selling-fruit-park-vi-rcna155357,nbc,news,"NYC officers scuffle with 14 year old girl they handcuffed over selling fruit in a park, video shows"
https://www.foxnews.com/health/dementia-2-shocking-new-risk-factors-study-finds-total-14-list.print,fox,health,"Dementia has 2 shocking new risk factors, study finds, with total of 14 now on list"
https://www.nbcnews.com/news/world/israel-hostage-rescue-what-we-know-rcna156937,nbc,news,IDF faces increased scrutiny as more details come out in wake of deadly hostage rescue
https://www.foxnews.com/politics/kamala-harris-reassures-democratic-party-donors-theres-nothing-worry-about,fox,politics,Kamala Harris reassures Democratic Party donors that there's nothing to worry about
https://www.nbcnews.com/select/shopping/best-pet-products-reviews-ncna1298522,nbc,select,"19 best pet products for dogs and cats, according to staff pet owners"
https://www.foxnews.com/politics/why-biden-did-debate-throwdown-trump-agreed-risks-each-side,fox,politics,"Why Biden did the debate throwdown, Trump agreed, and the risks for each side"
https://www.foxnews.com/politics/aclu-sues-indiana-over-its-denial-of-sex-reassignment-surgery-for-inmate-who-strangled-11-month-old-to-death.print,fox,politics,ACLU sues Indiana over denial of sex reassignment surgery for inmate who strangled 11 month old to death
https://www.nbcnews.com/news/world/hostage-families-share-disturbing-video-israeli-soldiers-abducted-hama-rcna153558,nbc,news,Hostage families share disturbing video of Israeli soldiers being abducted by Hamas on Oct. 7
https://www.nbcnews.com/politics/2024-election/elon-musk-nearly-75-million-trump-super-pac-rcna175639,nbc,politics,Elon Musk has given nearly $75 million to his pro Trump super PAC
https://www.foxnews.com/politics/wisconsin-kicks-off-election-season-first-widely-available-absentee-ballots.print,fox,politics,Wisconsin kicks off election season with first widely available absentee ballots
https://www.foxnews.com/politics/trump-biden-face-tests-final-2024-presidential-primaries.print,fox,politics,"Trump, Biden face tests in final 2024 presidential primaries"
https://www.nbcnews.com/tech/social-media/tiktok-ads-videos-election-politics-2024-rcna161234,nbc,tech,Banned political ads found on TikTok weeks ahead of 2024 election
https://www.foxnews.com/politics/colorado-supreme-court-dismisses-lawsuit-against-christian-baker-who-refused-bake-trans-cake,fox,politics,Colorado Supreme Court dismisses lawsuit against Christian baker who refused to bake trans cake
https://www.foxnews.com/entertainment/euphoria-star-sydney-sweeneys-dad-walked-out-explicit-scenes-watching-show.print,fox,entertainment,'Euphoria' star Sydney Sweeney's dad 'walked out' during her explicit scenes after watching show
https://www.nbcnews.com/news/world/nobel-laureate-muhammad-yunus-sworn-in-head-bangladesh-government-rcna165909,nbc,news,Nobel laureate Muhammad Yunus is sworn in as interim leader of Bangladesh
https://www.foxnews.com/media/nate-silver-reveals-one-battleground-state-could-spell-trouble-kamala-harris,fox,media,Nate Silver reveals the one battleground state that could spell trouble for Kamala Harris
https://www.foxnews.com/us/911-call-reveals-shock-utah-mommy-bloggers-alleged-child-abuse-shes-bad-lady,fox,us,911 call reveals shock of Utah mommy bloggers' alleged child abuse: 'She's a bad lady'
https://www.foxnews.com/media/oklahoma-parent-sues-daughter-allegedly-severely-beaten-transgender-student-bathroom,fox,media,Oklahoma parent sues after her daughter is allegedly 'severely beaten' by transgender student in bathroom
https://www.foxnews.com/world/idf-uncovers-massive-smuggling-tunnel-vehicles-gaza-egypt-border,fox,world,IDF uncovers massive smuggling tunnel for vehicles on Gaza Egypt border
https://www.foxnews.com/politics/biden-admin-unveils-latest-crackdown-oil-gas-industry-un-climate-conference,fox,politics,Biden admin unveils latest crackdown on oil and gas industry at UN climate conference
https://www.nbcnews.com/politics/2024-election/live-blog/harris-trump-presidential-election-live-updates-rcna172152/rcrd56221?canonicalCard=true,nbc,politics,Trump targets young men with nicotine pouch and Jake Paul ads
https://www.foxnews.com/politics/dnc-attendees-reject-popular-gop-accusation-of-convention-hypocrisy-apples-and-oranges,fox,politics,DNC attendees reject popular GOP accusation of convention hypocrisy: 'Apples and oranges'
https://www.nbcnews.com/politics/congress/mcconnell-privately-called-trump-despicable-human-unfit-office-new-boo-rcna175960,nbc,politics,"McConnell privately called Trump a 'despicable human' and unfit for office, new book says"
https://www.nbcnews.com/meet-the-press/meet-the-press/fact-checking-trump-meet-press-interview-rcna105297,nbc,meet-the-press,Fact checking Trump's 'Meet the Press' interview
https://www.nbcnews.com/politics/2024-election/faced-unique-challenges-filling-potential-trump-cabinet-quiet-transiti-rcna171455,nbc,politics,"Faced with the unique challenges of filling a potential Trump Cabinet, quiet transition work is underway"
https://www.foxnews.com/politics/jd-vance-roasts-harris-wisconsin-tarmac-avoiding-press-calls-air-force-2-his-future-plane.print,fox,politics,"JD Vance roasts Harris on Wisconsin tarmac for avoiding press, calls Air Force 2 his 'future plane'"
https://www.nbcnews.com/tech/tech-news/tiktok-creators-file-lawsuit-us-government-over-potential-ban-rcna152265,nbc,tech,Eight TikTok creators sue U.S. government over potential ban
https://www.foxnews.com/us/anti-israel-mob-rebrands-iconic-hamilton-hall-following-insurrection-columbia,fox,us,Anti Israel mob rebrands iconic Hamilton Hall following insurrection at Columbia
https://www.foxnews.com/lifestyle/ny-teacher-us-coast-guard-member-lost-eye-wont-allow-freak-accident-define-life,fox,lifestyle,"NY teacher, US Coast Guard member who lost an eye won't allow 'freak accident' to define his life"
https://www.foxnews.com/lifestyle/meet-american-wrote-america-beautiful-katharine-lee-bates,fox,lifestyle,"Meet the American who wrote 'America the Beautiful,' Katharine Lee Bates, professor poet prayed for unity"
https://www.foxnews.com/media/top-5-friendliest-moments-kamala-harris-media-blitz-next-president-united-states.print,fox,media,Top 5 friendliest moments from Kamala Harris' media blitz: 'The next president of the United States'
https://www.foxnews.com/politics/trump-harris-toss-up-races-key-swing-states-pennsylvania-georgia-nevada-poll.print,fox,politics,"Trump and Harris in toss up races in key swing states Pennsylvania, Georgia, Nevada: poll"
https://www.nbcnews.com/select/shopping/best-wellness-awards-products-2024-rcna145182,nbc,select,Our staff tested hundreds of wellness products these are the best
https://www.foxnews.com/politics/nearly-200-gop-lawmakers-blast-bidens-epa-targeting-farmers-ranchers-egregious-federal-overreach,fox,politics,"Nearly 200 GOP lawmakers blast Biden's EPA for targeting farmers, ranchers: 'Egregious federal overreach'"
https://www.foxnews.com/entertainment/olivia-rodrigo-reunites-ex-joshua-bassett-drivers-license-inspiration.print,fox,entertainment,Olivia Rodrigo reunites with rumored ex Joshua Bassett for first time since breakup hit 'Drivers License'
https://www.nbcnews.com/politics/2024-election/totally-illegal-trump-escalates-rhetoric-outlawing-political-dissent-c-rcna174280,nbc,politics,'Totally illegal': Trump escalates rhetoric on outlawing political dissent and criticism
https://www.nbcnews.com/tech/social-media/musk-uses-x-push-story-platforms-suspension-brazil-rcna169380,nbc,tech,Elon Musk uses X to push his own story about the platform's suspension in Brazil
https://www.foxnews.com/politics/florida-gov-desantis-says-state-conduct-investigation-second-trump-assassination-attempt,fox,politics,Florida Gov. DeSantis says state will conduct investigation into second Trump assassination attempt
https://www.foxnews.com/world/russia-ukraine-war-donbas-fight-zelenskyy,fox,world,"Russia Ukraine war: Deadly fight in Donbas 'one of the most brutal battles... for Europe,' Zelenskyy says"
https://www.nbcnews.com/news/world/britain-emergency-heatwave-hot-wildfires-europe-france-spain-portugal-rcna38647,nbc,news,U.K. braces for record heat as it becomes one of the hottest places on Earth
https://www.foxnews.com/politics/house-democrats-pro-act-right-to-work-california-ab5,fox,politics,PRO Act gains socialist support: The Democratic bill that would crush right to work laws
https://www.nbcnews.com/politics/2024-election/different-turnout-models-change-nbc-news-poll-results-rcna175096,nbc,politics,How different turnout models change the poll results
https://www.foxnews.com/food-drink/food-college-gets-high-tech-boost-first-robotic-kitchen-university-setting,fox,food-drink,Food at college gets high tech boost with first robotic kitchen in university setting
https://www.nbcnews.com/politics/2024-election/poll-half-gen-z-voters-support-kamala-harris-one-third-back-donald-tru-rcna169025,nbc,politics,"Poll: Half of Gen Z voters support Harris, one third back Trump"
https://www.foxnews.com/media/loneliness-crisis-sweeping-america-deadly-smoking-surgeon-general-warns,fox,media,"Loneliness crisis sweeping America could be as deadly as smoking, surgeon general warns"
https://www.nbcnews.com/politics/2024-election/desantis-debate-memo-urges-defend-trump-attack-ramaswamy-rcna100414,nbc,politics,DeSantis debate memo urges him to defend Trump and take 'a sledge hammer' to Ramaswamy
https://www.nbcnews.com/news/us-news/ryan-routh-pleads-not-guilty-charges-sought-assassinate-trump-golf-cou-rcna173254,nbc,news,Ryan Routh pleads not guilty to charges he sought to assassinate Trump at golf course
https://www.nbcnews.com/select/shopping/womens-walking-shoes-amazon-ncna1302556,nbc,select,4 things to look for in comfortable walking shoes plus the best pairs we found on Amazon
https://www.nbcnews.com/news/asian-america/racism-sexism-must-be-considered-atlanta-case-involving-killing-six-n1261347,nbc,news,"Racism, sexism must be considered in Atlanta case involving killing of six Asian women, experts say"
https://www.nbcnews.com/politics/justice-department/jan-6-anniversary-donald-trump-trial-2024-election-rcna132466,nbc,politics,2023 was a massive year in the Jan. 6 probe. 2024 will be even bigger.
https://www.foxnews.com/politics/rfk-no-business-testifying-congress-government-censorship-democrats,fox,politics,"RFK Jr has 'no business' testifying in Congress on government censorship, Democrats say"
https://www.nbcnews.com/news/world/israeli-military-kibbutz-internal-inquiry-rcna161497,nbc,news,"Israeli military abandoned kibbutz for hours during Hamas' attack Oct. 7, IDF inquiry finds"
https://www.nbcnews.com/politics/white-house/biden-king-jordan-meet-hostage-release-talks-israel-hamas-war-rcna138379,nbc,politics,Biden and king of Jordan discuss hostage release efforts at White House meeting
https://www.nbcnews.com/politics/white-house/biden-gaza-israel-plan-end-war-cease-fire-hostages-rcna154945,nbc,politics,Biden announces Israel has offered a three part proposal to end the war in Gaza
https://www.nbcnews.com/science/environment/day-thousand-year-rainstorm-southern-appalachia-faces-hurricane-helene-rcna172895,nbc,science,"A day after a once in a thousand year rainstorm, southern Appalachia faces Hurricane Helene"
https://www.nbcnews.com/politics/donald-trump/trump-pardon-jan-6-capitol-rioters-rcna149900,nbc,politics,Trump says he may free every Jan. 6 rioter. His team is eyeing 'case by case' pardons.
https://www.nbcnews.com/select/shopping/grace-and-stella-eye-masks-rcna158309,nbc,select,Our editors' go to eye masks are 57% off during Prime Day
https://www.nbcnews.com/news/latino/anxious-cubans-brace-price-hikes-austerity-measures-rcna136627,nbc,news,Anxious Cubans brace for upcoming price hikes and austerity measures
https://www.nbcnews.com/investigations/israel-long-history-targeted-killings-enemies-rcna171888,nbc,investigations,"Wigs, robotic guns and exploding pagers: Israel has a long history of hunting down its enemies"
https://www.foxnews.com/world/russia-launches-one-deadliest-strikes-against-ukraine-killing-41-zelenskyy,fox,world,"Russia launches one of deadliest strikes against Ukraine, killing 41: Zelenskyy"
https://www.foxnews.com/politics/focus-group-reacts-trump-claim-migrants-eating-dogs-ohio-town,fox,politics,Focus group reacts to Trump claim that migrants are 'eating the dogs' in Ohio town
https://www.foxnews.com/world/hamas-admits-painful-distressing-losses-after-israeli-video-shows-terrorist-sinwar-moments-before-his-death,fox,world,"Hamas admits 'painful, distressing' losses after Israeli video shows terrorist Sinwar moments before his death"
https://www.nbcnews.com/politics/2024-election/100-million-door-knocking-effort-boost-ron-desantis-rcna89517,nbc,politics,Inside the $100 million door knocking effort to boost Ron DeSantis
https://www.nbcnews.com/tech/tech-news/states-are-rapidly-adopting-laws-regulating-political-deepfakes-rcna164578,nbc,tech,States are rapidly adopting laws regulating political deepfakes
https://www.nbcnews.com/politics/2024-election/taylor-swift-endorses-kamala-harris-rcna170547,nbc,politics,Taylor Swift endorses Kamala Harris after presidential debate
https://www.foxnews.com/media/cnn-data-expert-says-harris-momentum-has-stalled-while-trump-more-popular-than-past-elections,fox,media,CNN data expert says Harris' momentum has 'stalled' while Trump is more popular than in past elections
https://www.foxnews.com/food-drink/wine-drinkers-dinosaurs-thank-60m-year-old-grape-fossils-found-scientists,fox,food-drink,Wine drinkers may have dinosaurs to thank after 60M year old grape fossil seeds are found by scientists
https://www.foxnews.com/entertainment/simon-cowell-lauren-silverman-engaged,fox,entertainment,"Simon Cowell, Lauren Silverman engaged nearly 8 years after welcoming son"
https://www.foxnews.com/politics/kamala-harris-border-crisis-timeline.print,fox,politics,Kamala Harris and the southern border crisis: A timeline
https://www.nbcnews.com/news/latino/cuba-exploded-protests-goes-us-embargo-pandemic-rcna1399,nbc,news,Cuba's protests rocked the entire island. Here's why people flooded the streets.
https://www.foxnews.com/sports/fans-boo-tim-walz-he-leaves-michigan-minnesota-game-get-out-here,fox,sports,Fans boo Tim Walz as he leaves Michigan Minnesota game: 'Get out of here!'
https://www.nbcnews.com/news/world/north-korea-kim-jong-un-russia-vladimir-putin-ukraine-rcna104563,nbc,news,North Korea's Kim Jong Un arrives in Russia for possible arms talks with Putin
https://www.nbcnews.com/politics/2024-election/melania-trump-says-donald-trump-knew-abortion-beliefs-rcna174176,nbc,politics,Melania Trump says Donald Trump 'knew my position and my beliefs' on abortion 'since the day we met'
https://www.nbcnews.com/select/shopping/cuisinart-air-fryer-toaster-oven-review-rcna151460,nbc,select,I tried Cuisinart's toaster oven style air fryer for two weeks here's how it went
https://www.nbcnews.com/politics/2024-election/harris-playing-safe-democrats-worry-doom-campaign-rcna173504,nbc,politics,Harris is playing it safe. Some Democrats worry that could doom her campaign.
https://www.nbcnews.com/politics/2024-election/georgia-judge-blocks-rule-requiring-counties-hand-count-ballots-rcna175632,nbc,politics,Georgia judge blocks rule requiring counties to hand count Election Day ballots
https://www.foxnews.com/politics/biden-sign-executive-order-aiming-reduce-gun-violence-eliminate-controversial-gun-conversion-devices,fox,politics,"Biden to sign executive order aiming to reduce gun violence, eliminate controversial gun conversion devices"
https://www.foxnews.com/media/tensions-allegedly-rise-between-biden-white-house-harris-campaign-too-much-feelings,fox,media,Tensions allegedly rise between Biden White House and Harris campaign: 'Too much in their feelings'
https://www.foxnews.com/politics/harris-proposes-hiking-corporate-tax-rate-reversing-trump-era-business-tax-cuts,fox,politics,"Harris proposes major corporate tax hike, reversing Trump era cuts"
https://www.foxnews.com/politics/georgia-judge-blocks-rule-requiring-clerks-hand-count-number-ballots,fox,politics,Georgia judge blocks rule requiring clerks to hand count number of ballots
https://www.nbcnews.com/politics/justice-department/doj-finds-officers-suicide-jan-6-was-death-line-duty-rcna100648,nbc,politics,DOJ finds police officer's suicide after Jan. 6 attack was a death in the line of duty
https://www.nbcnews.com/politics/justice-department/jan-6-defendant-arrested-obamas-home-guns-400-rounds-ammunition-van-rcna92094,nbc,politics,Jan. 6 defendant arrested near Obama's home had guns and 400 rounds of ammunition in his van
https://www.foxnews.com/media/clinton-pollster-suggests-internal-friction-obama-biden-camps-trump-friendly-shock-poll.print,fox,media,"Clinton pollster suggests 'internal friction' between Obama, Biden camps after Trump friendly shock poll"
https://www.nbcnews.com/news/world/israel-hits-gaza-new-airstrikes-despite-biden-joining-ceasefire-calls-n1267725,nbc,news,Israel and Hamas trade attacks after Biden expresses support for cease fire
https://www.foxnews.com/entertainment/shawn-mendes-camila-cabello-split-break-up-relationship,fox,entertainment,Shawn Mendes and Camila Cabello break up: We 'will continue to be best friends'
https://www.nbcnews.com/politics/justice-department/fbi-swat-team-hunt-ex-national-guardsman-wanted-jan-6-charges-rcna124196,nbc,politics,FBI SWAT team on the hunt for ex National Guardsman wanted on Jan. 6 charges
https://www.foxnews.com/media/the-washington-post-elon-musk-war-twitter-takeover,fox,media,The Washington Post wages war on Elon Musk as he takes over Twitter
"https://www.foxnews.com/politics/campaign-crisis-dems-who-have-called-biden-drop-out-raised-concerns-about-his-health#&_intcmp=fnhpbt5_2,hp1bt",fox,politics,Campaign crisis: Dems who have called for Biden to drop out or raised concerns about his health
https://www.foxnews.com/us/trump-meets-rachel-morin-family-border-maryland-mom-5-murdered-illegal-immigrant-suspect.print,fox,us,"Trump meets with Rachel Morin family at border, Maryland mom of 5 murdered by illegal immigrant suspect"
https://www.nbcnews.com/news/world/bts-star-jin-begins-military-service-south-korea-rcna61406,nbc,news,BTS star Jin begins military service at front line boot camp
https://www.nbcnews.com/news/law-protecting-alabama-ivf-may-harm-good-critics-say-rcna142288,nbc,news,"Law protecting Alabama IVF may do more harm than good, critics say"
https://www.foxnews.com/politics/trump-trial-stemming-from-jack-smiths-probe-delayed-past-election-day.print,fox,politics,Trump trial stemming from Jack Smith's probe delayed past Election Day
https://www.foxnews.com/politics/tens-thousands-illegal-immigrants-sexual-assault-homicide-convictions-roaming-us-streets.print,fox,politics,"Tens of thousands of illegal immigrants with sexual assault, murder convictions in US: ICE data"
https://www.foxnews.com/politics/bernie-sanders-force-senate-vote-resolution-could-freeze-aid-israel,fox,politics,Bernie Sanders to force Senate vote on resolution that could freeze aid to Israel
https://www.foxnews.com/sports/utah-state-becomes-4th-school-forfeit-womens-volleyball-match-amid-san-jose-state-trans-player-controversy,fox,sports,Utah State is fourth school to forfeit women's volleyball match amid San Jose State trans player controversy
https://www.foxnews.com/politics/trends-good-swing-county-gop-chair-calls-little-pennsylvania-itll-be-repeat-16.print,fox,politics,Trends are good in the swing county GOP chair calls 'Little Pennsylvania': It'll 'be a repeat of '16'
https://www.foxnews.com/media/thousands-anti-israel-protesters-descend-white-house-praising-hamas-slamming-genocide-joe,fox,media,"Thousands of anti Israel protesters descend on White House praising Hamas, slamming 'genocide Joe'"
https://www.foxnews.com/us/venezuelan-tren-de-aragua-gang-recruiting-kids-out-texas-middle-schools.print,fox,us,Venezuelan Tren de Aragua gang recruiting kids from Texas middle schools
https://www.nbcnews.com/news/us-news/man-charged-apparent-trump-plot-wrote-assassination-attempt-court-rcna172199,nbc,news,"Man charged in apparent Trump plot wrote 'This was an assassination attempt,' court filing shows"
https://www.foxnews.com/media/tim-walzs-selection-harris-running-mate-draws-skepticism-even-among-anti-trump-figures,fox,media,"Tim Walz's selection as Harris running mate draws skepticism, even among anti Trump figures"
https://www.foxnews.com/sports/outkicks-clay-travis-interviews-trump-epic-sec-clash-state-race-this-really-big-time-football,fox,sports,"OutKick's Clay Travis interviews Trump on epic SEC clash, state of race: 'This is really big time football'"
https://www.nbcnews.com/politics/2024-election/trump-chicken-campaign-debate-harris-rcna172168,nbc,politics,Democrats to dub Trump a 'chicken' to pressure him to debate Harris
https://www.foxnews.com/world/kim-jong-un-xi-jinping-declare-2024-year-dprk-china-friendship,fox,world,"Kim Jong Un, Xi Jinping declare 2024 'year of DPRK China friendship'"
https://www.foxnews.com/sports/chargers-jim-harbaugh-abruptly-leaves-game-mystery-illness-returns-minutes-later,fox,sports,"Chargers' Jim Harbaugh abruptly leaves game with mystery illness, returns minutes later"
https://www.foxnews.com/entertainment/simon-cowell-reveals-why-turned-down-opportunity-own-talk-show,fox,entertainment,Simon Cowell reveals why he turned down an opportunity to have his own talk show
https://www.nbcnews.com/politics/white-house/biden-speaks-netanyahu-cease-fire-talks-evacuation-rafah-rcna150863,nbc,politics,Biden speaks to Netanyahu amid cease fire talks and evacuation of Rafah
https://www.foxnews.com/media/harris-calls-americans-move-past-failed-policies-november-draws-mockery.print,fox,media,"Harris calls for Americans to 'move past the failed policies' in November, draws mockery"
https://www.nbcnews.com/politics/donald-trump/donald-trump-biggest-challenge-debating-kamala-harris-rcna170388,nbc,politics,'You don't know what to expect': Trump outlines his biggest challenge in debating Harris
https://www.nbcnews.com/select/shopping/best-cat-litter-boxes-ncna1303837,nbc,select,"How to buy the best cat litter box, according to veterinarians"
https://www.foxnews.com/lifestyle/meet-american-invented-hard-hat-symbol-working-class,fox,lifestyle,"Meet the American who invented the hard hat, a proud symbol of our nation's working class"
https://www.nbcnews.com/news/us-news/victims-atlanta-area-spa-shootings-include-recently-married-mother-army-n1261430,nbc,news,"Victims in Atlanta area spa shootings include recently married mother, Army veteran"
https://www.foxnews.com/politics/voter-frustration-crime-liberal-das-mounting-california-while-harris-mum-controversial-prop-47,fox,politics,"Voter frustration with crime, liberal DAs mounting in California while Harris mum on controversial Prop 47"
https://www.nbcnews.com/select/shopping/best-pickleball-gear-beginners-rcna94931,nbc,select,"Everything you need to start playing pickleball, according to the pros"
https://www.nbcnews.com/science/science-news/climate-change-throwing-water-cycle-chaos-us-rcna137892,nbc,science,Climate change is throwing the water cycle into chaos across the U.S.
https://www.foxnews.com/politics/longtime-pa-dem-silent-on-support-for-freshman-squad-member-after-his-name-is-quietly-removed-from-site,fox,politics,Longtime PA Dem silent on support for freshman 'Squad' member after his name is quietly removed from site
https://www.nbcnews.com/politics/congress/trump-surrogate-byron-donalds-harkens-back-jim-crow-era-black-family-w-rcna155663,nbc,politics,Trump surrogate Byron Donalds hearkens back to Jim Crow era when 'the Black family was together'
https://www.foxnews.com/politics/secretary-state-blinken-arrives-israel-show-solidarity-following-hamas-terrorist-attacks,fox,politics,Secretary of State Blinken arrives in Israel in show of solidarity following Hamas terrorist attacks
https://www.foxnews.com/media/hillary-clinton-says-trump-poses-danger-our-country-world-after-assassination-attempt,fox,media,Hillary Clinton says Trump poses 'danger to our country and the world' after assassination attempt
https://www.foxnews.com/media/trump-says-abc-debate-moderators-favored-kamala-harris-three-one,fox,media,Trump says ABC debate moderators favored Kamala Harris: 'It was three to one'
https://www.nbcnews.com/news/asian-america/asian-american-evangelicals-theology-conservative-doesnt-mean-vote-way-rcna175947,nbc,news,Asian American evangelicals' theology is conservative. But that doesn't mean they vote that way.
https://www.foxnews.com/lifestyle/far-left-hatred-jews-today-echoes-socialism-antisemitism-hitler-1930s,fox,lifestyle,Far left hatred of Jews today echoes the socialism and antisemitism of Hitler in the 1930s
https://www.foxnews.com/politics/judge-orders-more-jack-smith-trump-investigation-docs-made-public-ahead-election,fox,politics,Judge orders more Jack Smith Trump investigation docs to be made public ahead of election
https://www.nbcnews.com/select/shopping/best-lumbar-support-pillows-rcna142358,nbc,select,"If you sit in a chair all day, these lumbar support pillows will save your lower back"
https://www.foxnews.com/media/former-california-democrat-turns-republican-kamala-harris-did-nothing-change-schools-california,fox,media,Former Democrat turns Republican: Kamala Harris 'did nothing to change the schools' in California
https://www.foxnews.com/politics/kamala-harris-packing-supreme-court-conservative-balance,fox,politics,Flashback: Kamala Harris was open to packing Supreme Court to shift balance away from conservatives
https://www.nbcnews.com/select/shopping/amazon-fathers-day-gifts-ncna1296034,nbc,select,The 19+ best (and unexpected) last minute Father's Day gifts on Amazon
https://www.foxnews.com/media/maher-calls-out-cnn-gushing-over-kamala-harris-network-anchor-your-hosts-come-across-democrats,fox,media,Maher calls out CNN 'gushing' over Kamala Harris to network anchor: Your hosts 'come across' as Democrats
https://www.foxnews.com/politics/gop-demands-trump-have-same-level-secret-service-protection-biden-after-2nd-assassination-attempt,fox,politics,GOP demands Trump have 'same level' Secret Service protection as Biden after 2nd assassination attempt
https://www.nbcnews.com/investigations/un-begins-distributing-food-aid-gaza-brought-us-military-rcna159558,nbc,investigations,The U.N. begins distributing food aid in Gaza brought ashore by the U.S. military for the first time since June 9
https://www.foxnews.com/media/wsj-editorial-board-harris-doing-first-interview-crutch-tim-walz-insult-american-voters,fox,media,WSJ editorial board says Harris is doing first interview with 'crutch' Tim Walz: 'Insult to American voters'
https://www.foxnews.com/entertainment/kate-moss-50-victorias-secret-fashion-show-surprise-appearance-daughter-lila-22,fox,entertainment,"Kate Moss, 50, takes Victoria's Secret fashion show by storm in surprise appearance with daughter Lila, 22"
https://www.nbcnews.com/news/world/saudi-israel-normalization-closer-crown-prince-interview-fox-news-rcna111292,nbc,news,"'Every day we get closer' to normalization with Israel, Saudi crown prince says in rare interview"
https://www.foxnews.com/politics/americans-favor-trump-immigration-support-mass-deportation-illegal-immigrants-poll-finds,fox,politics,"Americans favor Trump on immigration, support mass deportation of illegal immigrants, poll finds"
https://www.nbcnews.com/nbc-out/out-pop-culture/transgender-models-featured-victorias-secret-fashion-show-rcna175699,nbc,nbc-out,Transgender models featured in Victoria's Secret Fashion Show
https://www.foxnews.com/opinion/massive-tax-increases-coming-second-biden-term,fox,opinion,Here are the massive tax increases coming your way in a second Biden term
https://www.nbcnews.com/politics/national-security/biden-increases-criticism-israel-gaza-still-provides-military-aid-rcna141775,nbc,politics,Biden admin carefully ups criticism of Israel but stops short of cutting off military aid
https://www.nbcnews.com/politics/2024-election/trump-slams-harris-call-ban-price-gouging-37-states-already-rcna167158,nbc,politics,"Trump slams Harris' call for a price gouging ban, but 37 states already have their own"
https://www.nbcnews.com/politics/joe-biden/biden-cancels-trip-africa-ahead-hurricane-milton-hitting-florida-rcna174470,nbc,politics,Biden postpones trip to Germany and Angola ahead of Hurricane Milton's hitting Florida
https://www.nbcnews.com/feature/nbc-out/transgender-model-valentina-sampaio-makes-sports-illustrated-swimsuit-history-n1233478,nbc,feature,Sports Illustrated Swimsuit Issue features its first trans model
https://www.nbcnews.com/politics/2024-election/harris-campaign-office-damaged-gunfire-arizona-rcna172463,nbc,politics,Harris campaign office damaged by gunfire in Arizona
https://www.foxnews.com/politics/walzs-handling-blm-riots-strict-covid-rules-under-microscope-after-harris-vp-pick,fox,politics,"Walz's handling of BLM riots, strict COVID rules under microscope after Harris VP pick"
https://foxnews.com/politics/trump-says-he-probably-took-bullet-head-due-dem-rhetoric,fox,politics,Trump says he 'probably took a bullet to the head' due to Dem rhetoric
https://www.nbcnews.com/select/shopping/amazon-prime-day-2024-rcna149553,nbc,select,Amazon just announced Prime Day 2024 what to know
https://www.foxnews.com/us/illegal-immigrant-indicted-rachel-morin-murder-crucial-step-family-lawyer,fox,us,Illegal immigrant indicted for Rachel Morin's murder in 'crucial step': family's lawyer
https://www.nbcnews.com/health/health-news/ivf-doctors-patients-fearful-alabama-court-rules-embryos-are-children-rcna139636,nbc,health,Doctors and patients fearfully proceed with IVF after Alabama court rules embryos are children
https://www.foxnews.com/travel/travelers-face-new-penalty-exceeding-baggage-limit-trains,fox,travel,Travelers could face new penalty for exceeding baggage limit on trains
https://www.foxnews.com/health/be-well-take-walk-outside-boost-your-mental-health,fox,health,Be well: Take a walk outside to boost your mental health
https://www.foxnews.com/food-drink/1-rum-cocktail-applebees-highlights-halloween-themed-drink-deals,fox,food-drink,$1 rum cocktail at Applebee's highlights Halloween themed drink deals
https://www.nbcnews.com/politics/donald-trump/full-list-trump-s-last-minute-pardons-commuted-sentences-n1254806,nbc,politics,Full list of Trump's last minute pardons and commuted sentences
https://www.foxnews.com/health/ohio-mother-hopes-cure-save-son-rare-fatal-disease-gut-wrenching,fox,health,"Ohio mother hopes for a cure to save her son, 8, from rare, fatal disease: 'Gut wrenching'"
https://www.foxnews.com/media/cnns-harry-enten-says-jd-vance-has-nothing-lose-debate-walz-because-low-favorability-ratings,fox,media,CNN's Harry Enten says JD Vance has 'nothing to lose' in debate with Walz because of low favorability ratings
https://www.nbcnews.com/tech/tech-news/bluesky-social-twitter-rival-jack-dorsey-what-to-know-rcna81972,nbc,tech,"What to know about Bluesky, the Twitter alternative that some celebrities and journalists are joining"
https://www.foxnews.com/us/last-words-hero-firefighter-who-died-trump-rally-shooting-revealed,fox,us,Last words of 'hero' firefighter who died at Trump rally shooting revealed
https://www.nbcnews.com/politics/2024-election/over-300000-people-visit-taylor-swift-link-register-vote-rcna170740,nbc,politics,"More than 337,000 people visit Taylor Swift's link to register to vote"
https://www.foxnews.com/politics/christian-baker-faces-new-lawsuit-over-gender-transition-cake-after-supreme-court,fox,politics,Christian baker faces new lawsuit over gender transition cake after Supreme Court
https://www.foxnews.com/media/60-minutes-trump-axed-interview-demanding-apology-2020-sit-down-complained-fact-checks,fox,media,"'60 Minutes' says Trump axed interview after demanding apology for 2020 sit down, complained about fact checks"
https://www.foxnews.com/food-drink/creamy-cajun-shrimp-scampi-pasta-flavor-packed-cheesy-dream-try-easy-recipe.print,fox,food-drink,"Creamy Cajun shrimp scampi over pasta is a flavor packed, cheesy dream: Try the easy recipe"
https://www.nbcnews.com/politics/congress/house-new-funding-bill-government-shutdown-stupid-election-year-rcna172044,nbc,politics,House to take up new funding bill as some Republicans fear a 'galactically stupid' shutdown
https://www.nbcnews.com/news/us-news/deadly-heat-waves-spread-access-air-conditioning-becomes-lifesaving-question-n1277213,nbc,news,"As deadly heat waves spread, access to air conditioning becomes a lifesaving question"
https://www.foxnews.com/media/biden-abandoned-top-democrats-pritzker-newsom-measure-drapes-absence,fox,media,"Biden abandoned by top Democrats as Pritzker, Newsom 'measure the drapes' in absence"
https://www.nbcnews.com/politics/congress/ethics-committee-investigating-allegations-sexual-misconduct-drug-use-rcna157719,nbc,politics,Ethics Committee investigating Rep. Matt Gaetz over alleged drug use and sexual misconduct
https://www.nbcnews.com/politics/2024-election/ron-desantis-florida-abortion-ballot-measure-rcna175337,nbc,politics,"Ron DeSantis, using the levers of state government, ramps up efforts to defeat Florida abortion rights ballot measure"
https://www.foxnews.com/media/marco-rubio-cuba-fight-socialist-government-leaders-evil-incompetent.print,fox,media,"Marco Rubio defends Cuba's fight against failed socialist government: Leaders are 'evil,' 'incompetent'"
https://www.foxnews.com/world/sinwars-removal-from-battlefield-significant-presents-opportunity-cease-fire-state-department-says,fox,world,"Sinwar's removal from battlefield is 'significant,' presents opportunity for cease fire, State Department says"
https://www.nbcnews.com/health/womens-health/tim-walz-abortion-rights-ivf-strong-supporter-rcna165390,nbc,health,"With Harris and Walz, Democrats put abortion rights at the top of the agenda"
https://www.foxnews.com/media/kamala-harris-struggling-how-shes-different-biden-the-view-surprises-cnn-panel.print,fox,media,Kamala Harris struggling to say how she's different than Biden on 'The View' surprises CNN panel
https://www.nbcnews.com/news/latino/cuba-says-us-embargo-genocidal-really-rcna1733,nbc,news,Cuba says the U.S. embargo is 'genocidal.' What does it really do?
https://www.nbcnews.com/news/world/least-27-killed-bangladesh-clashes-government-declares-curfew-rcna165056,nbc,news,At least 27 killed in Bangladesh clashes; government declares curfew
https://www.foxnews.com/media/ohio-residents-small-town-erupt-over-havoc-caused-massive-influx-20000-haitians,fox,media,"Ohio residents in small town erupt over havoc caused by massive influx of 20,000 of Haitians"
https://www.foxnews.com/us/supreme-court-appears-ready-reel-administrative-state-landmark-challenge-east-coast-fishermen,fox,us,Supreme Court appears ready to reel in administrative state in landmark challenge from East Coast fishermen
https://www.foxnews.com/politics/ryan-rouths-poor-mans-surveillance-enough-scout-out-spot-target-trump-expert.print,fox,politics,Ryan Routh's 'poor man's surveillance' enough to scout out spot to target Trump: expert
https://www.nbcnews.com/politics/national-security/u-s-officially-points-finger-saudi-crown-prince-mohammed-bin-n1258987,nbc,politics,U.S. officially points finger at Saudi crown prince for Khashoggi killing
https://www.foxnews.com/lifestyle/diet-coke-obsessed-mom-kentucky-reveals-viral-collection-joy-it-brings-me,fox,lifestyle,Diet Coke obsessed mom from Kentucky reveals her viral collection and 'the joy it brings me'
https://www.foxnews.com/world/iran-spouts-propaganda-from-un-podium-calls-middle-east-unite-behind-tehran,fox,world,"Iran spouts 'propaganda' from UN podium, calls on Middle East to unite behind Tehran"
https://www.nbcnews.com/politics/immigration/aclu-sues-biden-new-asylum-rule-rcna156890,nbc,politics,ACLU sues Biden administration over new asylum rule
https://www.foxnews.com/media/vp-harris-mocked-being-too-scared-do-interview-without-walz-she-simply-cannot-left-unattended,fox,media,VP Harris mocked for being 'too scared' to do interview without Walz: 'She simply cannot be left unattended'
https://www.foxnews.com/us/dem-rep-nadler-pictured-head-down-eyes-closed-during-testimony-mothers-migrant-crime-victims.print,fox,us,"Dem Rep. Nadler pictured with head down, eyes closed during testimony from mothers of migrant crime victims"
https://www.foxnews.com/media/msnbc-analyst-disturbing-dozens-american-flags-flown-pickup-trucks-trump-supporters,fox,media,"NYT, MSNBC's Mara Gay: 'Disturbing' to see 'dozens of American flags' on trucks in Long Island"
https://www.foxnews.com/opinion/female-athlete-do-not-consent-playing-alongside-men-collegiate-sports,fox,opinion,"As a female athlete, I do not consent to playing alongside men in collegiate sports"
https://www.foxnews.com/us/illegal-masterminds-nyc-robbery-ring-hacked-bank-apps-resold-stolen-phones-overseas,fox,us,"Illegal masterminds of NYC robbery ring hacked bank apps, resold stolen phones overseas"
https://www.nbcnews.com/politics/justice-department/trump-supporter-bear-spray-police-jan-6-biden-ad-plea-guilty-rcna171804,nbc,politics,Trump fan featured in Biden ad admits assaulting officers with bear spray on Jan. 6
https://www.nbcnews.com/health/health-news/stage-4-kidney-cancer-diagnosis-didnt-stop-young-woman-getting-great-n-rcna31523,nbc,health,She's 31 and has stage 4 kidney cancer. How she still got a great new job.
https://www.nbcnews.com/politics/2024-election/live-blog/election-2024-live-updates-rcna131517/rcrd29050?canonicalCard=true,nbc,politics,Florida Supreme Court will hear GOP challenge to proposed amendment on abortion
https://www.foxnews.com/politics/mudslinging-candidates-heated-house-race-face-voters-big-primary-day,fox,politics,Mudslinging candidates in heated House race face voters on big primary day
https://www.nbcnews.com/politics/2024-election/obama-harris-outreach-black-men-rcna175297,nbc,politics,"With Obama, 'All the Smoke' and 'huddle ups,' Harris ramps up outreach to Black men"
https://www.foxnews.com/world/israel-says-conducted-retaliatory-strikes-against-hezbollah-lebanon-struck-hamas-gaza.print,fox,world,"Israel says it conducted retaliatory strikes against Hezbollah in Lebanon, struck Hamas in Gaza"
https://www.nbcnews.com/nbc-out/out-news/biden-gives-historic-interview-lgbtq-newspaper-washington-blade-rcna171349,nbc,nbc-out,Biden gives historic interview to LGBTQ newspaper
https://www.foxnews.com/politics/would-be-trump-assassin-explosives-car-parked-near-rally-bomb-making-materials-home-reports.print,fox,politics,"Would be Trump assassin had explosives in car parked near rally, bomb making materials at home: sources"
https://www.foxnews.com/media/democrats-privately-concerned-biden-campaign-doomed-worry-trump-win-blue-states-report.print,fox,media,"Democrats privately concerned Biden campaign is 'doomed,' worry Trump may even win blue states: report"
https://www.foxnews.com/tech/ios-18-maximize-your-privacy-turning-off-iphone-settings-now.print,fox,tech,iOS 18: Maximize your privacy by turning off these iPhone settings now
https://www.foxnews.com/lifestyle/this-day-history-oct-10-1845-us-naval-academy-founded-planned-mutiny-shocks,fox,lifestyle,"On this day in history, October 10, 1845, US Naval Academy founded after planned mutiny shocks nation"
https://www.foxnews.com/politics/top-senate-republican-crisscrosses-campaign-trail-make-break-moment-win-back-majority,fox,politics,A top Senate Republican crisscrosses campaign trail in 'make or break moment' to win back majority
https://www.foxnews.com/politics/moms-for-liberty-takes-center-stage-again-2024-republican-presidential-race.print,fox,politics,Moms for Liberty takes center stage again in 2024 Republican presidential race
https://www.foxnews.com/media/dems-mocked-low-t-soy-boys-after-cnn-anchor-says-dnc-appeals-opposite-testosterone-laden-men,fox,media,Dems mocked as 'low T soy boys' after CNN anchor says DNC appeals to opposite of 'testosterone laden men'
https://www.nbcnews.com/select/shopping/best-pregnancy-safe-skin-care-rcna100065,nbc,select,"The skin care ingredients you should avoid while pregnant, according to doctors"
https://www.foxnews.com/health/blood-tests-alzheimers-doctors-office,fox,health,Blood tests for Alzheimer's may be coming to your doctor's office: What to know
https://www.nbcnews.com/tech/tech-news/elon-musk-super-pac-gathers-voter-data-boost-trump-rcna164859,nbc,tech,How an Elon Musk backed PAC is gathering data to boost Trump
https://www.foxnews.com/entertainment/americas-got-talent-judge-simon-cowells-fiancee-pushes-workaholic-star-do-normal-things,fox,entertainment,'America's Got Talent' judge Simon Cowell's fiancée pushes 'workaholic' star to do 'normal things'
https://www.nbcnews.com/politics/politics-news/health-care-fraudster-philip-esformes-latest-trump-clemency-recipient-rcna175681,nbc,politics,Health care fraudster Philip Esformes is latest Trump clemency recipient to be arrested
https://www.nbcnews.com/tech/internet/dc-studio-indictment-russia-funded-media-outlet-seeded-propaganda-us-rcna169571,nbc,tech,From a D.C. studio to an indictment: How a Russia funded media outlet seeded propaganda in the U.S.
https://www.nbcnews.com/news/world/turkey-election-erdogan-earthquakes-economy-syria-refugees-rcna84282,nbc,news,Earthquakes and the economy leave Turkey's Erdoğan facing his toughest election in years
https://www.nbcnews.com/news/world/intense-phase-israel-war-hamas-end-netanyahu-cease-fire-hezbollah-rcna158531,nbc,news,"Intense phase of Israel's war with Hamas about to end, Netanyahu says"
https://www.nbcnews.com/news/world/apple-opens-first-india-store-tim-cook-rcna80156,nbc,news,Apple opens first India store as fans take selfies with CEO Tim Cook
https://www.foxnews.com/official-polls/fox-news-poll-voters-cite-high-prices-biggest-motivator-vote,fox,official-polls,Poll: Voters cite high prices as biggest motivator to vote
https://www.nbcnews.com/news/world/north-korea-linda-thomas-greenfield-china-russia-rcna148135,nbc,news,U.S. envoy to U.N. urges Russia and China not to 'reward' North Korea's bad behavior
https://www.nbcnews.com/news/world/pakistani-police-fire-tear-gas-protesting-students-anger-spreads-alleg-rcna176062,nbc,news,Pakistani police fire tear gas at protesting students as anger spreads over alleged on campus rape
https://www.nbcnews.com/news/world/israeli-strikes-gaza-may-be-war-crimes-u-n-rights-n1268720,nbc,news,U.N. rights chief says Israeli strikes in Gaza may be war crimes
https://www.foxnews.com/us/gotaway-illegal-tren-de-aragua-gang-member-accused-suburban-hotel-murder,fox,us,'Gotaway' illegal and Tren de Aragua gang member accused in suburban hotel murder
https://www.foxnews.com/health/americans-need-more-sleep-less-stress-experts-say-gallup-poll-reveals-troubling-findings,fox,health,"Americans need more sleep, less stress, experts say, as Gallup poll reveals troubling findings"
https://www.foxnews.com/media/university-virginias-student-newspaper-calls-removing-thomas-jeffersons-name-from-campus.print,fox,media,University of Virginia's student newspaper calls to removing Thomas Jefferson's name from campus
https://www.foxnews.com/media/barbara-walters-journalistic-pioneer-dead-93,fox,media,"Barbara Walters, journalistic pioneer, dead at 93"
https://www.foxnews.com/media/cnn-brian-stelter-chris-cuomo-late-show-stephen-colbert,fox,media,FLASHBACK: CNN's Brian Stelter claimed Chris Cuomo upheld journalistic 'boundaries' during Colbert interview
https://www.nbcnews.com/news/world/israel-gaza-conflict-photos-rcna119327,nbc,news,Israel and Gaza conflict in photos
https://www.nbcnews.com/select/shopping/prime-day-2024-what-to-buy-ncna1306067,nbc,select,4 products you should shop and 7 you probably shouldn't during Prime Day
https://www.nbcnews.com/tech/security/russian-disinformation-peddlers-are-targeting-harris-walz-campaign-fak-rcna171476,nbc,tech,"Russian disinformation peddlers are targeting Harris Walz campaign with fake videos, Microsoft says"
https://www.nbcnews.com/nbc-out/out-politics-and-policy/sarah-mcbride-congress-election-race-trans-lgbtq-rcna164773,nbc,nbc-out,Sarah McBride's historic run for Congress was decades in the making
https://www.foxnews.com/lifestyle/tony-bennett-own-words-i-feel-i-have-been-truly-blessed,fox,lifestyle,Tony Bennett in his own words: 'I feel that I have been truly blessed'
https://www.foxnews.com/media/liberal-snl-takes-swipe-abcs-biased-presidential-debate-cold-open-duh,fox,media,Liberal 'SNL' takes swipe at ABC's 'biased' presidential debate in cold open: 'Duh'
https://www.nbcnews.com/select/shopping/best-hiking-boots-shoes-ncna1269670,nbc,select,"We've worn these hiking shoes for hundreds of miles in sun and snow, and here are our top picks"
https://www.foxnews.com/media/cnn-data-guru-says-harris-struggling-among-voters-color-sun-belt-really-interesting.print,fox,media,CNN data guru says Harris is 'struggling among voters of color' in the Sun Belt: 'Really interesting'
https://www.nbcnews.com/politics/2024-election/dnc-what-watch-for-harris-biden-democratic-convention-rcna165264,nbc,politics,5 things to watch at the 2024 Democratic convention with Kamala Harris
https://www.nbcnews.com/select/shopping/best-tv-streaming-service-rcna146886,nbc,select,Cutting down on your subscriptions? Here's how to choose the best streaming service
https://www.nbcnews.com/politics/donald-trump/fulton-county-fani-willis-trump-appeals-court-reinstate-six-charges-rcna175776,nbc,politics,Fulton County DA Fani Willis asks appeals court to reinstate six counts in Trump election case
https://www.foxnews.com/sports/robin-roberts-awkward-exchange-good-morning-america-discussing-harrison-butker-speech.print,fox,sports,Robin Roberts has awkward exchange on 'Good Morning America' while discussing Harrison Butker's speech
https://www.foxnews.com/lifestyle/international-destinations-visit-summer-ultimate-vacation,fox,lifestyle,International destinations you can travel to this summer for the ultimate vacation
https://www.nbcnews.com/politics/justice-department/conservative-influencer-helped-steal-table-used-assault-officers-jan-6-rcna143908,nbc,politics,"Conservative influencer helped steal a table used to assault officers on Jan. 6, FBI says"
https://www.foxnews.com/media/meghan-mccain-hostile-view-emotional-memoir,fox,media,Meghan McCain blames hostile 'View' colleagues for her exit in emotional memoir
https://www.nbcnews.com/news/world/palestinian-president-mahmoud-abbas-threatens-cut-security-ties-over-u-n1128201,nbc,news,Palestinian president threatens to cut security ties over Trump's Mideast plan
https://www.nbcnews.com/news/us-news/their-inaction-cost-lives-u-s-capitol-police-union-rebukes-n1255882,nbc,news,'Their inaction cost lives': U.S. Capitol Police union rebukes leadership
https://www.foxnews.com/politics/georgia-doctors-speak-out-challenge-misinformation-states-abortion-law-death-amber-thurman.print,fox,politics,"Georgia doctors speak out to challenge misinformation on state's abortion law, death of Amber Thurman"
https://www.foxnews.com/lifestyle/this-day-history-november-5-1913-iconic-actress-vivien-leigh-born-india,fox,lifestyle,"On this day in history, November 5, 1913, iconic actress Vivien Leigh is born in India"
https://www.nbcnews.com/news/world/iran-installing-starting-cascades-advanced-centrifuges-nuclear-tension-rcna157142,nbc,news,Iran installing and starting cascades of advanced centrifuges as tensions high over nuclear program
https://www.foxnews.com/lifestyle/this-day-history-march-1-1872-majestic-yellowstone-becomes-americas-first-national-park,fox,lifestyle,"On this day in history, March 1, 1872, majestic Yellowstone becomes America's first national park"
https://www.nbcnews.com/politics/congress/new-jersey-governor-appoints-former-aide-fill-sen-bob-menendezs-seat-rcna166679,nbc,politics,New Jersey governor appoints former aide to fill Sen. Bob Menendez's seat
https://www.nbcnews.com/select/shopping/bestselling-tech-products-2023-rcna131349,nbc,select,We covered a wide array of products in 2023 these are the ones readers loved the most
https://www.foxnews.com/politics/harris-off-putting-manner-put-zelenskyy-defensive-ahead-russian-invasion-new-book-reveals,fox,politics,"Harris' off putting manner put Zelenskyy on defensive ahead of Russian invasion, new book reveals"
https://www.foxnews.com/world/idf-reveals-4-reasons-why-killed-hezbollah-commander-fuad-shukr,fox,world,IDF reveals 4 reasons why it killed Hezbollah commander Fuad Shukr
https://www.nbcnews.com/investigations/effort-create-far-reaching-us-saudi-israeli-pact-end-war-rcna134396,nbc,investigations,Inside the effort to create a far reaching U.S. Saudi Israeli pact to end the war
https://www.nbcnews.com/news/world/stampede-religious-event-india-kills-100-people-almost-women-rcna160102,nbc,news,"Stampede at religious event in India kills more than 100 people, almost all of them women"
https://www.nbcnews.com/think/opinion/israel-violence-al-aqsa-protests-palestinian-rockets-helps-netanyahu-hamas-ncna1266890,nbc,think,Opinion The real reason the cycle of Israeli Palestinian violence started again
https://www.foxnews.com/sports/guardians-use-long-ball-pull-off-miraculous-walk-off-win-after-squandering-late-lead,fox,sports,Guardians use long ball to pull off miraculous walk off win after squandering late lead
https://www.foxnews.com/politics/mayorkas-grilled-by-lawmakers-on-release-of-laken-rileys-alleged-killer-into-us-your-policies-in-action,fox,politics,Lawmakers berate Mayorkas on Laken Riley murder: 'Your policies in action'
https://www.nbcnews.com/tech/tech-news/musk-pac-signature-47-pay-refer-swing-state-voters-sign-petition-rcna174310,nbc,tech,Elon Musk's PAC offers $47 payouts to refer swing state voters to sign petition
https://www.nbcnews.com/select/shopping/best-wide-toe-box-shoes-rcna141116,nbc,select,Wide toe box shoes aren't the same as wide width shoes. Here's how to tell what you need.
https://www.nbcnews.com/news/world/russia-ukraine-prisoner-exchange-rcna171138,nbc,news,"Russia, Ukraine exchange 206 prisoners in second swap in two days"
https://www.nbcnews.com/news/world/hundreds-injured-palestinians-israeli-forces-clash-holy-site-jerusalem-n1266812,nbc,news,Hamas fires rockets into Israel as tensions in Jerusalem boil over
https://www.foxnews.com/politics/kamala-harris-ice-kkk-senate-hearing,fox,politics,Flashback: Kamala Harris compared ICE to KKK in Senate hearing
https://www.foxnews.com/politics/california-crime-reform-gets-unheard-support-das-small-businesses-progressive-mayors,fox,politics,"California crime reform gets 'unheard of' support from DAs, small businesses, progressive mayors"
https://www.nbcnews.com/news/world/india-lord-ram-temple-ayodhya-narendra-modi-rcna134654,nbc,news,Modi opens grand Hindu temple with eye on India's upcoming elections
https://www.nbcnews.com/politics/donald-trump/judge-cannon-denies-another-motion-trump-dismiss-classified-documents-rcna156482,nbc,politics,Judge Aileen Cannon denies another Trump motion to dismiss classified documents case
https://www.nbcnews.com/politics/2024-election/bidens-improving-polling-trump-shaky-rcna143968,nbc,politics,"Biden's case for re election is improving, but his polling against Trump is still shaky"
https://www.foxnews.com/lifestyle/garlic-planting-roasting-cooking-health-benefits,fox,lifestyle,"Garlic: Planting, roasting and understanding the health benefits of the plant"
https://www.nbcnews.com/news/world/taliban-publish-laws-ban-womens-voices-bare-faces-public-rcna167904,nbc,news,The Taliban publish vice laws that ban women's voices and bare faces in public
https://www.nbcnews.com/tech/internet/adin-ross-interviews-trump-gifts-cybertruck-rolex-rcna165225,nbc,tech,"Trump interviewed by controversial livestreamer Adin Ross, who gave him a Cybertruck and a Rolex"
https://www.nbcnews.com/politics/2024-election/harris-launches-new-ad-hits-trumps-age-criticizing-vance-rcna173526,nbc,politics,Harris' new ad hits Trump's age in criticizing Vance
https://www.nbcnews.com/select/shopping/best-products-3b-curls-hair-ncna1238899,nbc,select,"Curly hair products from Olaplex, Moroccanoil and Kerastase"
https://www.nbcnews.com/news/world/severe-drought-returned-amazon-s-happening-earlier-expected-rcna165014,nbc,news,Severe drought has returned to the Amazon. And it's happening earlier than expected.
https://www.nbcnews.com/select/shopping/best-sleep-gear-wellness-awards-ncna1304811,nbc,select,We tried dozens of sleep products to pick our 2023 award winners
https://www.foxnews.com/entertainment/elvis-presley-rock-and-roll,fox,entertainment,Remembering Elvis Presley on his birthday: The legacy of the king of rock and roll
https://www.foxnews.com/politics/heres-whats-in-senate-border-immigration-deal,fox,politics,5 key details in controversial Senate border deal
https://www.nbcnews.com/select/shopping/how-get-rid-fleas-ncna1262654,nbc,select,"Yes, you can get fleas from your pets and they can get fleas from you. Here's how to prevent them"
https://www.nbcnews.com/news/investigations/russias-2024-election-interference-already-begun-rcna134204,nbc,news,Russia's 2024 election interference has already begun
https://www.nbcnews.com/politics/2024-election/trump-attorneys-ask-delay-sentencing-hush-money-case-election-rcna166751,nbc,politics,Trump attorneys ask to delay his sentencing in hush money case until after the election
https://www.foxnews.com/health/ask-doctor-why-keep-eating-foods-know-bad-me,fox,health,Ask a doctor: 'Why do I keep eating foods that I know are bad for me?'
https://www.foxnews.com/politics/sheldon-whitehouse-doesnt-denounce-all-white-beach-club-his-family-belongs-to,fox,politics,Sheldon Whitehouse doesn't denounce super exclusive beach club his family belongs to
https://www.foxnews.com/lifestyle/best-homemade-thanksgiving-turkey-gravy-whole-family-love-try-recipe,fox,lifestyle,'Best homemade' Thanksgiving turkey gravy: Try the recipe
https://www.nbcnews.com/select/shopping/apple-homepod-smart-speaker-review-rcna176091,nbc,select,"The Apple HomePod comes with a hefty price tag, is it worth it?"
https://www.nbcnews.com/news/world/russia-ukraine-war-vladimir-putin-india-narendra-modi-moscow-visit-rcna160646,nbc,news,Indian Prime Minister Modi makes first visit to ally Russia since Ukraine invasion
https://www.nbcnews.com/news/us-news/fbi-raids-winnie-greco-eric-adams-rcna141457,nbc,news,FBI raids 2 homes owned by NYC Mayor Eric Adams' Asian Affairs director
https://www.foxnews.com/lifestyle/samaritans-purse-continues-helene-relief-efforts-three-water-filtration-systems-north-carolina,fox,lifestyle,Samaritan's Purse continues Helene relief efforts with three water filtration systems in North Carolina
https://www.foxnews.com/media/john-fetterman-defends-israel-after-msnbc-asks-crossed-red-line-says-hamas-doesnt-care-how-many-die,fox,media,"John Fetterman defends Israel after MSNBC asks if it crossed red line, says Hamas doesn't 'care how many die'"
https://www.foxnews.com/lifestyle/new-york-veteran-105-shares-secret-fulfilling-life-faith-family-no-regrets,fox,lifestyle,"New York veteran, 105, shares her secret to a fulfilling life: Faith, family and 'no regrets'"
https://www.nbcnews.com/select/shopping/best-hair-dryers-blow-dryers-ncna1243766,nbc,select,The best hair dryers for salon worthy blow outs at home for your hair type
https://www.foxnews.com/politics/trump-hauls-million-since-found-guilty-all-counts-criminal-trial,fox,politics,"Trump turns conviction into cash, with a record fundraising haul following guilty verdicts in trial"
https://www.nbcnews.com/science/climate-change/hurricane-helene-milton-climate-change-wetter-windier-rcna174347,nbc,science,"Hurricane Helene was wetter and windier due to climate change, report finds with same expected of Milton"
https://www.nbcnews.com/select/shopping/best-training-workout-shoes-rcna132300,nbc,select,Stop lifting weights in running shoes we've tested 12+ sneakers and these are the best for training
https://www.foxnews.com/lifestyle/healthy-breakfast-smoothie-kickstart-better-eating-new-year,fox,lifestyle,Healthy breakfast smoothie could help kickstart better eating habits in the New Year
https://www.foxnews.com/politics/2024-showdown-trump-campaign-rejoices-harris-leans-in-key-issue-haunting-vice-presidency.print,fox,politics,2024 Showdown: Trump campaign rejoices after Harris leans in on key issue haunting her vice presidency
https://www.nbcnews.com/politics/2024-election/live-blog/south-carolina-republican-primary-live-updates-rcna139423#rcrd35032,nbc,politics,Trump defeats Nikki Haley in the South Carolina Republican primary: Recap
https://www.foxnews.com/politics/dems-run-border-bill-republicans-say-was-never-designed-solve-problem.print,fox,politics,Dems run on border bill Republicans say 'was never designed to solve the problem'
https://www.nbcnews.com/select/shopping/easyplant-self-watering-pots-ncna1296816,nbc,select,The Easyplant self watering pots keep my plants healthy
https://www.nbcnews.com/politics/donald-trump/trump-bloodbath-loses-election-2024-rcna143746,nbc,politics,Trump says there will be a 'bloodbath' if he loses the election
https://www.foxnews.com/lifestyle/educate-talk-to-children-about-september-11,fox,lifestyle,How to talk to children about 9/11 and the tragic events that unfolded
https://www.foxnews.com/politics/fox-news-power-rankings-issues-tracker-trump-leads-two-top-issues-harris-gaining-ground.print,fox,politics,"Power Rankings Issues Tracker: Trump leads on two top issues, but Harris is gaining ground"
https://www.foxnews.com/entertainment/emily-blunt-says-toes-curl-when-people-their-kids-want-act-want-say-dont-do-it,fox,entertainment,"Emily Blunt says her 'toes curl' when people tell her their kids want to act: 'I want to say, don't do it!'"
https://www.nbcnews.com/news/asian-america/why-atlanta-spa-shooter-s-asian-acquaintances-can-t-tell-n1275348,nbc,news,Why Atlanta spa shooter's Asian 'acquaintances' can't tell us much about his racial biases
https://www.nbcnews.com/news/world/can-israel-take-out-tunnels-hamas-uses-move-fighters-weapons-rcna120315,nbc,news,Can Israel take out the tunnels Hamas uses to move fighters and weapons?
https://www.foxnews.com/world/four-american-hostages-remain-hamas-captivity-year-after-oct-7-massacre.print,fox,world,Four American hostages remain in Hamas captivity a year after Oct. 7 massacre
https://www.foxnews.com/us/trump-assassination-attempt-fraternal-order-police-blasts-secret-service-failure,fox,us,Trump assassination attempt: Fraternal Order of Police blasts Secret Service 'failure'
https://www.foxnews.com/politics/biden-harris-speak-from-rose-garden-after-announcing-executive-actions-aimed-reducing-gun-violence.print,fox,politics,"Biden touts reduction in crime, slams Republican response to gun violence in Thursday press conference"
https://www.nbcnews.com/tech/social-media/discord-child-safety-social-platform-challenges-rcna89769,nbc,tech,"Discord servers used in child abductions, crime rings, sextortion"
https://www.nbcnews.com/news/world/north-koreas-kim-boasts-invincible-ties-russia-talks-putin-visit-rcna156701,nbc,news,North Korea's Kim boasts of 'invincible' ties with Russia amid talk of Putin visit
https://www.nbcnews.com/select/shopping/best-gifts-ideas-sisters-ncna1299952,nbc,select,"30 best gifts ideas for your sister, for any occasion"
https://www.nbcnews.com/politics/2024-election/rfk-jr-running-mate-outlines-two-options-drop-back-trump-risk-harris-w-rcna167395,nbc,politics,RFK Jr.'s running mate outlines 'two options': Drop out and back Trump or 'risk' Harris win
https://www.nbcnews.com/politics/politics-news/harvard-study-jan-6-rioters-top-motivation-clear-trump-rcna38794,nbc,politics,New Harvard study reveals the primary motivation of Jan. 6 rioters: Trump
https://www.nbcnews.com/politics/congress/jan-6-committee-avoids-criticizing-law-enforcement-summary-rcna61935,nbc,politics,Jan. 6 committee avoids criticizing law enforcement in report summary
https://www.foxnews.com/media/ny-times-ap-washington-post-raise-eyebrows-glowing-coverage-terror-leader-hassan-nasrallah,fox,media,"NY Times, AP, Washington Post raise eyebrows with glowing coverage of terror leader Hassan Nasrallah"
https://www.nbcnews.com/select/shopping/best-raised-garden-beds-ncna1268061,nbc,select,"No backyard, no problem. Raised garden beds make gardening easy no matter your space"
https://www.foxnews.com/media/he-has-way-connecting-our-people-southside-chicago-native-says-about-trump-gaining-support,fox,media,'He has a way of connecting with our people': Southside Chicago resident believes Trump is gaining support
https://www.nbcnews.com/select/shopping/best-nintendo-switch-multiplayer-games-ncna1296017,nbc,select,The best expert recommended multiplayer Nintendo Switch games
https://www.nbcnews.com/news/world/israel-activists-accuse-un-slow-response-accounts-hamas-rapes-rcna127995,nbc,news,Israel and activists accuse U.N. of slow response to accounts of Hamas raping women
https://www.nbcnews.com/news/world/live-blog/live-updates-israel-hezbollah-lebanon-cease-fire-strikes-rcna172793,nbc,news,Live updates: Netanyahu orders 'full force' in Lebanon despite U.S. push for Israel Hezbollah cease fire
https://www.foxnews.com/politics/braggs-office-faces-bar-complaint-over-alleged-discriminatory-diversity-hiring-practices,fox,politics,Bragg's office faces bar complaint alleging discrimination in 'diversity' hiring practices
https://www.foxnews.com/media/michigan-democrats-community-leaders-sound-alarm-bells-after-thousands-voters-protest-biden-swing-state,fox,media,"Michigan Democrats, community leaders sound alarm bells after thousands of voters protest Biden in swing state"
https://www.foxnews.com/politics/pro-lifers-blast-trump-betrayal-shifting-abortion-stance-answer-florida-amendment-4.print,fox,politics,"Pro lifers blast Trump 'betrayal' with shifting abortion stance, answer on Florida Amendment 4"
https://www.foxnews.com/sports/travis-kelce-passionately-defends-guardians-fandom-after-teams-thrilling-win.print,fox,sports,Travis Kelce passionately defends Guardians fandom after team's thrilling win
https://www.foxnews.com/politics/columbias-interim-president-apologizes-anti-israel-protesters-hurt-nypd-classes-kick-off,fox,politics,Columbia's interim president apologizes to protesters who occupied campus for 'hurt' caused by NYPD
https://www.foxnews.com/media/the-view-co-host-lead-anti-trump-event-pennsylvania.print,fox,media,'The View' co host to lead anti Trump event in Pennsylvania
https://www.foxnews.com/media/bill-maher-trashes-kamala-harris-being-full-s-israel-middle-east-just-shut-up.print,fox,media,"Bill Maher trashes Kamala Harris for being 'full of s ' on Israel, Middle East: 'Just shut up'"
https://www.nbcnews.com/news/world/palestinian-president-mahmoud-abbas-cuts-security-ties-israel-over-west-n1211416,nbc,news,Palestinian president cuts security ties with Israel over West Bank annexation plans
https://www.nbcnews.com/tech/social-media/instagram-palestinian-journalists-digital-creators-document-gaza-strik-rcna123067,nbc,tech,"On Instagram, Palestinian journalists and digital creators documenting Gaza strikes see surge in followers"
https://www.foxnews.com/politics/house-gop-demands-fec-probe-potentially-illegal-actblue-fundraising-dem-platform-hauls-harris-millions,fox,politics,House GOP demands FEC probe 'potentially illegal' ActBlue fundraising as Dem platform hauls Harris millions
https://www.foxnews.com/politics/supreme-court-hears-cases-on-prolonged-detention-of-illegal-immigrants,fox,politics,Supreme Court hears cases on prolonged detention of illegal immigrants
https://www.nbcnews.com/select/shopping/fitbit-charge-6-review-rcna144998,nbc,select,I tested the Fitbit Charge 6 for weeks I love that it doesn't overwhelm me with data
https://www.foxnews.com/media/rep-ritchie-torres-calls-out-ny-times-bias-not-interviewing-him-story-anti-israel-critics,fox,media,Rep. Ritchie Torres calls out NY Times 'bias' for not interviewing him for story about his anti Israel critics
https://www.foxnews.com/politics/migrant-controversy-hits-heartland-alabama-council-meeting-boils-over-state-officials-slam-feds-mess,fox,politics,"Migrant controversy hits heartland as Alabama council meeting boils over, state officials slam feds' 'mess'"
https://www.nbcnews.com/news/latino/cuban-president-defiant-blames-embargo-after-massive-protests-n1273716,nbc,news,"Cuban president defiant, blames embargo after protests"
https://www.nbcnews.com/politics/congress/jan-6-panel-adds-last-minute-hearing-tuesday-afternoon-rcna35509,nbc,politics,Jan. 6 panel adds last minute hearing Tuesday afternoon
https://www.foxnews.com/media/byron-donalds-spars-breakfast-club-hosts-over-harris-economic-record-you-sure-you-want-go-there,fox,media,Byron Donalds spars with 'Breakfast Club' hosts over Harris' economic record: 'You sure you want to go there?'
https://www.foxnews.com/us/idaho-move-resurrect-firing-squad-makes-sense-quickest-surest-death-penalty-option-expert-says,fox,us,"Idaho's move to resurrect firing squad 'makes sense' as 'quickest, surest' death penalty option, expert says"
https://www.nbcnews.com/tech/internet/republican-bot-campaign-trump-x-twitter-elon-musk-fake-accounts-rcna173692,nbc,tech,"An AI powered bot army on X spread pro Trump and pro GOP propaganda, research shows"
https://www.nbcnews.com/news/asian-america/asian-woman-punched-125-new-york-attack-suspect-charged-attempted-murd-rcna19984,nbc,news,Asian woman punched 125 times in New York attack; suspect charged with attempted murder as hate crime
https://www.nbcnews.com/politics/2024-election/far-convention-democrat-runs-harris-hands-beer-rural-maine-rcna165606,nbc,politics,"Far from the convention, a Democrat runs from Harris and hands out beer in rural Maine"
https://www.foxnews.com/politics/days-until-voting-starts-election-season-kicks-off-sooner,fox,politics,Early voting means 'election season' has already begun
https://www.foxnews.com/health/hundreds-rural-hospitals-danger-shutting-down-study-finds-risk-closure,fox,health,"Hundreds of rural hospitals are in danger of shutting down, study finds: 'At risk of closure'"
https://www.nbcnews.com/select/shopping/brooks-ghost-max-review-rcna117906,nbc,select,We tried the Brooks Ghost Max for three weeks and have never run better
https://www.foxnews.com/lifestyle/meet-american-paved-way-interstate-gen-lucius-clay-master-planner-hero-nations.print,fox,lifestyle,"Meet the American who paved the way for the interstate, Gen. Lucius Clay, master planner, hero of two nations"
https://www.nbcnews.com/select/shopping/cyber-monday-2022-amazon-deals-ncna1301378,nbc,select,40+ best ongoing Cyber Monday 2022 deals on Amazon
https://www.foxnews.com/politics/flashback-harris-declined-to-intervene-on-behalf-of-native-tribe-push-to-protect-sacred-site-from-wind-farm.print,fox,politics,FLASHBACK: Harris declined to intervene on behalf of native tribe push to protect sacred site from wind farm
https://www.foxnews.com/entertainment/morgan-wallen-donates-hurricane-helene-relief-says-family-safe-amid-devastating-floods,fox,entertainment,"Morgan Wallen donates to Hurricane Helene relief, says family is 'safe' amid devastating floods"
https://www.foxnews.com/food-drink/trendy-seed-can-boost-health-big-time-5-cool-ways-heres-how,fox,food-drink,This trendy seed can boost your health big time in 5 cool ways: Here's how
https://www.foxnews.com/media/kamala-harris-dodges-colberts-question-what-major-changes-shed-bring-versus-biden-presidency.print,fox,media,Kamala Harris dodges Colbert's question on what 'major changes' she'd bring versus Biden presidency
https://www.nbcnews.com/politics/donald-trump/charlie-kirk-ronna-mcdaniel-rnc-trump-rcna139288,nbc,politics,Conservative activist Charlie Kirk helped oust Ronna McDaniel at the RNC. Now the knives are out for him.
https://www.nbcnews.com/select/shopping/best-salt-for-cooking-baking-rcna138094,nbc,select,What's difference between cooking salt and finishing salt? Chefs explain
https://www.nbcnews.com/politics/congress/jan-6-panel-looks-trump-white-house-cassidy-hutchinson-testimony-rcna35550,nbc,politics,'They're not here to hurt me': Former aide says Trump knew Jan. 6 crowd was armed
https://www.nbcnews.com/sports/mlb/guardians-yankees-alcs-game-3-rcna176042,nbc,sports,Guardians stun Yankees on walk off home run in extra innings
https://www.foxnews.com/media/rubio-russia-cuba-regime-lost-legitimacy,fox,media,"Rubio: 'Russia is already' in Cuba, the Diaz Canel regime 'lost its legitimacy to govern'"
https://www.nbcnews.com/news/world/hard-liner-raisi-s-engineered-iran-election-win-entrenches-conservative-n1271616,nbc,news,Iran's hard liners tighten grip with 'engineered' election
https://www.nbcnews.com/news/world/bangladesh-restores-internet-students-job-quota-protests-rcna164015,nbc,news,Bangladesh restores internet as students call off job quota protests
https://www.foxnews.com/media/parents-rights-groups-newest-addition-southern-poverty-law-centers-hate-extremism-report,fox,media,Parents' rights groups are the newest addition to Southern Poverty Law Center's 'Hate and Extremism' report
https://www.nbcnews.com/politics/2024-election/kamala-harris-interview-tim-walz-cnn-biden-election-rcna168705,nbc,politics,Kamala Harris defends her policy changes in first interview: 'My values have not changed'
https://www.foxnews.com/media/women-under-biden-administrations-title-ix-changes-face-evisceration-legal-womanhood-experts-say.print,fox,media,"Women under Biden administration's Title IX changes face the 'evisceration of legal womanhood,' experts say"
https://www.nbcnews.com/politics/politics-news/federal-judge-appoints-special-master-review-documents-seized-mar-lago-rcna48013,nbc,politics,Federal judge appoints special master to review documents seized at Mar a Lago
https://www.nbcnews.com/politics/justice-department/stewart-rhodes-says-fellow-oath-keepers-stupid-storm-capitol-jan-6-rcna55760,nbc,politics,Stewart Rhodes says fellow Oath Keepers were 'stupid' to storm the Capitol on Jan. 6
https://www.foxnews.com/us/nashville-killer-audrey-hale-slept-with-journals-on-school-shootings-under-bed-court-docs-reveal,fox,us,"Nashville killer Audrey Hale slept with journals on school shootings under bed, court docs reveal"
https://www.nbcnews.com/news/world/live-blog/israel-hezbollah-live-updates-lebanon-iran-gaza-rcna174430,nbc,news,Israel expands invasion into southwestern Lebanon; Hezbollah fires rockets at Haifa
https://www.nbcnews.com/news/world/russia-vladimir-putin-kremlin-lukoil-maganov-death-navalny-skripal-rcna46030,nbc,news,Death of Russian oil exec Ravil Maganovhighlights suspicious ends met by those who crossed the Kremlin
https://www.nbcnews.com/tech/tech-news/google-canada-law-online-news-c-18-bill-news-links-rcna91882,nbc,tech,Google to remove Canadian links from searches in the country
https://www.nbcnews.com/news/world/iranian-human-rights-activist-narges-mohammadi-wins-nobel-peace-prize-rcna119156,nbc,news,Jailed Iranian activist Narges Mohammadi wins Nobel Peace Prize for fight against oppression of women
https://www.foxnews.com/world/odds-of-israel-hezbollah-war-inevitable-experts-fear-totally-pessimistic,fox,world,"Odds of Israel Hezbollah war 'inevitable,' experts fear: 'Totally pessimistic'"
https://www.foxnews.com/us/migrant-crime-crisis-comes-nantucket-marthas-vineyard-playgrounds-rich-famous,fox,us,"Wealthy, liberal Nantucket, Martha's Vineyard see 6 ICE arrests in one month, including MS 13 gang member"
https://www.foxnews.com/entertainment/bruce-willis-paradise-city-hollywood-career,fox,entertainment,"A look at Bruce Willis' upcoming acting role in 'Paradise City,' his storied Hollywood career"
https://www.nbcnews.com/news/world/netanyahu-israel-judicial-overhaul-protests-civil-war-rcna97235,nbc,news,"Netanyahu: Israel is not heading toward civil war, judicial changes 'necessary'"
https://www.foxnews.com/politics/jon-tester-casts-doubt-unfavorable-poll-montana-senate-race-give-me-break.print,fox,politics,Jon Tester casts doubt on unfavorable poll in Montana Senate race: 'Give me a break'
https://www.foxnews.com/politics/harris-holds-big-advantage-among-early-voters-trump-election-day-voters-poll,fox,politics,"Harris holds big advantage among early voters, Trump with Election Day voters: poll"
https://www.foxnews.com/official-polls/fox-news-poll-abortion-economy-border-security-top-deal-breakers.print,fox,official-polls,"Poll: Abortion, economy, and border security are top deal breakers in 2024 elections"
https://www.foxnews.com/world/videos-hamas-brutality-toward-israelis-eerily-reminiscent-isis-tactics.print,fox,world,Videos of Hamas brutality toward Israelis eerily reminiscent of ISIS tactics
https://www.nbcnews.com/politics/2024-election/ron-desantis-running-iowa-playbook-hoping-s-still-counts-rcna127175,nbc,politics,Ron DeSantis is running the Iowa playbook and hoping that's what still counts
https://www.nbcnews.com/select/shopping/best-gluten-free-meal-kit-delivery-services-ncna1294644,nbc,select,These meal delivery services make it easier to have a gluten free diet
https://www.foxnews.com/politics/trump-targets-biden-harris-over-federal-response-hurricane-incompetently-managed,fox,politics,"Trump targets Biden, Harris over federal response to hurricane: 'Incompetently managed'"
http://www.foxnews.com/entertainment/lori-loughlin-mossimo-giannulli-asks-serve-remainder-prison-sentence-home,fox,entertainment,Lori Loughlin's husband Mossimo Giannulli asks to serve remainder of five month prison sentence at home
https://www.nbcnews.com/news/world/israel-hamas-war-rafah-gaza-ground-assault-palestinians-desperation-rcna138795,nbc,news,'Where do we go?' Desperation grows in Rafah as Israeli ground assault looms
https://www.foxnews.com/lifestyle/florida-woman-99-goes-viral-instagram-giving-piece-life-advice,fox,lifestyle,"Florida woman, 99, goes viral on Instagram after giving this piece of life advice"
https://www.nbcnews.com/news/world/palestinians-forced-gaza-egypt-israel-proposal-outrage-rcna122934,nbc,news,A forced exodus from Gaza to Egypt? Israeli 'concept paper' fuels outrage
https://www.nbcnews.com/politics/2024-election/ron-desantis-replaces-campaign-manager-james-uthmeier-rcna98774,nbc,politics,Ron DeSantis replaces his campaign manager as he reboots his presidential bid
https://www.nbcnews.com/news/world/israel-gaza-hamas-war-cease-fire-talks-us-breakthrough-rcna160368,nbc,news,"U.S. sees promising 'breakthrough' in Israel Hamas cease fire talks, officials say"
https://www.foxnews.com/media/cnn-data-reporter-predicts-trump-win-historic-number-black-hispanic-voters,fox,media,CNN data reporter predicts Trump will win 'historic' number of Black and Hispanic voters
https://www.foxnews.com/us/woke-da-sued-by-own-office-allegedly-protecting-ethics-chief-charged-with-felonies,fox,us,'Woke' DA sued by his own office for allegedly protecting ethics chief charged with felonies
https://www.nbcnews.com/select/shopping/best-face-washes-acne-ncna1269588,nbc,select,These face washes use ingredients like salicylic acid and benzoyl peroxide to clear acne
https://www.nbcnews.com/news/world/israel-debates-west-bank-annexation-here-s-what-two-former-n1231302,nbc,news,Israel is debating annexation. Here's what two former peace envoys think.
https://www.nbcnews.com/news/world/israel-hamas-war-hostages-hersh-goldberg-polin-parents-cease-fire-deal-rcna174557,nbc,news,"Parents of slain Hamas captive push for deal, warning remaining hostages won't 'make it much longer'"
https://www.foxnews.com/media/voters-give-harris-debate-win-praise-trump-policy-she-got-under-his-skin,fox,media,"Voters give Harris the debate win, but praise Trump on policy: She got under his skin"
https://www.nbcnews.com/politics/2024-election/michelle-obama-former-first-lady-not-running-president-2024-rcna141767,nbc,politics,Michelle Obama's office says the former first lady 'will not be running for president' in 2024
https://www.nbcnews.com/news/world/india-election-president-narendra-modi-bjp-us-american-support-rcna139717,nbc,news,Indian election: Prime Minister Modi's BJP seeks supporters in the U.S.
https://www.nbcnews.com/politics/white-house/bidens-student-loan-forgiveness-plan-can-take-effect-judge-lets-restra-rcna173837,nbc,politics,Biden's student loan forgiveness plan can take effect after judge lets restraining order expire
https://www.nbcnews.com/select/shopping/5-best-pet-cameras-2023-rcna94672,nbc,select,Spy on your dogs and cats while you're gone with these pet cameras
https://www.nbcnews.com/select/shopping/best-workout-leggings-according-fitness-professionals-ncna1019826,nbc,select,What to look for in workout leggings that you don't always need in lounging leggings
https://www.nbcnews.com/select/shopping/best-wet-dog-food-ncna1304108,nbc,select,Is wet or dry food better for dogs? We asked vets
https://www.foxnews.com/us/stairwell-b-story-14-survivors-north-tower-9-11,fox,us,"How Stairwell B became the site of a miracle amidst the tragedy of Sept. 11, 2001"
https://www.foxnews.com/media/bidens-disaster-debate-performance-sparks-media-meltdown-calls-withdraw-2024-race,fox,media,"Biden's 'disaster' debate performance sparks media meltdown, calls for him to withdraw from 2024 race"
https://www.nbcnews.com/news/world/china-exit-bans-foreigners-xi-rcna82393,nbc,news,China's exit bans multiply as political control tightens under Xi
https://www.foxnews.com/media/collapsed-lafayette-square-fact-checked-story,fox,media,Collapsed Lafayette Square narrative is yet another 'fact checked' story gone bad
https://www.foxnews.com/entertainment/whoopi-goldberg-view-barbara-walters-saved-career-after-2004-george-bush-controversy,fox,entertainment,"Whoopi Goldberg says 'The View,' Barbara Walters saved her career after 2004 George Bush controversy"
https://www.foxnews.com/lifestyle/the-jefferson-bible-spotlights-complex-faith-remarkable-intellect-founding-father,fox,lifestyle,"'The Jefferson Bible' spotlights complex faith, remarkable intellect of Founding Father"
https://www.nbcnews.com/select/shopping/editors-picks-september-rcna118660,nbc,select,"25 items we tried and loved in September from Stanley, Dyson, Touchland and more"
https://www.foxnews.com/politics/sen-john-fetterman-proclaims-unflinching-support-israel-will-not-waver.print,fox,politics,Sen. John Fetterman proclaims unflinching support for Israel: 'Will not waver'
https://www.foxnews.com/world/israeli-defense-minister-tells-us-only-military-action-can-return-people-homes-amid-hezbollah-threat.print,fox,world,Israeli defense minister tells US only 'military action' can return people to homes amid Hezbollah threat
https://www.foxnews.com/us/anti-israel-yale-protesters-joining-columbia-students-in-tear-down-our-society-ivy-league-movement-law-prof,fox,us,Anti Israel Yale protesters joining Columbia students in 'tear down our society' Ivy League movement: Law prof
https://www.foxnews.com/us/what-scott-petersons-recent-court-win-means-his-years-long-quest-freedom.print,fox,us,What Scott Peterson's recent court win could mean for his yearslong quest for freedom
https://www.foxnews.com/us/georgia-school-shooter-fbi-radar-2023-possible-threat-online-remarks,fox,us,Georgia school shooting suspect on FBI radar since 2023 as possible threat after online remarks
https://www.nbcnews.com/science/environment/heat-waves-overlap-warming-climate-makes-extreme-temperatures-likely-rcna38866,nbc,science,Heat waves overlap as warming climate makes extreme temperatures more likely
https://www.foxnews.com/media/cbs-tarred-feathered-admitting-existence-hunter-bidens-laptop-two-years-after-new-york-post-report,fox,media,CBS tarred and feathered for admitting existence of Hunter Biden's laptop two years after New York Post report
https://www.foxnews.com/politics/over-200-former-bush-mccain-and-romney-staffers-endorse-harris-the-alternative-is-simply-untenable,fox,politics,"Over 200 former Bush, McCain, Romney staffers endorse Harris: 'The alternative ... is simply untenable'"
https://www.nbcnews.com/select/shopping/best-light-alarm-clock-ncna1245545,nbc,select,Sunrise alarm clocks can improve your sleep quality and give a softer wake up call
https://www.foxnews.com/world/israels-un-ambassador-slams-world-body-says-unrwa-taken-over-by-hamas-terrorists-gaza,fox,world,"Israel's UN ambassador slams world body, says UNRWA taken over by Hamas terrorists in Gaza"
https://www.nbcnews.com/investigations/afghanistan-not-terrorist-launching-pad-after-us-exit-says-cia-rcna168672,nbc,investigations,CIA official: Predictions about Afghanistan becoming a terror launching pad 'did not come to pass'
https://www.nbcnews.com/politics/justice-department/qanon-believer-chased-officer-capitol-sentenced-rcna61946,nbc,politics,QAnon follower who led the mob that chased Police Officer Eugene Goodman on Jan. 6 sentenced to 5 years in prison
https://www.foxnews.com/media/mark-levin-we-were-freer-before-american-revolution,fox,media,Mark Levin: We were freer before the American Revolution than we are today
https://www.foxnews.com/opinion/im-farmer-know-kamala-harris-would-disaster-american-agriculture,fox,opinion,I'm a farmer and know Kamala Harris would be a disaster for American agriculture
https://www.nbcnews.com/politics/congress/lawmakers-set-grill-defense-secretary-lloyd-austin-secret-hospitalizat-rcna141095,nbc,politics,Lawmakers grill Defense Secretary Lloyd Austin over secret hospitalization
https://www.foxnews.com/us/collapsed-francis-scott-key-bridge-detonated-help-free-ship-from-port-of-baltimore,fox,us,Collapsed Francis Scott Key Bridge detonated to help free ship from Port of Baltimore
https://www.foxnews.com/entertainment/former-one-direction-band-member-niall-horan-announces-new-solo-music-festivals-2023,fox,entertainment,Former One Direction band member Niall Horan announces new solo music and festivals in 2023
https://www.nbcnews.com/feature/nbc-out/batwoman-casts-black-bisexual-actress-javicia-leslie-play-superhero-n1233318,nbc,feature,"'Batwoman' casts Black, bisexual actress Javicia Leslie to play superhero"
https://www.nbcnews.com/politics/2024-election/trump-ramps-personal-attacks-kamala-harris-scranton-rally-rcna174292,nbc,politics,'I don't want to be nice': Trump ramps up personal attacks on Harris at Pennsylvania rally
https://www.foxnews.com/lifestyle/st-augustine-oldest-city-united-states,fox,lifestyle,"Intricacies of St Augustine, the oldest city in the United States"
https://www.foxnews.com/sports/bears-dick-butkus-takes-shot-packers-aaron-rodgers-after-verified-twitter,fox,sports,Bears legend Dick Butkus takes shot at Packers' Aaron Rodgers after getting verified on Twitter
https://www.foxnews.com/entertainment/agt-judge-simon-cowell-has-rare-public-outing-son-fiancee-after-revealing-10-year-old-saved-him.print,fox,entertainment,'AGT' judge Simon Cowell has rare public outing with son and fiancée after revealing 10 year old 'saved' him
https://www.nbcnews.com/news/world/live-blog/israel-hamas-war-live-updates-rcna141090/rcrd35599?canonicalCard=true,nbc,news,IDF has been securing aid convoys for 4 nights; Hagari says this was the first incident so far
https://www.nbcnews.com/news/world/kremlin-denies-prigozhin-plane-crash-ordered-putin-assassination-rcna101764,nbc,news,Kremlin denies it was behind the Prigozhin plane crash
https://www.foxnews.com/politics/state-of-race-six-key-senate-seats-republicans-look-flip-2024,fox,politics,State of the Race: Six key Senate seats Republicans look to flip in 2024
https://www.nbcnews.com/politics/2024-election/trump-golf-election-rcna174834,nbc,politics,Trump won't golf until after the election
https://www.foxnews.com/lifestyle/protests-against-israel-american-way-freedom-deeply-challenged-says-author-historian,fox,lifestyle,"In protests against Israel, 'American way of freedom' is being 'deeply challenged,' says author and historian"
https://www.foxnews.com/lifestyle/this-day-history-feb-17-1801-jefferson-elected-president-party-politics-nation,fox,lifestyle,"On this day in history, February 17, 1801, Jefferson is elected president as party politics divide new nation"
https://www.nbcnews.com/investigations/us-un-israeli-officials-discuss-restarting-gaza-food-aid-distribution-rcna159225,nbc,investigations,"U.S., U.N. and Israeli officials meet to discuss restarting food aid distribution in Gaza"
https://www.foxnews.com/food-drink/japanese-souffle-pancake-gaining-popularity-us-origin-story-hawaii-15-years-ago,fox,food-drink,"Japanese soufflé pancake gaining popularity in US, yet origin story begins in Hawaii 15 years ago"
https://www.nbcnews.com/politics/2024-election/arizona-certifies-abortion-rights-initiative-november-ballot-rcna166321,nbc,politics,Arizona certifies abortion rights initiative for the November ballot
https://www.foxnews.com/us/florida-sheriff-describes-demeanor-during-arrest-suspect-2nd-trump-assassination-attempt?dicbo=v2-HVDcbv6,fox,us,Florida sheriff who nabbed alleged would be Trump assassin describes his suspicious behavior
https://www.nbcnews.com/select/shopping/best-ice-cube-trays-amazon-ncna1306717,nbc,select,Cool Amazon ice cube trays that will add fun to your freezer
https://www.nbcnews.com/news/world/dozens-palestinians-wounded-confrontations-police-sacred-site-israel-n1266739,nbc,news,Dozens of Palestinians wounded in confrontations with Israeli police
https://www.foxnews.com/politics/white-house-grilled-harris-gun-ownership-mandatory-gun-buybacks.print,fox,politics,"White House grilled on Harris' gun ownership, mandatory gun buybacks"
https://www.nbcnews.com/news/world/zelenskyy-calls-international-support-restoration-rules-based-order-rcna139321,nbc,news,"Zelenskyy calls for international support, Harris underscores unity with Ukraine"
https://www.nbcnews.com/news/world/israel-hamas-war-gaza-border-kibbutz-massacre-rebuild-rcna121593,nbc,news,'This is my home': Israel's kibbutz communities look to rebuild after devastation of Hamas attack
https://www.foxnews.com/world/sinwars-ruthless-brother-mohammed-slated-take-over-leader-hamas.print,fox,world,Sinwar's ruthless brother Mohammed slated to take over as leader of Hamas
https://www.nbcnews.com/tech/social-media/smartphones-youth-mental-health-jonathan-haidt-book-debate-rcna145928,nbc,tech,"A new book has amplified fierce debate around teens, mental health and smartphones"
https://www.foxnews.com/lifestyle/back-to-school-numbers-key-stats-students-teachers-school-year,fox,lifestyle,"Back to school by the numbers: Key stats about students, teachers and the school year"
"https://www.foxnews.com/media/former-clinton-aide-paul-begala-warns-walls-closing-in-biden-campaign#&_intcmp=fnhptb_blue_BIDEN%20ON%20THE%20BRINK_1_1,hp1bt",fox,media,Former Clinton aide Paul Begala warns 'walls are closing in' on Biden campaign
https://www.nbcnews.com/politics/2024-election/decision-desk-projections-2024-election-how-work-rcna174116,nbc,politics,How the Decision Desk projects races on general election night 2024
https://www.nbcnews.com/weather/hurricanes/live-blog/hurricane-milton-live-updates-rcna174425,nbc,weather,Hurricane Milton: Monster storm re intensifies to Category 5 as Florida braces for direct hit
https://www.nbcnews.com/politics/2024-election/harris-team-white-house-discussed-plans-distance-biden-rcna175948,nbc,politics,Harris team and White House discussed plans for her to distance herself from Biden
https://www.nbcnews.com/politics/2024-election/scott-presler-conspiracy-theories-lara-trump-rnc-job-rcna144144,nbc,politics,"Scott Presler, a conservative activist who has spread conspiracy theories, won't be getting an RNC job"
https://www.nbcnews.com/news/us-news/new-fbi-stats-show-historic-declines-violent-crime-rate-murder-showing-rcna156573,nbc,news,"New FBI stats show 'historic' declines in violent crime rate, with murder showing sharpest drop"
https://www.foxnews.com/sports/olympic-medalist-slams-transgender-track-athlete-competing-womens-event-simply-cheating,fox,sports,Olympic medalist slams transgender track athlete for competing in women's event: 'Simply cheating'
https://www.nbcnews.com/politics/2024-election/live-blog/dnc-2024-live-updates-rcna165226/rcrd52541?canonicalCard=true,nbc,politics,Coalition to March on the DNCâs protest ends peacefully where it began
https://www.nbcnews.com/politics/2024-election/iowa-gov-kim-reynolds-signs-6-week-abortion-ban-conservative-summit-rcna93901,nbc,politics,Iowa Gov. Kim Reynolds signs a 6 week abortion ban at conservative summit
https://www.nbcnews.com/news/world/netanyahu-un-israel-antisemitism-gaza-lebanon-hezbollah-rcna172977,nbc,news,Netanyahu lashes out at U.N. as he defends Israel's actions in Gaza and Lebanon
https://www.nbcnews.com/news/world/gaza-ministry-reports-killed-strike-hit-civilian-tents-rafah-rcna154136,nbc,news,Netanyahu calls Israeli strike that killed dozens in Gaza tent camp 'tragic'
https://www.foxnews.com/live-news/trump-assassination-shooting-rnc-secret-service-investigation-july15,fox,live-news,FBI investigating Trump rally shooter
https://www.nbcnews.com/news/world/north-korean-troops-russia-readying-combat-ukraine-war-rcna176070,nbc,news,"North Korean special forces in Russia readying for combat in Ukraine war, South Korea says"
https://www.nbcnews.com/news/latino/power-goes-entire-island-cuba-leaving-10-million-people-dark-rcna176169,nbc,news,"Power goes out on entire island of Cuba, leaving 10 million people without electricity"
https://www.nbcnews.com/politics/congress/pelosi-plans-add-republican-rep-kinzinger-jan-6-committee-n1274955,nbc,politics,Pelosi appoints Republican Rep. Kinzinger to Jan. 6 committee
https://www.foxnews.com/lifestyle/this-day-history-oct-17-1835-texas-rangers-formally-proposed-settlers-frontier,fox,lifestyle,"On this day in history, October 17, 1835, Texas Rangers formally proposed among settlers patrolling frontier"
https://www.foxnews.com/entertainment/jimi-hendrix-27-club-philip-norman-book,fox,entertainment,"Why Jimi Hendrix's death at 27 is still shrouded in mystery, book reveals: 'It was an avoidable accident'"
https://www.foxnews.com/politics/mccarthys-final-struggles-threaten-haunt-johnsons-government-shutdown-fight,fox,politics,McCarthy's 'final struggles' threaten to haunt Johnson's government shutdown fight
https://www.foxnews.com/politics/harris-trump-deadlocked-pennsylvania-former-president-trails-blue-wall-states-poll.print,fox,politics,Harris and Trump deadlocked in Pennsylvania as former president trails in other 'blue wall' states: poll
https://www.foxnews.com/media/washington-post-corrections-steele-dossier,fox,media,Washington Post has corrected over a dozen articles related to Steele dossier coverage
https://www.foxnews.com/politics/top-handicapper-gives-gops-tim-sheehy-edge-against-democrat-jon-tester-montana-race-shift.print,fox,politics,Top handicapper gives GOP's Tim Sheehy edge against Democrat Jon Tester in Montana race shift
https://www.nbcnews.com/news/us-news/fbi-releases-declassified-document-saudi-9-11-links-after-biden-n1278997,nbc,news,FBI releases declassified document into Saudi 9/11 links
https://www.foxnews.com/politics/obama-stumping-harris-key-battleground-charges-trump-will-makes-problems-worse,fox,politics,"Obama, stumping for Harris in key battleground, charges Trump 'will makes problems worse'"
https://www.nbcnews.com/politics/doj-closes-pence-classified-documents-investigation-no-charges-rcna87396,nbc,politics,DOJ closes Pence classified documents investigation with no charges
https://www.nbcnews.com/politics/2022-election/illinois-new-york-primaries-test-post-roe-abortion-politics-rcna35570,nbc,politics,Illinois governor's race shapes up as test of post Roe abortion politics
https://www.nbcnews.com/news/world/palestinian-father-miracle-daughters-gaza-israel-airstrike-rcna135034,nbc,news,Father hails 'miracle' daughters who were pulled from rubble after Israeli strike
https://www.nbcnews.com/news/world/bangladesh-tribunal-issues-arrest-warrant-former-leader-sheikh-hasina-rcna176060,nbc,news,Bangladesh tribunal issues arrest warrant for former leader Sheikh Hasina
https://www.nbcnews.com/politics/2024-election/doug-emhoff-kamala-harris-democratic-convention-speech-rcna167431,nbc,politics,Kamala Harris' husband reveals the personal side of 'Momala'
https://www.nbcnews.com/news/world/arabs-living-israels-desert-are-sitting-ducks-hamas-rcna120168,nbc,news,"No bomb shelters, no sirens, no Iron Dome: Israel's long neglected Arab Bedouins"
https://www.foxnews.com/lifestyle/minnesota-wwii-veteran-celebrates-turning-100-years-old-wishes-young-people-more-backbone,fox,lifestyle,"Minnesota WWII veteran celebrates turning 100 years old, wishes today's young people had 'more backbone'"
https://www.nbcnews.com/news/world/iran-strikes-israeli-targets-rcna147407,nbc,news,Iran launches retaliatory attack on Israel that risks sparking regional war
https://www.foxnews.com/live-news/kamala-harris-donald-trump-presidential-debate-september-10-2024,fox,live-news,"Kamala Harris, Donald Trump wrap first presidential debate in Philadelphia"
https://www.foxnews.com/politics/biden-admin-under-fire-burning-taxpayer-funds-un-climate-summit-trip,fox,politics,Biden admin under fire for burning taxpayer funds on UN climate summit trip
https://www.foxnews.com/health/angelman-syndrome-colin-farrells-son-living-rare-disease.print,fox,health,What is Angelman syndrome? Colin Farrell's son is living with this rare disease
https://www.nbcnews.com/politics/elections/trump-johnson-noncitizen-voting-illegal-rare-rcna147567,nbc,politics,Trump and Mike Johnson zero in on noncitizen voting. It's already illegal and very rare.
https://www.nbcnews.com/select/shopping/valentines-day-flowers-arrangements-ncna1302882,nbc,select,"Valentine's Day is coming up quickly shop these deals on flowers, plants and more"
https://www.nbcnews.com/politics/justice-department/doj-charges-two-brothers-jan-6-assault-new-york-photographer-rcna170825,nbc,politics,DOJ charges two brothers in Jan. 6 assault on a New York Times photographer
https://www.nbcnews.com/news/investigations/are-russia-north-korea-planning-october-surprise-aids-trump-rcna153828,nbc,news,Are Russia and North Korea planning an 'October surprise' that aids Trump?
https://www.foxnews.com/lifestyle/farmers-brutalized-costs-through-roof-last-days-bidens-america,fox,lifestyle,Farmers 'brutalized' as costs 'go through the roof' in last days of Biden's America
https://www.nbcnews.com/news/us-news/third-d-c-officer-who-responded-capitol-riot-dies-suicide-n1275740,nbc,news,Four officers who responded to Capitol riot have died by suicide
https://www.nbcnews.com/news/us-news/accused-atlanta-area-spa-shooter-pleads-not-guilty-killing-4-n1280232,nbc,news,Atlanta area spa shooter convicted in 4 deaths pleads not guilty to 4 more killings on the same day
https://www.nbcnews.com/politics/donald-trump/trump-briefed-ongoing-iranian-threats-assassinate-campaign-says-rcna172588,nbc,politics,"Trump briefed by intelligence officials about ongoing Iranian threats to assassinate him, campaign says"
https://www.foxnews.com/media/biden-donors-freaked-out-his-reliance-teleprompters-private-fundraisers,fox,media,Biden donors 'freaked out' by his reliance on teleprompters at private fundraisers
https://www.nbcnews.com/health/health-news/university-alabama-pauses-ivf-services-court-rules-embryos-are-childre-rcna139846,nbc,health,Three Alabama clinics pause IVF services after court rules that embryos are children
https://www.nbcnews.com/tech/internet/internet-blackout-hits-gaza-israel-ramps-strikes-rcna122531,nbc,tech,Near total internet and cellular blackout hits Gaza as Israel ramps up strikes
https://www.nbcnews.com/politics/2024-election/benjamin-netanyahu-meet-gov-ron-desantis-rcna80898,nbc,politics,Benjamin Netanyahu says he will meet with Florida Gov. Ron DeSantis in Israel
https://www.nbcnews.com/politics/2024-election/roy-cooper-backs-consideration-harris-running-mate-rcna164203,nbc,politics,North Carolina Gov. Roy Cooper backs out of consideration to be Harris' running mate
https://www.foxnews.com/world/israeli-military-says-regular-infantry-armored-units-joining-limited-ground-operation-southern-lebanon.print,fox,world,"Israeli military says regular infantry, armored units joining limited ground operation in southern Lebanon"
https://www.nbcnews.com/news/world/live-blog/live-updates-hamas-leader-yahya-sinwar-possibly-killed-gaza-rcna175922,nbc,news,Hamas issues defiant message after Sinwar's death; Israel says war will continue
https://www.foxnews.com/lifestyle/american-invented-electric-guitar-rock-roll.print,fox,lifestyle,Meet the American who invented the electric guitar and inspired rock 'n' roll
https://www.nbcnews.com/politics/elections/ohio-issue-one-reject-loss-abortion-rights-ballot-measure-rcna98842,nbc,politics,"In a win for abortion rights supporters, Ohio voters reject Issue 1"
https://www.nbcnews.com/news/world/teen-burnt-alive-israeli-strike-gaza-hospital-rcna175595,nbc,news,Teen recounts horror after his mom and brother were burned alive by Israeli strike on Gaza hospital
https://www.nbcnews.com/politics/2024-election/north-carolina-begins-voting-hurricane-devastation-complicates-casting-rcna175805,nbc,politics,"As North Carolina begins voting, hurricane devastation complicates casting ballots"
https://www.nbcnews.com/news/us-news/police-see-rise-domestic-violence-calls-amid-coronavirus-lockdown-n1176151,nbc,news,"Domestic violence calls increase amid coronavirus lockdown, police say"
https://www.foxnews.com/lifestyle/best-vegetables-for-health-nutritionists,fox,lifestyle,"The best vegetables for your health, according to nutritionists"
https://www.nbcnews.com/politics/2024-election/kamala-harris-mccain-republicans-arizona-trump-rcna175917,nbc,politics,Harris leans on 'McCain Republicans' to close the deal in Arizona
https://www.nbcnews.com/sports/college-football/college-football-showdown-texas-will-try-beating-georgia-game-rcna175573,nbc,sports,"In college football showdown, Texas will try beating Georgia at its own game"
https://www.nbcnews.com/politics/justice-department/doj-wants-21-years-trump-supporter-viciously-assaulted-officers-jan-6-rcna165209,nbc,politics,'One of the most violent' Jan. 6 rioters receives a 20 year prison sentence
https://www.foxnews.com/politics/harris-support-evs-could-tank-campaign-critical-swing-state-expert-says,fox,politics,"Harris support for EVs could tank campaign in critical swing state, expert says"
https://www.foxnews.com/politics/trump-accepts-biden-offer-debate-him-june-september.print,fox,politics,Trump accepts Biden offer to debate him in June and September
https://www.foxnews.com/travel/flight-attendant-goes-viral-tiktok-attempting-ease-common-flying-fear,fox,travel,Flight attendant goes viral on TikTok for attempting to ease common flying fear
https://www.nbcnews.com/politics/florida-supreme-court-abortion-rights-ballot-measure-rcna142568,nbc,politics,"Florida Supreme Court allows 6 week abortion ban to take effect, but voters will have the final say"
https://www.foxnews.com/opinion/understanding-election-2024-more-than-just-reading-polls,fox,opinion,Understanding Election 2024 is more than just reading polls
https://www.foxnews.com/media/black-farmers-sue-biden-administration-broken-debt-relief-promise-president-reneged-meeting,fox,media,"Black farmers sue Biden administration over broken debt relief promise, say president reneged on meeting"
https://www.foxnews.com/entertainment/bob-dylan-museum-opening-in-tulsa,fox,entertainment,Bob Dylan museum opening in Tulsa
https://www.foxnews.com/media/sunny-hostin-horrified-poll-found-millions-americans-support-violence-stop-trump-despicable,fox,media,Sunny Hostin horrified by poll that found millions of Americans support violence to stop Trump: 'Despicable'
https://www.nbcnews.com/politics/donald-trump/judge-narrows-election-interference-case-trump-georgia-rcna170898,nbc,politics,Judge narrows election interference case against Trump in Georgia
https://www.foxnews.com/lifestyle/meet-american-discovered-science-defines-two-genders-nettie-stevens-research-pioneer,fox,lifestyle,"Meet the American who unlocked the science of gender, Nettie Stevens, female research pioneer"
https://www.nbcnews.com/news/world/iran-drone-attack-military-factory-israel-tensions-rcna68114,nbc,news,Iran says drone attack targeted military factory
https://www.nbcnews.com/tech/internet/trump-shares-ai-generated-images-taylor-swift-fans-supporting-rcna167126,nbc,tech,Trump shares AI generated images of Taylor Swift and her fans supporting him
https://www.nbcnews.com/news/asian-america/modis-popularity-grows-india-hindu-nationalism-rising-us-rcna90680,nbc,news,What's fueling the rise in Hindu nationalism in the U.S.
https://www.nbcnews.com/select/shopping/different-types-of-chocolate-rcna139598,nbc,select,Is white chocolate really chocolate? Experts settle the debate.
https://www.nbcnews.com/news/world/iran-israel-attack-retaliation-strikes-jordan-saudi-arabia-khamenei-rcna175001,nbc,news,Iran warns its neighbors not to help Israel attack
https://www.foxnews.com/media/dnc-opens-land-acknowledgment-forcibly-removed-tribal-nation,fox,media,2024 DNC opens with land acknowledgment of 'forcibly removed' tribal nation
https://www.foxnews.com/lifestyle/this-day-history-september-17-1937-abraham-lincoln-carving-officially-dedicated-mount-rushmore,fox,lifestyle,"On this day in history, September 17, 1937, Abraham Lincoln carving is officially dedicated at Mount Rushmore"
https://www.nbcnews.com/select/shopping/google-shopping-holiday-100-2021-ncna1283647,nbc,select,Google just released its list of 100 of the top trending gift ideas.
https://www.nbcnews.com/politics/justice-department/election-denier-became-speaker-capitol-officer-testified-jan-6-tore-li-rcna122234,nbc,politics,"As an election denier became speaker, a Capitol officer testified that Jan. 6 tore her life apart"
https://www.nbcnews.com/politics/elections/ohio-voters-enshrine-abortion-rights-state-constitution-fall-roe-v-wad-rcna122077,nbc,politics,Ohio voters enshrine abortion rights in state constitution
https://www.nbcnews.com/news/world/south-korea-bts-member-j-hope-begins-process-join-military-rcna72417,nbc,news,BTS member j hope begins process to join South Korean military
https://www.nbcnews.com/select/shopping/best-tranexamic-acid-serum-rcna146988,nbc,select,Fade dark spots and brighten your complexion with this lesser known skin care ingredient that's safe for all skin types
https://www.foxnews.com/politics/biden-admin-rigged-internal-analysis-softening-blow-power-plant-regulations-report,fox,politics,"Biden administration rigged internal analysis, softening blow of power plant regulations: report"
https://www.nbcnews.com/select/shopping/best-eco-friendly-laundry-detergents-ncna1298853,nbc,select,How to tell if laundry detergent is actually eco friendly
https://www.nbcnews.com/news/world/china-youth-unemployment-tinder-rcna140631,nbc,news,"Looking for leads, not love: Job seekers in China turn Tinder into a networking tool"
https://www.foxnews.com/media/trump-pledges-protect-womens-sports-from-male-athletes-during-faulkner-town-hall-we-absolutely-stop-it.print,fox,media,Trump pledges to protect women's sports from male athletes during Faulkner town hall: 'We absolutely stop it'
https://www.foxnews.com/live-news/georgia-school-shooting-september-5-2024,fox,live-news,Apalachee High School shooting victims identified as details emerge about student suspect
https://www.foxnews.com/politics/biden-approval-rating-plummets-15-year-low-poll-finds.print,fox,politics,"Biden approval rating plummets to 15 year low, poll finds"
https://www.nbcnews.com/news/world/women-banned-universities-afghanistan-taliban-rcna62612,nbc,news,Women banned from universities in Afghanistan by the Taliban
https://www.foxnews.com/lifestyle/hawaii-hidden-treasures-historic-war-monuments-oahu,fox,lifestyle,Hawaii's hidden treasures include these historic war monuments in Oahu
https://www.nbcnews.com/select/shopping/editors-picks-may-ncna1305473,nbc,select,19+ products our editors bought in May that we can't stop talking about
https://www.foxnews.com/media/mcconnell-title-42-schumer-special-report-illegal-immigrants,fox,media,McConnell: Schumer afraid a Title 42 amendment to COVID spending would've passed with Democratic votes
https://www.foxnews.com/politics/justices-claim-immunity-ruling-allows-presidents-poison-staffers-have-navy-seals-kill-political-rivals,fox,politics,"Justices claim immunity ruling allows presidents to poison staff, have Navy SEALs kill political rivals"
https://www.foxnews.com/entertainment/ashley-tisdale-vanessa-hudgens-dance-high-school-musical,fox,entertainment,"Ashley Tisdale, Vanessa Hudgens dance to 'High School Musical' song during self quarantine"
https://www.nbcnews.com/news/world/gaza-death-toll-30000-israel-hamas-victory-or-quagmire-rcna140951,nbc,news,"As Gaza death toll tops 30,000, is Israel on the path to victory or quagmire?"
https://www.foxnews.com/media/the-view-co-host-cnn-commentator-ana-navarro-host-night-2-democratic-national-convention,fox,media,"'The View' co host, CNN commentator Ana Navarro to host night 2 of Democratic National Convention"
https://www.nbcnews.com/news/europe/britain-hottest-day-on-record-hot-sunlight-heat-soaring-temperatures-rcna38840,nbc,news,'We simply can't cope': Fires erupt around London as U.K. records hottest day ever
https://www.foxnews.com/us/trial-delphi-indiana-murder-suspect-moved-may,fox,us,"Trial for Delphi, Indiana murder suspect moved up to May"
https://www.nbcnews.com/news/us-news/death-row-inmate-wrestled-guilt-addiction-execution-rcna175749,nbc,news,A death row inmate wrestled with guilt and addiction before his execution
https://www.foxnews.com/politics/local-residents-explode-biden-officials-plan-release-grizzly-bears-near-communities,fox,politics,Local residents explode at Biden officials over plan to release grizzly bears near their communities
https://www.nbcnews.com/health/womens-health/military-service-members-veterans-fight-for-fertility-treatments-ivf-rcna151125,nbc,health,Service members and veterans are fighting for the right to fertility treatments
https://www.nbcnews.com/news/world/jailed-us-reporters-friends-family-speak-year-russian-prison-rcna145422,nbc,news,"As U.S. reporter marks a year in a Russian prison, his family and friends speak out"
https://www.nbcnews.com/news/latino/sad-worried-inconsolable-earthquake-triggers-anxiety-puerto-rico-post-hurricane-n1112441,nbc,news,"'Sad, worried, inconsolable': Earthquakes trigger anxiety in Puerto Rico, post Hurricane Maria"
https://www.nbcnews.com/news/latino/displaced-earthquake-puerto-ricans-cope-constant-aftershocks-uncertainty-n1116706,nbc,news,Aftershocks rattle Puerto Rico as islanders confront new crisis
https://www.nbcnews.com/politics/2024-election/poll-newly-popular-harris-challenging-trump-change-rcna171308,nbc,politics,"Poll: Newly popular Harris builds momentum, challenging Trump for the mantle of change"
https://www.foxnews.com/politics/trump-blasts-doj-election-interference-calls-federal-case-scam-after-judge-unseals-smiths-key-filing,fox,politics,"Trump blasts DOJ for 'election interference,' calls Jack Smith case a 'scam' after judge unseals key filing"
https://www.nbcnews.com/select/shopping/what-we-bought-black-friday-cyber-monday-rcna126998,nbc,select,"Our editors spent over $2,300 on Black Friday and Cyber Monday here's what we bought"
https://www.foxnews.com/world/hamas-billionaires-lifestyles-of-rich-terrorists,fox,world,Hamas billionaires: Lifestyles of the rich and terrorists
https://www.foxnews.com/travel/3-american-cities-history-buffs-patriotic-travelers-this-summer,fox,travel,3 great American cities for history buffs and patriotic travelers this summer
https://www.nbcnews.com/politics/2024-election/harris-undergoes-60-minutes-grilling-trump-sits-rcna174415,nbc,politics,Harris undergoes a '60 Minutes' grilling as Trump sits it out
https://www.foxnews.com/entertainment/bruce-willis-daughter-tallulah-gets-emotional-photos-dad-my-whole-damn-heart,fox,entertainment,"Bruce Willis' daughter Tallulah gets emotional over photos with dad, 'my whole damn heart'"
https://www.foxnews.com/sports/kentucky-derby-what-know-first-leg-horse-racings-triple-crown,fox,sports,Kentucky Derby 2023: What to know about the first leg of horse racing's Triple Crown
https://www.nbcnews.com/politics/2024-election/trumps-black-gop-allies-challenged-tense-discussion-rcna159246,nbc,politics,Trump's Black GOP allies challenged during tense discussion tailored to Black men
https://www.foxnews.com/politics/cash-dash-trump-tops-biden-fundraising-battle-past-three-months,fox,politics,Cash Dash: Trump tops Biden in fundraising battle the past three months
https://www.nbcnews.com/politics/bad-blood-republicans-drives-decline-taylor-swifts-poll-numbers-rcna172999,nbc,politics,Bad blood with Republicans drives a decline in Taylor Swift's poll numbers
https://www.foxnews.com/us/california-man-allegedly-robbed-bank-took-hostages-day-release-state-prison-doj,fox,us,"California man allegedly robbed bank, took hostages day after release from state prison: DOJ"
https://www.foxnews.com/media/young-swing-state-voters-deliver-advice-kamala-harris-there-needs-more-transparency.print,fox,media,Young swing state voters deliver advice for Kamala Harris: 'There needs to be more transparency'
https://www.foxnews.com/media/eric-trump-condemns-ny-set-up-father-built-nyc-skyline-this-his-thanks,fox,media,Eric Trump condemns NY 'set up': My father built NYC skyline and this is his thanks
https://www.nbcnews.com/news/us-news/us-calls-un-security-council-vote-cease-fire-proposal-gaza-rcna156373,nbc,news,U.N. Security Council passes Gaza cease fire proposal drafted by the U.S.
https://www.nbcnews.com/politics/national-security/china-russia-ai-divide-us-society-undermine-us-elections-power-rcna142880,nbc,politics,"AI gives Russia, China new tools to divide U.S. society, undermine U.S. image, spies say"
https://www.nbcnews.com/news/us-news/new-videos-show-alleged-assault-capitol-police-officer-brian-sicknick-n1265876,nbc,news,New videos show assault on Capitol Police Officer Brian Sicknick
https://www.foxnews.com/politics/walz-appointee-chang-wangs-chinese-political-ties-highlight-potential-veeps-natsec-weakness-lawmaker-says,fox,politics,"Walz appointee with apparent CCP ties could expose potential veep's national security weakness, lawmaker says"
https://www.foxnews.com/politics/illegal-unconstitutional-void-georgia-judge-strikes-down-new-election-rules-after-legal-fights.print,fox,politics,"'Illegal, unconstitutional and void': Georgia judge strikes down new election rules after legal fights"
https://www.foxnews.com/politics/senate-dems-line-up-favor-spiking-bidens-chinese-solar-handout,fox,politics,Senate Dems line up in favor of spiking Biden's Chinese solar handout
https://www.nbcnews.com/politics/2024-election/private-donor-retreat-trump-team-minnesota-virginia-2024-rcna150726,nbc,politics,"At a private donor retreat, Trump team says Minnesota and Virginia are in play"
https://www.foxnews.com/lifestyle/this-day-history-august-22-british-invade-brooklyn-sea,fox,lifestyle,"On this day in history, August 22, 1776, the British invade Brooklyn by sea"
https://www.foxnews.com/entertainment/camila-cabello-suffers-met-gala-wardrobe-malfunction-exposing-underwear,fox,entertainment,"Camila Cabello suffers Met Gala wardrobe malfunction, exposing underwear"
https://www.nbcnews.com/science/environment/egypt-pyramids-giza-nile-branch-study-rcna152494,nbc,science,"Dozens of Egyptian pyramids, some in Giza, sat along a branch of the Nile, study says"
https://www.foxnews.com/politics/border-crisis-overwhelms-officials-communities-migrant-numbers-surging,fox,politics,"Border crisis overwhelming officials, communities as migrant numbers keep surging"
https://www.nbcnews.com/news/world/pager-new-device-explosions-lebanon-hezbollah-rcna171637,nbc,news,New device explosions reported in Lebanon
https://www.foxnews.com/politics/total-bulls-trump-campaign-rips-preposterous-harris-pro-border-wall-narrative-after-media-report.print,fox,politics,'Total bulls ': Trump campaign rips 'preposterous' Harris pro border wall narrative after media report
https://www.foxnews.com/entertainment/star-wars-actress-carrie-fisher-honored-star-hollywood-walk-of-fame-amid-family-drama,fox,entertainment,'Star Wars' actress Carrie Fisher honored with star on Hollywood Walk of Fame amid family drama
https://www.foxnews.com/travel/top-thrill-2-roller-coaster-cedar-point-not-reopen-season,fox,travel,'Top Thrill 2' roller coaster at Cedar Point will not reopen this season
https://www.foxnews.com/entertainment/rock-roll-hall-fame-foundation-moves-forward-dolly-parton-nomination,fox,entertainment,Rock & Roll Hall of Fame Foundation moves forward with Dolly Parton's nomination despite icon's opposition
https://www.foxnews.com/entertainment/elvis-top-gun-maverick-tie-no-1-box-office-spot,fox,entertainment,'Elvis' takes No. 1 after tie with 'Top Gun: Maverick'
https://www.foxnews.com/lifestyle/rare-us-coin-130-years-ago-worth-millions-expert-confirms-9-could-out-there,fox,lifestyle,"Rare US coin from 130 years ago worth millions, expert confirms only 9 could be out there"
https://www.foxnews.com/politics/biden-anti-growth-policies-slash-medicare-social-security-tax-revenue-400-900-billion-report,fox,politics,"Biden 'anti growth' policies will slash Medicare, Social Security tax revenue by $400 $900 billion: report"
https://www.nbcnews.com/politics/2024-election/ron-desantis-presidential-campaign-twitter-problems-rcna86123,nbc,politics,Ron DeSantis' presidential campaign launch melts down in Twitter glitches
https://www.foxnews.com/media/asheville-residents-battling-aftermath-hurricane-helene-after-deadly-flooding-landslides-apocalyptic.print,fox,media,"Asheville residents battling 'apocalyptic' aftermath of Hurricane Helene after deadly flooding, landslides"
https://www.nbcnews.com/politics/donald-trump/judge-denies-special-counsel-request-impose-gag-order-trump-false-clai-rcna154340,nbc,politics,Judge denies special counsel's request to impose gag order on Trump over false claim about FBI raid
https://www.nbcnews.com/select/shopping/first-fathers-day-gifts-ncna1270664,nbc,select,23 gift ideas for first time dads this Father's Day
https://www.foxnews.com/sports/ex-nwsl-coach-slams-league-woke-banned-life,fox,sports,Ex NWSL coach slams league as 'woke' after being banned for life
https://www.nbcnews.com/select/shopping/fathers-day-fishing-gifts-ncna1270469,nbc,select,20 best Father's Day fishing gifts for dad
https://www.nbcnews.com/politics/2024-election/vivek-ramaswamy-wounded-trumps-movement-needs-new-leader-rcna131921,nbc,politics,Vivek Ramaswamy argues Trump is 'wounded' and his movement needs a new leader
https://www.foxnews.com/politics/political-handicapper-shifts-montana-senate-leans-republican-tester-falls-behind,fox,politics,Political handicapper shifts Montana Senate to 'leans Republican' as Tester falls behind
https://www.nbcnews.com/health/health-news/narcan-opioid-overdose-drug-otc-access-varies-us-stores-rcna135324,nbc,health,"Where's the Narcan? At pharmacies across the U.S., the OTC antidote can be hard to find"
https://www.nbcnews.com/politics/congress/house-vote-senate-passed-bill-provide-security-supreme-court-justices-rcna33427,nbc,politics,Congress passes bill to provide security to Supreme Court justices' family members
https://www.nbcnews.com/politics/politics-news/desantis-asks-students-remove-masks-he-says-are-doing-nothing-n1290693,nbc,politics,"DeSantis chides students for wearing masks, tells them to 'stop with this Covid theater'"
https://www.nbcnews.com/news/world/china-qin-gang-removes-foreign-minister-wolf-warrior-diplomacy-rcna96135,nbc,news,China's foreign minister removed from post
https://www.nbcnews.com/select/shopping/best-under-eye-patches-masks-ncna1246428,nbc,select,"The best under eye patches that actually work, tested and reviewed by our editors"
https://www.foxnews.com/us/florida-human-trafficking-sting-nabs-157-people-including-25-illegal-immigrants,fox,us,"Florida human trafficking sting nabs 157 people, including 25 illegal immigrants"
https://www.foxnews.com/politics/bold-agenda-2024-gop-rising-star-promises-crack-down-schools-kids-guinea-pigs,fox,politics,'Bold agenda': 2024 GOP rising star promises to crack down on schools turning kids into their 'guinea pigs'
https://www.foxnews.com/politics/biden-admins-fema-equity-plan-backlash-historic-hurricane-damage-embarrassment,fox,politics,Biden admin's FEMA 'equity' plan faces backlash amid historic hurricane damage: 'What an embarrassment'
https://www.nbcnews.com/politics/2024-election/votes-get-counted-reported-election-night-nbc-news-gathers-checks-data-rcna174579,nbc,politics,How votes get counted and reported on election night and how gathers and checks the data
https://www.foxnews.com/media/trump-says-howard-stern-great-went-woke-ratings-down-tubes,fox,media,Trump says Howard Stern was great until he 'went woke' and ratings have 'gone down the tubes'
https://www.foxnews.com/politics/north-carolina-gop-goes-offense-pushing-ambitious-agenda-new-supermajority-state-house,fox,politics,"North Carolina GOP goes on offense, pushing ambitious agenda with new supermajority in state House"
https://www.foxnews.com/entertainment/sydney-sweeney-glad-mother-stopped-getting-breast-reduction-teen,fox,entertainment,Sydney Sweeney 'so glad' mother stopped her from getting breast reduction as a teen: 'They're my best friends'
https://www.foxnews.com/lifestyle/considering-cruise-high-seas-may-right-option-family-wallet,fox,lifestyle,Considering a cruise? High seas may be the right option for both family and wallet
https://www.foxnews.com/media/cnn-brian-stelter-andrew-cuomo-sexual-harassment-scandal,fox,media,CNN's Brian Stelter forced to address Cuomo sex scandal after network delayed coverage of first accuser
https://www.nbcnews.com/news/world/korea-trash-balloons-loudspeaker-broadcasts-rcna162883,nbc,news,South Korea responds to North's trash balloons with loudspeaker broadcasts
https://www.nbcnews.com/politics/poll-share-college-students-blaming-hamas-oct-7-attack-israel-declines-rcna149152,nbc,politics,Share of college students blaming Hamas for Oct. 7 attack on Israel declines in new poll
https://www.nbcnews.com/news/world/shooting-us-embassy-beirut-lebanon-israel-hezbollah-offensive-rcna155552,nbc,news,Gunman attacks U.S. Embassy; Israel 'prepared for intense action' on Lebanon
https://www.foxnews.com/lifestyle/leave-white-house-what-should-america-do-ex-presidents,fox,lifestyle,"After they leave the White House, what should America do with our ex presidents?"
https://www.nbcnews.com/politics/2022-election/abortion-rights-advocates-see-flurry-post-roe-victories-midterms-rcna56443,nbc,politics,Abortion rights advocates see a flurry of post Roe victories in midterms
https://www.foxnews.com/politics/supreme-court-rules-favor-nra-key-first-amendment-case,fox,politics,Supreme Court rules in favor of NRA in key First Amendment case
https://www.nbcnews.com/politics/donald-trump/trump-accuses-doj-mishandling-downplaying-second-assassination-plot-rcna172315,nbc,politics,Trump accuses DOJ of 'mishandling and downplaying' second assassination plot
https://www.nbcnews.com/select/shopping/sunbasket-meal-delivery-service-review-2024-rcna140564,nbc,select,"Why Sunbasket is great for dietary restrictions, as told by a gluten free pescatarian"
https://www.nbcnews.com/politics/2024-election/trumps-2020-fake-electors-charged-state-crimes-arizona-rcna149214,nbc,politics,"Mark Meadows, Rudy Giuliani and Arizona 'fake electors' charged with state crimes"
https://www.nbcnews.com/business/consumer/stanley-tumbler-quenchers-maker-sued-lead-claims-rcna139780,nbc,business,Stanley tumbler 'quenchers' maker is being sued over lead claims
https://www.foxnews.com/sports/nfl-great-believes-panic-jets-organization-played-role-robert-salehs-firing,fox,sports,NFL great believes panic in Jets' organization played a role in Robert Saleh's firing
https://www.nbcnews.com/politics/justice-department/sen-mike-lee-promotes-debunked-conspiracy-theory-jan-6-rioter-rcna125993,nbc,politics,Sen. Mike Lee promotes a debunked conspiracy theory about a Jan. 6 rioter
https://www.foxnews.com/sports/tony-bennett-blames-nil-retirement-calls-change-college-sports-emotional-conference.print,fox,sports,"Tony Bennett blames NIL for retirement, calls for 'change' in college sports in emotional conference"
https://www.foxnews.com/media/stephen-colbert-apologizes-kate-middleton-jokes-before-revealed-cancer-diagnosis-wishes-recovery.print,fox,media,"Stephen Colbert apologizes for Kate Middleton jokes before she revealed cancer diagnosis, wishes her recovery"
https://www.nbcnews.com/select/shopping/best-quiet-air-purifiers-ncna1260759,nbc,select,Indoor air can be more polluted than outdoor air here's what to do about it
https://www.nbcnews.com/politics/politics-news/appeals-court-rejects-mark-meadows-bid-move-georgia-case-state-court-rcna130058,nbc,politics,Appeals court rejects Mark Meadows' bid to move his Georgia case out of state court
https://www.foxnews.com/entertainment/simon-cowell-pulls-out-judging-duties-x-factor-israel-appearance,fox,entertainment,Simon Cowell pulls out of judging duties in upcoming 'X Factor Israel' appearance
https://www.nbcnews.com/politics/2024-election/democratic-playbook-football-tim-walz-rcna168284,nbc,politics,This year's Democratic playbook features a lot of football
https://www.nbcnews.com/news/world/cats-freedom-women-afghanistan-meryl-streep-says-rcna172391,nbc,news,"Cats have more freedom than women in Afghanistan, Meryl Streep says"
https://www.nbcnews.com/politics/elections/chuck-todd-will-biden-cost-harris-election-rcna175421,nbc,politics,Chuck Todd: Will Biden cost Harris the election?
https://www.foxnews.com/entertainment/jelly-roll-plans-ask-forgiveness-from-victims-armed-robbery-no-logic-what-i-did.print,fox,entertainment,Jelly Roll plans to seek forgiveness from victims of armed robbery: 'No logic to what I did'
https://www.foxnews.com/politics/kamala-harris-accused-plagiarizing-2009-book-about-being-smart-crime,fox,politics,Kamala Harris accused of plagiarizing in 2009 book about being 'smart on crime'
https://www.foxnews.com/media/cnn-data-guru-says-donald-trump-very-much-ball-game-despite-harris-polling-gains,fox,media,CNN data guru says Donald Trump 'very much in this ball game' despite Harris' polling gains
https://www.nbcnews.com/tech/tech-news/microsoft-ceo-satya-nadella-calls-taylor-swift-deepfakes-alarming-terr-rcna136402,nbc,tech,Microsoft CEO Satya Nadella calls for coordination to address AI risk
https://www.nbcnews.com/select/shopping/best-kids-kn95-masks-ncna1275419,nbc,select,What to know about kids KN95 masks
https://www.foxnews.com/world/mongolia-ignores-icc-demands-arrest-putin-during-state-visit,fox,world,Mongolia ignores ICC demands to arrest Putin during state visit
https://www.nbcnews.com/news/world/us-new-palestinian-government-political-reform-rcna145717,nbc,news,U.S. welcomes a new Palestinian government after making repeated calls for political reform
https://www.foxnews.com/politics/kamala-harris-said-she-owns-glock-despite-history-backing-handgun-bans,fox,politics,"Kamala Harris claims she's got a gun, but Second Amendment supporters say good luck getting yours"
https://www.foxnews.com/sports/riley-gaines-slams-new-title-ix-protections-most-anti-woman-pursuit-biden-administration.print,fox,sports,Riley Gaines slams new Title IX protections as the 'most anti woman' pursuit of the Biden administration
https://www.nbcnews.com/select/shopping/best-cordless-vacuum-cleaner-ncna1280900,nbc,select,These are the best cordless vacuums that we've ever tried
https://www.foxnews.com/us/trump-assassination-attempt-3-key-takeaways-from-newly-released-bodycam,fox,us,Trump assassination attempt: 3 key takeaways from newly released bodycam
https://www.nbcnews.com/politics/2024-election/damning-non-answer-vance-refuses-acknowledge-trump-lost-2020-election-rcna173569,nbc,politics,'Damning non answer': Vance refuses to acknowledge Trump lost the 2020 election
https://www.foxnews.com/entertainment/american-idol-fans-criticize-katy-perry-luke-bryan-rude-reaction-they-need-apologize,fox,entertainment,'American Idol' fans criticize Katy Perry and Luke Bryan after 'rude' reaction: They need to 'apologize'
https://www.nbcnews.com/news/us-news/milton-shreds-roof-tropicana-field-home-baseballs-tampa-bay-rays-rcna174808,nbc,news,"Milton shreds roof of Tropicana Field, home of baseball's Tampa Bay Rays"
https://www.foxnews.com/politics/trump-gets-big-post-debate-boost-new-poll-after-bidens-botched-performance,fox,politics,Trump gets big post debate boost in new polls after Biden's botched performance
https://www.foxnews.com/entertainment/american-idol-judge-luke-bryan-shares-which-stars-have-been-in-talks-replace-katy-perry-hit-show,fox,entertainment,'American Idol' judge Luke Bryan shares which stars have been 'in the talks' to replace Katy Perry on hit show
https://www.nbcnews.com/news/latino/latino-10-hispanic-heritage-month-recognition-rcna170278,nbc,news,The Latino 10: A standout year
https://www.foxnews.com/politics/fox-news-poll-trump-leads-biden-georgia-receiving-just-over-50-support,fox,politics,"Poll: Trump leads Biden in Georgia, receiving just over 50% support"
https://www.foxnews.com/politics/absentee-voting-kicks-off-missouri-north-carolina,fox,politics,"Absentee voting kicks off in Missouri, North Carolina"
https://www.nbcnews.com/politics/congress/live-blog/january-6-hearings-day-three-live-updates-rcna32981/rcrd2840?canonicalCard=true,nbc,politics,"Luttig concludes testimony with a stark warning for 2024, saying Trump remains 'a danger'"
https://www.nbcnews.com/business/business-news/trump-media-stock-scrapes-new-52-week-low-heavy-trading-djt-lockup-lif-rcna172272,nbc,business,Trump Media plummets 10% as post lockup selloff picks up steam
https://www.nbcnews.com/news/world/israel-hamas-war-images-palestinians-stripped-blindfolded-gaza-rcna128685,nbc,news,"Stripped, blindfolded and 'humiliated': Images show dozens of Palestinian men detained by Israeli forces in Gaza"
https://www.nbcnews.com/news/world/former-bangladesh-leader-calls-inquiry-killings-unrest-led-ouster-rcna166522,nbc,news,Former Bangladesh leader calls for inquiry into killings during unrest that led to her ouster
https://www.foxnews.com/entertainment/bruce-willis-daughter-tallulah-update-painful-dementia-battle.print,fox,entertainment,Bruce Willis' daughter Tallulah gives update on his 'painful' dementia battle
https://www.foxnews.com/us/missing-texas-mom-luxury-real-estate-agent-seen-last-photo-before-disappearance-family-fears-worst,fox,us,"Missing Texas mom, luxury real estate agent seen in last photo before disappearance as family fears worst"
https://www.foxnews.com/world/kings-speech-opens-parliament-new-uk-labour-government-plans-national-renewal,fox,world,"Parliament for new UK Labour government opens with King's Speech, plans for 'national renewal'"
https://www.foxnews.com/politics/kamala-harris-staff-low-morale-internal-tensions,fox,politics,"Kamala Harris staff contending with low morale, internal tensions: reports"
https://www.foxnews.com/media/media-ramped-effort-tie-trump-project-2025-following-biden-debate-disaster-harris-embraces-attack,fox,media,"Media ramped up effort to tie Trump to Project 2025 following Biden debate disaster, Harris embraces attack"
https://www.foxnews.com/politics/miltons-gone-political-storm-keeps-raging-over-federal-governments-hurricane-efforts,fox,politics,"Milton's gone, but the political storm keeps raging over federal government's hurricane efforts"
https://www.foxnews.com/world/prince-william-denounces-antisemitism-amid-soaring-rates-abuse,fox,world,Prince William denounces antisemitism amid soaring rates of abuse at London synagogue
https://www.nbcnews.com/politics/congress/sen-lindsey-grahams-phone-investigated-potential-hack-rcna150507,nbc,politics,Sen. Lindsey Graham's phone being investigated for potential hack
https://www.foxnews.com/us/michigan-state-sets-aside-unconditional-love-fund-only-lgbtqia2s-students-are-eligible,fox,us,"Michigan State sets aside 'Unconditional Love Fund,' but only 'LGBTQIA2S+' students are eligible"
https://www.foxnews.com/us/texas-uvalde-shooting-report-reveals-multiple-systemic-failiures,fox,us,Texas officials: Uvalde shooting report reveals 'multiple systemic failures'
https://www.nbcnews.com/politics/2024-election/biden-north-carolina-top-battleground-trump-rcna143970,nbc,politics,Biden aims to make North Carolina a top battleground but Trump isn't worried yet
https://www.foxnews.com/sports/giants-rookie-phenom-malik-nabers-travis-scott-concert-backlash-got-own-life.print,fox,sports,Giants rookie phenom Malik Nabers on Travis Scott concert backlash: 'I still got my own life'
https://www.foxnews.com/health/new-drug-stiff-person-syndrome-granted-designation-speed-development-thrilled-community,fox,health,New drug for stiff person syndrome granted designation to speed up development: 'Thrilled for the community'
https://www.nbcnews.com/news/world/live-blog/israel-hamas-war-live-updates-rcna128049/rcrd27249?canonicalCard=true,nbc,news,U.S. to impose visa restrictions on extremist Israeli settlers
https://www.foxnews.com/lifestyle/this-day-history-sept-23-1806-lewis-clark-return-st-louis-heroes,fox,lifestyle,"On this day in history, September 23, 1806, Lewis and Clark return to St. Louis as heroes after journey"
https://www.nbcnews.com/news/world/live-blog/israel-hamas-war-live-updates-rcna134440/rcrd31345?canonicalCard=true,nbc,news,Israeli military indicates it searched Gaza cemetery for bodies of hostages
https://www.foxnews.com/politics/gus-walz-brought-tears-shares-emotional-moment-father-tim-during-dnc-speech-thats-my-dad,fox,politics,"Gus Walz brought to tears, shares emotional moment with father Tim during DNC speech: 'That's my Dad'"
https://www.nbcnews.com/select/shopping/best-travel-accessories-amazon-ncna1303874,nbc,select,39+ travel essentials on Amazon guaranteed to make your trip less stressful
https://www.nbcnews.com/news/world/hungarian-insider-releases-audio-says-proof-orban-corruption-rcna145070,nbc,news,Former Hungarian insider releases audio he says is proof of corruption in embattled Orbán government
https://www.foxnews.com/politics/un-ambassador-criticizes-israeli-military-calls-fundamental-changes,fox,politics,"UN ambassador criticizes Israeli military, calls for 'fundamental changes'"
https://www.nbcnews.com/politics/justice-department/trump-hatted-rioter-sentenced-bear-spraying-8-officers-jan-6-rcna123792,nbc,politics,Trump hatted rioter sentenced for bear spraying 8 officers on Jan. 6
https://www.nbcnews.com/politics/national-security/trump-authorized-soleimani-s-killing-7-months-ago-conditions-n1113271,nbc,politics,"Trump authorized Soleimani's killing 7 months ago, with conditions"
https://www.foxnews.com/entertainment/disney-plus-removes-access-to-classics-like-dumbo-peter-pan-for-kids-under-7-over-racist-stereotypes.print,fox,entertainment,"Disney+ removes access to classics like 'Dumbo,' 'Peter Pan' for kids under 7 over 'racist' stereotypes"
https://foxnews.com/politics/jimmy-carters-family-reveals-how-president-felt-about-biden-quitting-which-dnc-speaker-stole-show,fox,politics,"Jimmy Carter's family reveals how president felt about Biden quitting, which DNC speaker stole the show"
https://www.nbcnews.com/select/shopping/amazon-october-prime-day-2024-dates-rcna171355,nbc,select,Amazon's fall Prime Day sale is here what you need to know
https://www.foxnews.com/lifestyle/florida-family-stuns-statistical-improbability-all-four-daughters-crowned-valedictorian,fox,lifestyle,Florida family stuns with statistical improbability as all four daughters are crowned valedictorian
https://www.nbcnews.com/nbc-out/out-news/hate-crime-murder-black-trans-woman-south-carolina-dime-doe-rcna176121,nbc,nbc-out,S.C. man sentenced to life in prison for murdering Black trans woman after historic verdict
https://www.foxnews.com/politics/kamala-harris-liz-cheney-birthplace-republican-party.print,fox,politics,Kamala Harris teams up with Liz Cheney in birthplace of Republican Party
https://www.foxnews.com/politics/texas-supreme-court-rejects-challenge-state-abortion-bans-medical-exceptions,fox,politics,Texas Supreme Court rejects challenge to state abortion ban's medical exceptions
https://www.nbcnews.com/select/shopping/best-cyber-monday-deals-2022-ncna1301406,nbc,select,"Cyber Monday deals are still live from brands like Yeti, FitBit, Amazon and more"
https://www.nbcnews.com/news/world/israel-hamas-war-iran-hezbollah-lebanon-militant-group-rcna120092,nbc,news,What is Hezbollah? A look at the Iran backed militant group on the sidelines of the Israel Hamas war
https://www.nbcnews.com/politics/donald-trump/trump-says-wants-make-ivf-treatments-paid-government-insurance-compani-rcna168804,nbc,politics,Trump says he wants to make IVF treatments paid for by government or insurance companies if elected
https://www.foxnews.com/media/fema-head-denies-agency-short-money-disaster-relief-because-funds-went-illegal-immigrants,fox,media,FEMA head denies agency is short on money for disaster relief because funds went to illegal immigrants
https://www.foxnews.com/media/new-cnn-boss-christ-licht-determined-tamp-down-spectacle-evaluates-who-should-stick-around.print,fox,media,New CNN boss Chris Licht 'determined to tamp down spectacle' as he evaluates who should stick around: insider
https://www.foxnews.com/politics/josh-shapiro-denies-antisemitism-played-role-harris-vp-pick,fox,politics,Josh Shapiro denies antisemitism played role in Harris' VP pick
https://www.foxnews.com/media/cnn-host-surprised-harris-2019-policy-positions-like-decriminalizing-drugs-funding-migrant-sex-changes.print,fox,media,"CNN host surprised by Harris' 2019 policy positions like decriminalizing drugs, funding migrant sex changes"
https://www.foxnews.com/media/fewer-adults-extremely-proud-american-experts-warn-people-focused-individualism,fox,media,Why fewer adults are 'extremely proud' to be American: Experts warn people are focused on 'individualism'
https://www.foxnews.com/world/hezbollah-rocket-attack-israel-hits-haifa-first-time,fox,world,Hezbollah rocket attack on Israel hits Haifa for first time
https://www.nbcnews.com/news/world/victims-hamas-attack-israel-families-blame-iran-new-federal-lawsuit-rcna136571,nbc,news,Victims of Hamas attack in Israel and their families blame Iran in new federal lawsuit
https://www.nbcnews.com/politics/2024-election/kamala-harris-dispatches-heavy-hitters-boost-key-states-final-stretch-rcna174673,nbc,politics,Harris dispatches heavy hitters to boost key states in the final stretch
https://www.foxnews.com/media/nascar-icon-richard-childress-describes-great-reception-jd-vance-appearance-north-carolina-race.print,fox,media,NASCAR icon Richard Childress describes 'great' reception for JD Vance appearance at North Carolina race
https://www.foxnews.com/politics/biden-admin-unveils-sweeping-new-actions-increasing-costs-oil-gas-leasing,fox,politics,"Biden admin unveils sweeping new actions increasing costs for oil, gas leasing"
https://www.foxnews.com/world/idf-kills-hezbollah-commander-brutal-attack-childrens-soccer-field-officials,fox,world,IDF kills Hezbollah commander behind brutal attack on children's soccer field: officials
https://www.nbcnews.com/news/world/israel-hamas-war-hezbollah-rockets-lebanon-commander-killed-rcna160310,nbc,news,Hezbollah launches barrage of rockets at Israel after senior commander killed
https://www.foxnews.com/us/pennsylvania-sheriff-defends-local-officers-who-confronted-trump-rally-shooter,fox,us,Pennsylvania sheriff defends local officers who confronted Trump rally shooter
https://www.foxnews.com/media/actor-says-timing-documentary-former-presidents-assassination-attempt-might-seem-interesting.print,fox,media,Actor says timing of documentary on former president's assassination attempt 'might seem interesting'
https://www.nbcnews.com/select/shopping/best-treatment-undereye-circles-ncna1124191,nbc,select,"Struggling with dark under eyes? Here's how to treat them, according to derms"
https://www.foxnews.com/politics/republican-john-duarte-wins-house-race-in-californias-13th-congressional-district,fox,politics,Republican John Duarte wins House race in California's 13th Congressional District
https://www.nbcnews.com/select/shopping/best-valentines-day-candy-chocolates-desserts-ncna1302587,nbc,select,The best Valentine's Day treats for every kind of sweet tooth
https://www.foxnews.com/media/bill-maher-roasts-woke-presentism-magic-moral-time-machine-you-always-win,fox,media,Bill Maher roasts woke 'presentism': 'A magic moral time machine' where you always win
https://www.nbcnews.com/news/world/famine-gaza-hunger-israel-hamas-war-rcna141891,nbc,news,"As malnutrition deaths are reported and hunger grows, will 'famine' be declared in Gaza?"
https://www.nbcnews.com/politics/2024-election/live-blog/trump-harris-presidential-election-live-updates-rcna172156,nbc,politics,Election 2024: Trump campaigns in Georgia; Harris weighs trip to southern border
https://www.foxnews.com/politics/harris-trump-showdown-leading-law-enforcement-group-takes-sides-presidential-election,fox,politics,Harris Trump showdown: Group of former law enforcement leaders takes sides in presidential election
https://www.foxnews.com/media/wisconsin-parents-challenge-title-ix-changes-during-school-board-meeting-boys-boys-girls-girls,fox,media,Wisconsin parents challenge Title IX changes during school board meeting: 'Boys are boys and girls are girls'
https://www.foxnews.com/politics/georgia-gop-chair-shares-2-pronged-election-strategy-trump-works-win-back-peach-state.print,fox,politics,Georgia GOP chair shares 2 pronged election strategy as Trump works to win back Peach State
https://www.nbcnews.com/select/shopping/best-ergonomic-office-chair-ncna1231359,nbc,select,Poor posture has increased since the pandemic these ergonomic chairs can help
https://www.nbcnews.com/news/world/17-hostages-released-second-group-israel-hamas-pause-fighting-gaza-rcna126651,nbc,news,17 hostages released in second group amid temporary cease fire in Gaza
https://www.nbcnews.com/news/us-news/former-nfl-qb-jay-cutler-arrested-charges-dui-gun-possession-minor-cra-rcna176111,nbc,news,Former NFL QB Jay Cutler arrested on charges of DUI and gun possession after minor crash in Tennessee
https://www.foxnews.com/politics/justice-alito-questions-whether-presidents-will-fear-bitter-political-opponent-throwing-jail,fox,politics,Justice Alito questions whether presidents will have to fear 'bitter political opponent' throwing them in jail
https://www.nbcnews.com/politics/congress/mcconnell-trump-aides-discussing-endorsement-former-president-rcna140509,nbc,politics,McConnell and Trump aides have been discussing an endorsement of the former president
https://www.foxnews.com/media/msnbcs-stephanie-ruhle-calls-out-harris-dodging-how-shed-raise-taxes-she-doesnt-answer-question,fox,media,MSNBC's Stephanie Ruhle calls out Harris for dodging how she'd raise taxes: 'She doesn't answer the question'
https://www.nbcnews.com/politics/justice-department/giuliani-powell-appear-alleged-trump-co-conspirators-rcna97641,nbc,politics,Rudy Giuliani and Sidney Powell appear to be among alleged Trump co conspirators
https://www.foxnews.com/world/hamas-affiliates-reportedly-call-hostage-families-threats-harassment-you-wont-see-your-loved-ones,fox,world,"Hamas 'affiliates' reportedly call hostage families with threats, harassment: 'you won't see your loved ones'"
https://www.nbcnews.com/select/shopping/eco-friendly-cleaning-products-ncna1266586,nbc,select,Here's how to tell if cleaning products are actually eco friendly
https://www.foxnews.com/lifestyle/wwii-vet-101-finally-walks-graduation-80-years-having-miss-ceremony-global-war,fox,lifestyle,"WWII vet, 101, 'finally' walks at graduation 80 years after having to miss ceremony amid global war"
https://www.nbcnews.com/politics/elections/election-results-point-major-gop-liability-abortion-heading-2024-rcna123103,nbc,politics,Election results point to major GOP liability on abortion heading into 2024
https://www.foxnews.com/politics/georgia-judge-overturns-states-six-week-heartbeat-abortion-law-calls-unconstitutional,fox,politics,"Georgia judge overturns state's six week 'heartbeat' abortion law, calls it 'unconstitutional'"
https://www.foxnews.com/politics/voters-obamas-backyard-weigh-dangerous-kamala-2024-race-im-trump-fan,fox,politics,Voters in Obama's backyard weigh in on 'dangerous' Kamala and 2024 race: 'I'm a Trump fan'
https://www.foxnews.com/sports/sjsu-womens-volleyball-player-praises-nevada-team-raising-concerns-about-playing-vs-trans-opponent,fox,sports,SJSU women's volleyball player praises Nevada team for raising concerns about playing vs trans opponent
https://www.foxnews.com/politics/secret-service-told-locals-would-take-care-of-building-crooks-shot-trump-from,fox,politics,Secret Service told locals they would 'take care of' building used by Thomas Crooks to shoot Trump
https://www.foxnews.com/sports/transgender-athlete-defeated-woman-competitor-major-uk-competition-championship-epic-comeback.print,fox,sports,Transgender athlete defeated by woman competitor at major UK competition championship in epic comeback
https://www.foxnews.com/us/david-mccullough-american-historian-presidential-medal-freedom-recipient-dies,fox,us,"David McCullough, American historian and Presidential Medal of Freedom recipient, dies at 89"
https://www.foxnews.com/opinion/dnc-party-shining-hopeful-spotlight-america-rnc-just-trump,fox,opinion,"At DNC, my party is shining a hopeful spotlight on America. At RNC it was just on Trump"
https://www.nbcnews.com/politics/politics-news/elected-official-connecticut-admits-entered-capitol-jan-6-attack-rcna54579,nbc,politics,Elected official from Connecticut admits he entered Capitol during Jan. 6 attack
https://www.foxnews.com/politics/what-happens-jd-vances-senate-seat-trump-chooses-him-veep-wins-re-election,fox,politics,What happens to JD Vance's Senate seat if Trump chooses him as veep and wins re election?
https://www.foxnews.com/opinion/nova-music-festival-massacre-survivor-vows-never-again.print,fox,opinion,A Nova music festival massacre survivor vows 'Never again'
https://www.foxnews.com/sports/acting-secret-service-director-pressed-trumps-potential-appearance-alabama-georgia-game.print,fox,sports,Acting Secret Service director pressed on Trump's potential appearance at Alabama Georgia game
https://www.nbcnews.com/health/health-news/pauses-embryo-transfers-alabama-leave-ivf-patients-options-rcna140052,nbc,health,Pauses on embryo transfers out of Alabama leave IVF patients with few options
https://www.nbcnews.com/news/world/least-25-killed-50-wounded-israeli-strikes-tent-camps-rafah-gaza-healt-rcna158391,nbc,news,"At least 25 killed, 50 wounded in Israeli strikes on tent camps near Rafah, Gaza health officials say"
https://www.nbcnews.com/news/world/floods-romania-kill-least-four-people-rain-batters-central-europe-rcna171145,nbc,news,Floods in Romania kill at least four people as rain batters central Europe
https://www.nbcnews.com/politics/2024-election/ron-desantis-fires-roughly-dozen-staffers-campaign-shake-rcna94470,nbc,politics,Ron DeSantis fires roughly a dozen staffers in a campaign shake up
https://www.nbcnews.com/science/climate-change/evangelical-christian-environmentalists-push-climate-votes-election-rcna174018,nbc,science,Evangelical environmentalists push for climate votes as election nears: 'Care for God's creation'
https://www.nbcnews.com/politics/two-immigration-moves-underscore-2024-potency-politics-desk-rcna155492,nbc,politics,Two immigration moves underscore the issue's 2024 potency: From the Politics Desk
https://www.foxnews.com/politics/house-republicans-political-fallout-government-shutdown.print,fox,politics,House Republicans privately worry about political fallout of government shutdown
https://www.foxnews.com/media/rapper-50-cent-shares-why-people-identify-trump-after-assassination-attempt,fox,media,Rapper 50 Cent shares why people 'identify' with Trump after assassination attempt
https://www.foxnews.com/world/iran-remembers-hamas-leader-yahya-sinwar-martyr-model-youth-children.print,fox,world,Iran remembers Hamas leader Yahya Sinwar as a 'martyr' and 'model for the youth and children'
https://www.nbcnews.com/politics/justice-department/teen-testifies-surreal-experience-tipping-fbi-dad-jan-6-riot-rcna18526,nbc,politics,Teen testifies about 'surreal' experience tipping off FBI about his dad before Jan. 6 riot
https://www.foxnews.com/politics/an-absolute-disgrace-senate-republicans-condemn-palestinian-authoritys-un-bid-undermine-israel,fox,politics,'An absolute disgrace': Senate Republicans condemn Palestinian Authority's UN bid to undermine Israel
https://www.foxnews.com/health/lupus-expert-debunks-common-myths-autoimmune-disease-not-death-sentence.print,fox,health,Lupus expert debunks 7 common myths about the autoimmune disease: 'Not a death sentence'
https://www.foxnews.com/media/detransitioner-chloe-cole-announces-lawsuit-hospitals-pushing-medical-mutilation,fox,media,Detransitioner Chloe Cole announces lawsuit against hospitals 'for pushing her into medical mutilation'
https://www.foxnews.com/travel/france-2nd-mini-statue-liberty-nyc-july-washington-dc.print,fox,travel,"France is sending a new Statue of Liberty to the US for July 4, but this time it's mini"
https://www.foxnews.com/world/israeli-ministers-frustrated-over-us-idf-leak-lebanon-operation-report,fox,world,"Israeli ministers frustrated over US, IDF leak on Lebanon operation: Report"
https://www.nbcnews.com/select/shopping/hatch-restore-2-review-rcna143055,nbc,select,I tried the newest Hatch sunrise alarm clock for 4 months now I can't sleep without it
https://www.foxnews.com/politics/same-poll-taken-one-month-apart-shows-which-presidential-candidate-has-momentum-key-states,fox,politics,Same poll taken one month apart shows which presidential candidate has momentum in key states
https://www.foxnews.com/media/trump-unleashes-harris-talking-immigration-china-exclusive-life-liberty-levin-interview.print,fox,media,"Trump unleashes on Harris, talking immigration, China in exclusive 'Life, Liberty & Levin' interview"
https://www.nbcnews.com/politics/donald-trump/trumps-many-abortion-positions-timeline-rcna146601,nbc,politics,"A timeline of Trump's many, many positions on abortion"
https://www.foxnews.com/media/medical-fraud-riley-gaines-heart-gender-affirming-care-epidemic,fox,media,'Biggest medical fraud of our time': Riley Gaines dives into the heart of gender affirming care epidemic
https://www.nbcnews.com/politics/2024-election/obama-tells-men-trump-doesnt-represent-real-strength-rcna174283,nbc,politics,Obama tells men Trump doesn't represent 'real strength'
https://www.foxnews.com/politics/biden-warns-nationwide-abortion-ban-republicans-take-majority-congress-choice-clear.print,fox,politics,Biden warns of nationwide abortion ban if Republicans take majority of Congress: 'The choice is clear'
https://www.nbcnews.com/politics/2024-election/first-ballots-general-election-presidential-race-rcna170621,nbc,politics,The first general election ballots of the presidential race are in the mail
https://www.foxnews.com/politics/johnsons-plan-avoid-government-shutdown-goes-down-flames-republicans-rebel,fox,politics,Johnson's plan to avoid government shutdown goes down in flames as Republicans rebel
https://www.nbcnews.com/politics/congress/senate-republicans-block-democratic-bill-protect-ivf-nationwide-rcna156416,nbc,politics,Senate Republicans block Democratic bill to protect IVF nationwide
https://www.foxnews.com/lifestyle/this-day-history-august-15-entertainer-will-rogers-aviator-wiley-post-killed,fox,lifestyle,"On this day in history, August 15, 1935, entertainer Will Rogers, aviator Wiley Post killed in plane crash"
https://www.nbcnews.com/news/world/israeli-troops-raid-lions-den-nablus-palestinians-killed-rcna53841,nbc,news,5 Palestinians killed as Israeli troops raid 'Lions' Den' hideout
https://www.foxnews.com/us/trump-claims-any-jew-votes-democrat-hates-religion-schumer-speech-senate-floor,fox,us,Trump claims any Jew who votes Democrat 'hates their religion' after Schumer speech on Senate floor
https://www.nbcnews.com/politics/justice-department/jan-6-rioter-charged-police-carrying-gun-sentenced-7-years-rcna94940,nbc,politics,Jan. 6 rioter who charged police while carrying a gun sentenced to 7 years
https://www.foxnews.com/entertainment/harry-styles-full-x-factor-uk-audition-video-reveals-details-about-singers-first-performance,fox,entertainment,Harry Styles' full 'X Factor UK' audition video reveals details about the singer's first performance
https://www.foxnews.com/entertainment/ozzy-osbournes-fourth-spinal-surgery-final-regardless-outcome-cant-anymore,fox,entertainment,Ozzy Osbourne's fourth spinal surgery will be his 'final' one 'regardless' of outcome: 'I can't do it anymore'
https://www.nbcnews.com/select/shopping/best-grill-grilling-accessories-ncna1236602,nbc,select,"15 best grilling accessories, according to food experts"
https://www.foxnews.com/us/nra-praises-court-order-striking-down-draconian-blue-states-handgun-law,fox,us,NRA praises court order striking down 'draconian' blue state's handgun law
https://www.nbcnews.com/news/world/israel-announces-measures-strengthen-settlements-attacks-rcna68046,nbc,news,Israel vows tough measures to 'strengthen' settlements following deadly attacks
https://www.nbcnews.com/politics/supreme-court/trump-lawyer-backs-absolute-immunity-argument-supreme-court-rcna149406,nbc,politics,"At Supreme Court, Trump lawyer backs away from absolute immunity argument"
https://www.nbcnews.com/politics/2024-election/young-voters-take-new-look-harris-are-waiting-instead-committing-rcna166647,nbc,politics,"Young voters take a new look at Harris, but some are waiting instead of committing"
https://www.nbcnews.com/politics/politics-news/left-faces-reckoning-israel-divides-democrats-rcna120076,nbc,politics,The left faces a reckoning as Israel divides Democrats
https://www.nbcnews.com/nbc-out/out-politics-and-policy/trump-false-claims-schools-transgender-surgeries-rcna170217,nbc,nbc-out,Trump repeats false claims that children are undergoing transgender surgery during the school day
https://www.nbcnews.com/select/shopping/hungryroot-meal-delivery-service-ncna1296414,nbc,select,We tested more than a dozen meal delivery services these are the ones we recommend
https://www.foxnews.com/opinion/dick-hoyt-death-boston-marathon-runner-father-son-paul-batura,fox,opinion,Paul Batura: Dick Hoyt's death famed Boston Marathon runner and father lovingly pushed his son to greatness
https://www.foxnews.com/entertainment/eric-clapton-covid-vaccine-positive-postpones-cancels-concerts.print,fox,entertainment,"Eric Clapton positive for COVID 19, postpones concerts"
https://www.foxnews.com/media/biden-democrats-falsely-frame-green-movement-economic-charles-payne,fox,media,"Biden, Democrats falsely frame Green movement as 'economic': Charles Payne"
https://www.foxnews.com/politics/video-resurfaces-harris-chanting-down-deportation-2018-parade-disgraced-actor,fox,politics,Video resurfaces of Harris chanting 'down with deportation' at 2018 parade with disgraced actor
https://www.foxnews.com/politics/republicans-tout-bipartisan-actions-striking-down-biden-climate-regulations,fox,politics,Senate Republicans tout bipartisan actions striking down Biden climate regulations
https://www.foxnews.com/politics/trump-musk-interview-5-biggest-takeaways-from-2024-presidential-election-us-border-crisis,fox,politics,Trump Musk interview: 5 biggest takeaways from the 2024 presidential election to the US border crisis
https://www.nbcnews.com/politics/2024-election/live-blog/trump-harris-election-live-updates-rcna175179/rcrd60340?canonicalCard=true,nbc,politics,Trump says he asked Sen. Katie Britt of Alabama to explain IVF to him
https://www.foxnews.com/media/bernie-sanders-says-harris-abandoning-far-left-policies-in-order-win-election,fox,media,Bernie Sanders says Harris dropping far left policies 'in order to win the election'
https://www.nbcnews.com/news/world/hamas-hostage-killings-netanyahu-complicating-cease-fire-deal-rcna169676,nbc,news,"Netanyahu says cease fire deal 'not close,' rejecting U.S. optimism"
https://www.nbcnews.com/politics/2024-election/harris-calls-trumps-tariff-proposals-sales-tax-american-people-rcna172627,nbc,politics,Harris calls Trump's tariff proposals a 'sales tax on the American people'
https://www.foxnews.com/politics/fox-news-power-rankings-voters-appetite-ticket-splitting-decide-senate,fox,politics,Power Rankings: Voters' appetite for ticket splitting will decide the Senate
https://www.foxnews.com/politics/kirby-slams-hamas-chief-sinwar-the-major-obstacle-reaching-cease-fire-hostage-release-deal-israel.print,fox,politics,"Kirby slams Hamas chief Sinwar as 'the major obstacle' to cease fire, hostage release deal with Israel"
https://www.foxnews.com/lifestyle/best-foods-eat-radiant-ageless-skin-what-avoid-according-nutritionists,fox,lifestyle,"Best foods to eat for radiant, ageless skin and what to avoid, according to nutritionists"
https://www.nbcnews.com/health/health-news/fentanyl-stimulants-drives-fourth-wave-overdose-epidemic-us-rcna104953,nbc,health,Fentanyl plus stimulants drives 'fourth wave' of overdose epidemic in the U.S.
https://www.foxnews.com/lifestyle/surfing-stunner-woman-wakesurfs-lake-heels-coffee-reads-board.print,fox,lifestyle,"Surfing stunner: Woman wakesurfs on lake in high heels, sips coffee, reads while 'on board'"
https://www.nbcnews.com/politics/donald-trump/trump-pushes-false-claims-about-mail-vote-fraud-here-are-n1180566,nbc,politics,Trump pushes false claims about mail in vote fraud. Here are the facts.
https://www.nbcnews.com/politics/donald-trump/trump-reports-little-truth-social-income-financial-disclosure-rcna79843,nbc,politics,Trump reports little income from Truth Social in financial disclosure
https://www.nbcnews.com/select/shopping/best-night-creams-rcna135562,nbc,select,These night creams work while you sleep to combat dry winter skin and boost glow overnight
https://www.nbcnews.com/select/shopping/solar-pool-covers-top-rated-ncna1280026,nbc,select,Best solar pool covers to insulate and save you money
https://www.nbcnews.com/politics/justice-department/man-sentenced-6-years-jan-6-assault-brian-sicknick-rcna67892,nbc,politics,Man sentenced to over 6 years in Jan. 6 assault on Brian Sicknick
https://www.nbcnews.com/politics/justice-department/prosecutors-tells-jurors-ecstatic-jan-6-defendant-bragged-carrying-gun-rcna18967,nbc,politics,Prosecutor tells jurors 'ecstatic' Jan. 6 defendant bragged about carrying gun
https://www.foxnews.com/world/iran-preparing-imminent-missile-attack-israel-us-says,fox,world,Iran fires multiple missile strikes across Israel
https://www.foxnews.com/media/cnn-chris-licht-replaces-jeff-zucker-president,fox,media,"CNN taps new president, current executive producer of 'The Late Show' to replace Jeff Zucker"
https://www.nbcnews.com/news/world/india-election-modi-bjp-lost-majority-election-surprise-rcna155557,nbc,news,How Modi lost his magic and his majority in India election surprise
https://www.nbcnews.com/politics/congress/democrats-force-vote-protections-ivf-election-year-messaging-heats-rcna156413,nbc,politics,Democrats to force vote for protections for IVF as election year messaging heats up
https://www.foxnews.com/politics/pittsburgh-diners-fume-after-restaurant-cleared-staged-harris-campaign-stop-mindboggling.print,fox,politics,Pittsburgh diners fume over 'staged' Harris campaign stop as popular restaurant cleared: 'Mind boggling'
https://www.nbcnews.com/politics/2024-election/live-blog/trump-harris-presidential-election-live-updates-rcna175178/rcrd60272?canonicalCard=true,nbc,politics,Trump pushes back on questions about his age
https://www.nbcnews.com/meet-the-press/data-download/super-bowl-nfl-defy-partisan-trends-us-rcna70272,nbc,meet-the-press,"Super Bowl, NFL defy partisan trends in U.S."
https://www.foxnews.com/us/feasting-like-royalty-chicago-dnc-held-fortified-castle-walled-off-from-reality-former-chief,fox,us,"'Feasting' like royalty, Chicago DNC held in fortified castle walled off from reality: former chief"
https://www.nbcnews.com/politics/justice-department/oath-keepers-founder-sentenced-18-years-jan-6-seditious-conspiracy-cas-rcna85852,nbc,politics,Oath Keepers founder sentenced to 18 years in Jan. 6 seditious conspiracy case
https://www.nbcnews.com/politics/national-security/us-spy-agencies-are-ready-warn-voters-foreign-election-interference-rcna156895,nbc,politics,U.S. officials say intel agencies are ready to warn the public over foreign election interference
https://www.foxnews.com/live-news/rnc-republican-national-convention-2024-july-18-2024,fox,live-news,"Former President Donald Trump recounts assassination attempt, accepts GOP nomination"
https://www.nbcnews.com/politics/politics-news/arrested-fatal-stabbing-utah-man-told-police-brought-gun-capitol-riot-rcna16351,nbc,politics,"Arrested after a fatal stabbing, a Utah man told police he brought a gun to Capitol riot"
https://www.foxnews.com/media/harris-campaign-distances-itself-from-60-minutes-edit-we-do-not-control-cbss-production-decisions.print,fox,media,Harris campaign distances itself from '60 Minutes' edit: 'We do not control CBS's production decisions'
https://www.foxnews.com/media/biden-should-step-aside-resign-undecided-voters-tells-abc,fox,media,"Biden should step aside and resign, undecided voters tells ABC"
https://www.nbcnews.com/news/world/will-happen-gaza-war-ends-rcna127060,nbc,news,Who will govern or rebuild Gaza after the war?
https://www.foxnews.com/health/tony-bennett-battle-alzheimers-what-know-dementia-death,fox,health,Tony Bennett's battle with Alzheimer's: What to know about dementia and death
https://www.nbcnews.com/news/us-news/suspect-wadea-al-fayoume-death-was-obsessed-israel-hamas-war-prosecuto-rcna120589,nbc,news,"Suspect in death of 6 year old Palestinian boy was obsessed with Israel Hamas war, prosecutors say"
https://www.foxnews.com/lifestyle/this-day-history-sept-16-mayflower-departs-plymouth-england,fox,lifestyle,"On this day in history, Sept. 16, 1620, Mayflower departs Plymouth, England"
https://www.foxnews.com/sports/riley-gaines-ncaa-lawsuit-time-we-fight-back,fox,sports,Riley Gaines on NCAA lawsuit: 'It is time that we fight back'
https://www.nbcnews.com/news/latino/kamala-harris-latino-voters-whatsapp-channel-rcna167176,nbc,news,Harris campaign launches WhatsApp channel aimed at bilingual Latino voters
https://www.foxnews.com/us/los-angeles-county-da-releases-menendez-brothers-letter-cited-new-evidence-sparked-review-case,fox,us,Los Angeles County DA releases Menendez brothers letter cited as 'new evidence' that sparked review of case
https://www.foxnews.com/politics/how-us-government-dole-out-aid-victims-hurricanes-milton-helene,fox,politics,"How US government will dole out aid to victims of Hurricanes Milton, Helene"
https://www.foxnews.com/politics/father-american-israeli-hostage-pleads-deal-with-satan-before-biden-harris-enter-situation-room,fox,politics,"Father of Israeli American hostage pleads for deal 'with Satan' before Biden, Harris enter Situation Room"
https://www.foxnews.com/politics/secret-service-protocol-changed-amid-presidential-assassination-attempts-through-years,fox,politics,How Secret Service protocol has changed amid presidential assassination attempts through the years
https://www.foxnews.com/lifestyle/blind-michigan-judge-drives-race-car-inspires-follow-dreams,fox,lifestyle,"Blind Michigan judge drives race car and inspires others to follow their dreams, too"
https://www.nbcnews.com/politics/2024-election/no-trial-date-trump-classified-documents-case-judge-aileen-cannon-rcna157671,nbc,politics,There is no trial date in sight for the Trump classified documents case
https://www.nbcnews.com/politics/donald-trump/trumps-inconsistent-messaging-clashes-rncs-attempted-embrace-early-vot-rcna165972,nbc,politics,Trump's inconsistent messaging clashes with the RNC's attempted embrace of early voting
https://www.nbcnews.com/news/latino/cuban-president-miguel-diaz-canel-blasts-interventionist-us-protests-s-rcna144122,nbc,news,Cuba's president blasts 'interventionist' U.S. amid protests over shortages
https://www.foxnews.com/politics/ms-13-gang-member-suspected-murder-allowed-attend-maryland-high-school,fox,politics,MS 13 gang member suspected of murder allowed to attend Maryland high school
https://www.foxnews.com/media/kamala-harris-supporters-struggle-list-policy-accomplishments-during-her-time-politics,fox,media,Kamala Harris supporters unsure when asked about VP's policy accomplishments
https://www.nbcnews.com/select/shopping/last-minute-fathers-day-gifts-ncna1296209,nbc,select,15 last minute Father's Day gifts
https://www.foxnews.com/politics/political-realignment-pennsylvania-despite-recent-dem-wins-gop-gaining-momentum-analysts-say.print,fox,politics,"A political realignment in PA: Despite recent Dem wins, the GOP is gaining momentum, analysts say"
https://www.foxnews.com/entertainment/harrison-ford-mocks-conan-obrien-star-wars-dis-cant-f-ing-remember,fox,entertainment,Harrison Ford mocks Conan O'Brien after 'Star Wars' dis: 'You can't f ing remember'
https://www.foxnews.com/politics/latino-voters-may-make-break-presidential-election-swing-states,fox,politics,Latino voters may make or break the presidential election in swing states like Nevada
https://www.nbcnews.com/select/shopping/best-programmable-coffee-makers-ncna1289263,nbc,select,Wake up to fresh coffee waiting for you the minute you roll out of bed with one of these coffee makers
https://www.foxnews.com/politics/fraud-gov-desantis-calls-lia-thomas-biological-men-competing-womens-sports,fox,politics,"'That is a fraud': Gov. DeSantis calls out Lia Thomas, biological men competing in women's sports"
https://www.foxnews.com/travel/us-spots-where-you-can-mine-diamonds-gemstones.print,fox,travel,US spots where you can mine for diamonds and gemstones
https://www.foxnews.com/world/russia-transfers-heavy-military-equipment-crimea-fighting-intensifies-donetsk,fox,world,Russia transfers heavy military equipment to Crimea as fighting intensifies in Donetsk
https://www.foxnews.com/media/columbia-university-bars-pro-israel-professor-from-campus-threatening-behavior,fox,media,Columbia University bars pro Israel professor from campus for 'threatening behavior'
https://www.foxnews.com/us/jewish-man-dies-apparent-assault-pro-palestinian-california-rally,fox,us,Elderly Jewish man dies after confrontation with pro Palestinian protester at California rally
https://www.nbcnews.com/news/us-news/michael-avenatti-sentenced-4-years-stealing-stormy-daniels-rcna31611,nbc,news,Michael Avenatti sentenced to 4 years in prison for stealing from Stormy Daniels
https://www.nbcnews.com/news/us-news/mark-cuban-leaving-shark-tank-abc-rcna126969,nbc,news,Mark Cuban says he plans to leave ABC's 'Shark Tank' after season 16
https://www.nbcnews.com/feature/nbc-out/laramie-project-stages-special-reading-matthew-shepard-murder-annivers-rcna119957,nbc,feature,'The Laramie Project' stages a special reading on the 25th anniversary of Shepard murder
https://www.foxnews.com/food-drink/great-weeknight-dinner-classic-meatballs-garlic-bread-chef-favorite.print,fox,food-drink,'Great weeknight dinner' of classic meatballs with garlic bread a celebrity chef's favorite
https://www.nbcnews.com/news/world/palestinian-children-battle-deadly-foe-gaza-starvation-rcna157168,nbc,news,Palestinian children battle a deadly foe in Gaza starvation
https://www.nbcnews.com/news/world/press-freedom-chilled-kashmir-reporting-criminalized-rcna35132,nbc,news,Press freedom chilled in Kashmir as reporting is 'criminalized'
https://www.foxnews.com/health/most-us-adults-worry-future-medicare-social-security-gallup-poll-magnitude-concern,fox,health,"Most US adults worry about future of Medicare, Social Security, Gallup poll finds: 'Magnitude of concern'"
https://www.nbcnews.com/news/asia/beijing-106-degrees-hottest-june-day-rcna90749,nbc,news,"Beijing sizzles at 106 degrees, hottest June day recorded in China's capital"
https://www.nbcnews.com/politics/2024-election/trump-spends-day-court-hosting-nft-customers-florida-rcna151240,nbc,politics,Trump spends day off from court hosting NFT customers at Mar a Lago
https://www.foxnews.com/politics/gop-call-schumer-dems-take-up-border-bills-tout-immigration-vigilance.print,fox,politics,"GOP sens call on Schumer, Dems to take up border bills as they tout immigration vigilance"
https://www.nbcnews.com/news/latino/democrats-ramp-efforts-turn-puerto-rican-voters-pennsylvania-rcna172216,nbc,news,Democrats ramp up efforts to turn out Puerto Rican voters in Pennsylvania
https://www.foxnews.com/politics/harris-open-packing-supreme-court-during-2019-presidential-bid.print,fox,politics,Harris was 'open' to packing Supreme Court during 2019 presidential bid
https://www.nbcnews.com/politics/donald-trump/trump-gets-hit-sides-testing-softer-abortion-message-order-win-rcna105802,nbc,politics,Trump gets hit from all sides for testing a softer abortion message 'in order to win'
https://www.foxnews.com/lifestyle/patriot-remembered-military-mom-memorializes-son-died-national-guard-helicopter-crash-book,fox,lifestyle,Patriot remembered: Military mom memorializes son who died in National Guard helicopter crash with new book
https://www.foxnews.com/us/veterans-day-vietnam-vet-message,fox,us,"On Veterans Day, this Vietnam vet wants others to know: 'You are not alone'"
https://www.foxnews.com/entertainment/sydney-sweeney-wants-push-boundaries-acting-doesnt-like-rehearse.print,fox,entertainment,"Sydney Sweeney wants to 'push the boundaries' in acting, doesn't like to rehearse"
https://www.foxnews.com/opinion/kamala-harris-wants-price-controls-heres-where-she-should-start,fox,opinion,"If Kamala Harris wants price controls, here's where she should start"
https://www.foxnews.com/sports/former-lpga-tour-golfer-amy-olson-calls-trans-players-q-school-participation-unfair,fox,sports,Former LPGA Tour golfer Amy Olson calls trans player's Q School participation 'unfair'
https://www.nbcnews.com/select/shopping/bestselling-tech-products-2022-ncna1302175,nbc,select,Tech bestsellers: The most purchased products we covered in 2022
https://www.foxnews.com/politics/biden-harris-border-crisis-victims-illegal-immigrant-crime-testify-house-hearing.print,fox,politics,Biden Harris border crisis: Mother of Jocelyn Nungaray gives emotional testimony during migrant crime hearing
https://www.foxnews.com/politics/power-rankings-trump-maintains-lead-two-top-issues-ahead-vp-debate,fox,politics,Power Rankings: Trump maintains lead on 2 top issues ahead of VP debate
https://www.nbcnews.com/news/world/hostage-deal-reached-hamas-release-50-israelis-rcna126146,nbc,news,Israel and Hamas reach deal to release 50 hostages and pause fighting for 4 days in Gaza
https://www.foxnews.com/lifestyle/five-ways-ronald-reagan-can-save-america-freedom-generation-extinction,fox,lifestyle,Five ways Ronald Reagan can save America: 'Freedom never more than one generation from extinction'
https://www.nbcnews.com/news/irans-axis-resistance-collapsing-israeli-attacks-rcna173169,nbc,news,Is Iran's 'axis of resistance' collapsing under Israeli attacks?
https://www.foxnews.com/politics/supreme-court-denies-biden-administration-appeal-over-federal-emergency-abortion-requirement-texas,fox,politics,Supreme Court denies Biden administration appeal over federal emergency abortion requirement in Texas
https://www.nbcnews.com/news/world/hostages-released-hamas-israel-ceasefire-deal-thai-captives-egypt-rcna126380,nbc,news,24 hostages are released as Israel Hamas deal pauses Gaza fighting
https://www.nbcnews.com/politics/rnc-votes-censure-cheney-kinzinger-investigating-capitol-riot-rcna14943,nbc,politics,"RNC votes to censure Cheney, Kinzinger for investigating Capitol riot"
https://www.foxnews.com/entertainment/taylor-swift-steals-nyc-spotlight-dinner-blake-lively-sophie-turner-brittany-mahomes,fox,entertainment,"Taylor Swift steals NYC spotlight during dinner with Blake Lively, Sophie Turner and Brittany Mahomes"
https://www.nbcnews.com/politics/2024-election/trump-signals-support-15-week-abortion-ban-rcna144213,nbc,politics,Trump signals support for a national 15 week abortion ban
https://www.foxnews.com/media/left-died-emergence-kamala-harris-democrats-cnns-van-jones.print,fox,media,"Left 'just died' with the emergence of 'Kamala Harris Democrats,' says CNN's Van Jones"
https://www.foxnews.com/world/us-navy-looks-robots-ai-extend-vessel-health-maintenance,fox,world,"US Navy looks to robots, AI to extend vessel health and maintenance"
https://www.nbcnews.com/politics/nevada-abortion-rights-groups-signatures-ballot-measure-rcna146116,nbc,politics,Nevada abortion rights groups submit signatures to advance ballot measure
https://www.nbcnews.com/news/world/american-hostages-hamas-gaza-kidnapped-rcna170170,nbc,news,Who are the American hostages still held by Hamas?
https://www.nbcnews.com/politics/donald-trump/trump-hush-money-trial-guide-what-expect-rcna145943,nbc,politics,Trump's hush money trial begins Monday. Here's what to expect.
https://www.nbcnews.com/select/shopping/what-to-shop-4th-of-july-rcna158877,nbc,select,Amazon Prime Day v.s. 4th of July: What are the best deals to shop?
https://www.foxnews.com/lifestyle/christmas-trees-part-allure-vermont-family-nyc-december,fox,lifestyle,Christmas trees are just one part of the allure that a Vermont family brings to NYC each December
https://www.foxnews.com/media/cnn-producer-minors-sex-details,fox,media,Charges against CNN producer accused of inducing minors for sex reveal lewd details
https://www.nbcnews.com/politics/2024-election/live-blog/dnc-2024-live-updates-rcna165226/rcrd52581?canonicalCard=true,nbc,politics,"Harris makes surprise early appearance, thanks Biden for his service"
https://www.nbcnews.com/news/world/netanyahu-comeback-israel-election-far-right-jewish-power-rcna54788,nbc,news,"Netanyahu may be on course for a dramatic comeback, Israeli exit polls suggest"
https://www.foxnews.com/entertainment/rumer-willis-pregnant-expecting-baby-with-boyfriend-derek-richard-thomas,fox,entertainment,"Rumer Willis is pregnant, expecting baby with boyfriend Derek Richard Thomas"
https://www.foxnews.com/lifestyle/mom-praises-viral-parenting-tactic-allows-kids-play-themselves-whole-new-world,fox,lifestyle,Mom praises viral parenting tactic as she allows her kids to play by themselves: 'Whole new world'
https://www.foxnews.com/politics/biden-has-been-secretly-meeting-with-donors-ease-concerns-including-his-age-energy,fox,politics,"Biden has been secretly meeting with donors to ease concerns, including his age and energy: report"
https://www.foxnews.com/media/cbs-60-minutes-airs-two-different-answers-from-vp-harris-same-question.print,fox,media,CBS '60 Minutes' airs two different answers from VP Harris to the same question
https://www.nbcnews.com/news/world/turkey-opposition-wins-erdogan-local-elections-rcna145804,nbc,news,Turkey's resurgent opposition thumps Erdogan in pivotal local elections
https://www.nbcnews.com/health/health-news/patients-scramble-treatments-hospitals-conserve-iv-fluids-storms-rcna174958,nbc,health,Patients scramble for treatments as hospitals conserve IV fluids after storms
https://www.foxnews.com/lifestyle/americas-veterans-heroes-get-support-bold-mt-kilimanjaro-climb-charity.print,fox,lifestyle,America's veterans and heroes get support through bold Mt. Kilimanjaro climb for charity
https://www.foxnews.com/travel/reservations-election-week-getaway-sells-out-seconds-unplugged-travel-spot-offers-steal-deal,fox,travel,Reservations for election week getaway sell out in seconds as 'unplugged' travel spot offers steal of a deal
https://www.foxnews.com/politics/kamala-harris-rabbit-ears-criticism-source-frustration-biden-white-house-book,fox,politics,"Kamala Harris has 'rabbit ears' for any 'hint of criticism,' frustrating Biden White House: book"
https://www.nbcnews.com/politics/justice-department/fbi-arrests-jan-6-rioter-confessed-front-courthouse-rcna100455,nbc,politics,FBI arrests Jan. 6 rioter who confessed to assaulting an officer in front of courthouse
https://www.foxnews.com/politics/harris-supporters-sound-off-her-border-blueprint-her-policies-make-difference,fox,politics,Harris supporters sound off on her border blueprint: 'Her policies will make a difference'
https://www.foxnews.com/health/older-adult-women-caregivers-have-lower-death-rates-non-caregivers-study-finds-sense-purpose,fox,health,"Older adult women caregivers have lower death rates than non caregivers, study finds: 'A sense of purpose'"
https://www.foxnews.com/politics/trump-headline-sold-out-al-smith-charity-dinner-harris-sends-pre-recorded-video-message.print,fox,politics,"Trump takes jabs at Harris during keynote at Al Smith dinner, vows to correct 'serious problems' in US"
https://www.foxnews.com/media/rep-swalwell-labels-trump-vance-ticket-weird-creepy-line-echoed-media-24-karat-creep,fox,media,Rep. Swalwell labels Trump Vance ticket 'weird' and 'creepy' in line echoed by media: '24 karat creep'
https://www.nbcnews.com/select/shopping/walmart-early-deals-cyber-monday-2022-ncna1301063,nbc,select,45+ best deals from Walmart's Black Friday sale to shop right now
https://www.foxnews.com/politics/trump-keeps-massive-lead-haley-ties-desantis-second-new-2024-gop-presidential-primary-poll,fox,politics,"Trump keeps massive lead, Haley ties DeSantis for second in new 2024 GOP presidential primary poll"
https://www.nbcnews.com/politics/2024-election/harris-spars-fox-news-host-says-not-continuation-biden-rcna175742,nbc,politics,Harris spars with host and says she wouldn't be a 'continuation' of Biden
https://www.nbcnews.com/select/shopping/silk-pillowcases-sheets-bedding-ncna1235428,nbc,select,What dermatologists recommend when it comes to bedding and sheets
https://www.nbcnews.com/politics/congress/house-leaves-town-september-little-show-voters-rcna163638,nbc,politics,House leaves town until September with little to show voters
https://www.nbcnews.com/tech/social-media/facebooks-oversight-board-consider-river-sea-hate-speech-rcna151076,nbc,tech,Facebook's Oversight Board to consider whether 'from the river to the sea' is hate speech
https://www.foxnews.com/food-drink/coffee-vs-matcha-does-morning-drink-choice-say,fox,food-drink,Coffee vs. matcha tea: What does your morning drink choice say about you?
https://www.nbcnews.com/news/investigations/palestinians-fear-leave-northern-gaza-may-never-able-return-rcna120950,nbc,news,Why Palestinians fear that if they leave northern Gaza they may never be able to return
https://www.foxnews.com/media/don-lemon-dropped-by-x-claims-elon-musk-retaliated-over-their-interview,fox,media,"Don Lemon dropped by X, claims Elon Musk retaliated over their interview: He's 'mad at me'"
https://www.nbcnews.com/politics/2024-election/live-blog/harris-trump-presidential-election-live-updates-rcna172152/rcrd56258?canonicalCard=true,nbc,politics,Trump urges supporters to vote early while calling process 'stupid'
https://www.foxnews.com/politics/biden-admin-takes-aim-hunters-latest-regulation-preventing-americans-from-hunting,fox,politics,Biden admin takes aim at hunters in latest regulation: 'Preventing Americans from hunting'
https://www.foxnews.com/media/fox-nation-patriot-awards-moves-new-york-tickets-now-sale.print,fox,media,Nation Patriot Awards moves to New York with tickets now on sale
https://www.foxnews.com/politics/gop-senate-hopeful-rips-dem-opponent-not-holding-biden-harris-accountable-key-issue,fox,politics,'Has done nothing': GOP Senate hopeful rips Dem opponent for not holding Biden Harris accountable on key issue
https://www.foxnews.com/politics/lorie-smith-web-designer-free-speech,fox,politics,Web designer who refuses to create sites for same sex weddings says Colorado law violates free speech rights
https://www.foxnews.com/politics/democratic-candidate-vicente-gonzalez-claims-mayra-flores-supporters-stole-texas-special-election,fox,politics,"Democratic candidate Vicente Gonzalez claims Mayra Flores, supporters 'stole' Texas special election"
https://www.nbcnews.com/news/us-news/atlanta-shooting-victim-s-husband-says-police-detained-him-hours-n1261741,nbc,news,Atlanta shooting victim's husband says police detained him for hours
https://www.nbcnews.com/news/world/israel-hamas-war-friendly-fire-incidents-gaza-soldiers-killed-rcna135089,nbc,news,Deaths of Israeli soldiers in explosion highlight friendly fire accidents in Gaza
https://www.nbcnews.com/politics/2022-election/republicans-win-control-house-nbc-news-projects-overtaking-democrats-s-rcna57223,nbc,politics,"Republicans win control of the House, projects, overtaking Democrats by a slim margin"
https://www.foxnews.com/sports/dak-prescott-gets-engaged-help-from-7-month-old-daughter-daddy-has-question-you.print,fox,sports,Dak Prescott gets engaged with help from seven month old daughter: 'Daddy has a question for you'
https://www.foxnews.com/us/father-georgia-high-school-shooting-suspect-told-investigators-son-had-problems-former-school,fox,us,Father of Georgia high school shooting suspect told investigators son had 'problems' at former school
https://www.nbcnews.com/tech/social-media/x-brazil-ban-elon-musk-rcna169072,nbc,tech,Brazil's top court orders nationwide suspension of Elon Musk's X
https://www.foxnews.com/lifestyle/jack-carrs-take-1983-beirut-marine-barracks-terror-40-years-salvo-war,fox,lifestyle,Jack Carr's take on the 1983 Beirut Marine barracks terror attack 40 years ago: 'Opening salvo in a new war'
https://www.foxnews.com/politics/accusations-improper-tax-breaks-crucial-senate-race-rules-dont-apply,fox,politics,Accusations of improper tax breaks fly in crucial Senate race: 'Rules don't apply'
https://www.nbcnews.com/politics/2024-election/florida-supreme-court-arguments-abortion-ballot-measure-rcna137554,nbc,politics,Florida Supreme Court hears arguments over an abortion rights ballot measure
https://www.foxnews.com/media/kamala-harris-latest-word-salad-honors-women-made-history-throughout-history-womens-history-month,fox,media,Kamala Harris' latest word salad honors 'women who made history throughout history' for Women's History Month
https://www.nbcnews.com/politics/donald-trump/jan-6-committee-issues-subpoenas-trump-s-alternate-electors-n1288180,nbc,politics,"Jan. 6 committee issues subpoenas to Trump's 'alternate electors,' former spokesman"
https://www.foxnews.com/media/former-israeli-soldier-suggests-hostage-rescue-operations-behind-delay-ground-invasion-gaza,fox,media,Former Israeli soldier suggests hostage rescue operations behind delay in ground invasion of Gaza
https://www.nbcnews.com/politics/2024-election/facing-criticism-walled-harris-slowly-opens-door-media-interviews-rcna170152,nbc,politics,"Facing criticism for being too walled off, Harris slowly opens the door to more media interviews"
https://www.foxnews.com/politics/arizonas-kari-lake-tears-kamala-harris-border-only-walz-she-supports-her-vp-pick,fox,politics,Arizona's Kari Lake tears into Kamala Harris on the border: 'The only Walz she supports is her VP pick'
https://www.nbcnews.com/politics/2024-election/mark-cuban-says-no-plans-run-white-house-2024-rcna127199,nbc,politics,Mark Cuban says he has 'no plans to run' for the White House in 2024
https://www.nbcnews.com/tech/instagram-meta-teens-private-accounts-increased-restrictions-rcna171294,nbc,tech,Instagram to automatically put teens into private accounts with increased restrictions and parental controls
https://www.foxnews.com/politics/trans-inmate-who-killed-baby-identifies-muslim-woman-sues-chaplain-allegedly-not-allowing-hijab,fox,politics,Trans inmate who killed baby and identifies as Muslim woman sues chaplain for allegedly not allowing hijab
https://www.nbcnews.com/politics/donald-trump/project-2025-winding-policy-work-months-criticism-trump-rcna164357,nbc,politics,Project 2025 winding down policy work following criticism from Trump
https://www.foxnews.com/politics/biden-defiantly-charges-ahead-election-run-despite-speculation-he-would-drop-weekend,fox,politics,Biden defiantly charges ahead with election run despite speculation he would drop out this weekend
https://www.nbcnews.com/news/world/south-korea-warning-shots-north-korean-soldiers-cross-border-rcna156491,nbc,news,South Korean troops fire warning shots after North Korean soldiers cross border
https://www.foxnews.com/media/james-madison-perspective-slavery-nuanced-turley,fox,media,James Madison's perspective on slavery is a far more 'nuanced' historical subject than many understand: Turley
https://www.foxnews.com/entertainment/taylor-swift-new-music-scared-seemingly-possessed-piano-during-eras-tour,fox,entertainment,Taylor Swift announces new music after being scared by seemingly possessed piano during Eras Tour
https://www.foxnews.com/world/kim-jong-un-brings-daughter-tour-north-korea-first-public-appearance-weeks,fox,world,Kim Jong Un brings daughter on tour of North Korea in his first public appearance in weeks
https://www.foxnews.com/media/charles-barkleys-cnn-show-continues-struggling-comments-targeting-black-trump-voters-ignite-backlash,fox,media,Charles Barkley's CNN show continues struggling as comments targeting Black Trump voters ignite backlash
https://www.foxnews.com/media/rogan-says-dems-terrified-criticizing-biden-empower-trump-so-theyre-just-lying-everyone,fox,media,Rogan says Dems are terrified criticizing Biden will 'empower' Trump so they're 'just lying to everyone'
https://www.nbcnews.com/select/shopping/affordable-portable-air-conditioners-ncna1266638,nbc,select,Cool your space for less with these portable ACs under $400.
https://www.nbcnews.com/select/shopping/best-portable-air-conditioner-ncna1297644,nbc,select,These are the best AC options if you can't install a window unit (bonus: you can wheel them into any room you want)
https://www.foxnews.com/us/secret-service-director-kimberly-cheatle-reacts-independent-review-trump-assassination-plot,fox,us,Secret Service Director Kimberly Cheatle reacts to independent review of Trump assassination plot
https://www.nbcnews.com/news/world/israel-gaza-hamas-hospital-bombing-rcna175237,nbc,news,Israeli strike on Gaza hospital ignites devastating fire
https://www.foxnews.com/entertainment/jelly-roll-embraces-role-country-music-revolution-overcoming-addiction-prison-time,fox,entertainment,Jelly Roll embraces role in country music revolution after overcoming addiction and prison time
https://www.foxnews.com/politics/desantis-touts-florida-lawsuit-seeking-block-biden-title-ix-changes,fox,politics,DeSantis touts Florida lawsuit seeking to block Biden's Title IX changes
https://www.nbcnews.com/politics/donald-trump/trump-guilty-biden-november-election-rcna154786,nbc,politics,"Guilty but unashamed, Trump says he will see Biden in November"
https://www.foxnews.com/media/abcs-linsey-davis-raises-eyebrows-abortion-fact-check-against-trump.print,fox,media,ABC's Linsey Davis raises eyebrows with abortion fact check against Trump: 'Completely interjects herself'
https://www.foxnews.com/official-polls/fox-news-poll-trump-hedge-biden-potential-2024-rematch,fox,official-polls,Poll: Trump has edge over Biden in potential 2024 rematch
https://www.nbcnews.com/politics/justice-department/ex-police-chief-spread-conspiracies-jan-6-found-guilty-capitol-attack-rcna93407,nbc,politics,Ex police chief who spread conspiracies about Jan. 6 found guilty in Capitol attack
https://www.nbcnews.com/politics/donald-trump/georgia-appeals-court-grants-trumps-request-consider-whether-fani-will-rcna151231,nbc,politics,Ga. appeals court grants Trump's request to consider Fani Willis' disqualification from his criminal case
https://www.nbcnews.com/select/shopping/cuticle-care-oils-cutters-pushers-ncna1279777,nbc,select,Cuticle trimming: yes or no? Here's what nail experts actually recommend
https://www.nbcnews.com/news/world/hamas-gaza-releases-hostages-israel-nurit-yitzhak-yocheved-lifshitz-rcna121680,nbc,news,Hamas releases two more hostages
https://www.nbcnews.com/news/asian-america/1-year-atlanta-area-spa-shootings-asian-american-community-still-heali-rcna20095,nbc,news,"1 year after Atlanta area spa shootings, Asian American community is still healing"
https://www.nbcnews.com/tech/security/financial-sextortion-often-targets-teen-boys-instagram-according-new-d-rcna157790,nbc,tech,"Financial sextortion most often targets teen boys via Instagram, according to new data"
https://www.nbcnews.com/news/world/idf-rescues-four-hostages-gaza-rcna156160,nbc,news,"Israeli military rescues 4 hostages; more than 200 Palestinians killed, Gaza health officials say"
https://www.nbcnews.com/politics/2022-election/democrats-maintain-control-senate-nbc-news-projects-defeating-many-tru-rcna56677,nbc,politics,"Democrats maintain control of Senate, projects, defeating many Trump backed Republicans"
https://foxnews.com/politics/back-trail-top-biden-surrogate-newsom-now-campaigning-harris,fox,politics,Back on the trail: Top Biden surrogate Newsom now campaigning for Harris
https://www.foxnews.com/politics/tim-walz-courts-firefighters-at-intl-association-of-fire-fighters-convention-well-have-your-back,fox,politics,Tim Walz attempts to court firefighters during speech at Boston convention: 'We'll have your back'
https://www.nbcnews.com/select/shopping/best-keyboards-we-tried-rcna98642,nbc,select,Function or vibes? Have both with 's favorite keyboards.
https://www.foxnews.com/lifestyle/gold-star-spouses-support-military-families,fox,lifestyle,"On Gold Star Spouses Day, a time to remember, support military families"
https://www.foxnews.com/health/four-texas-residents-connected-two-kidney-donations-different-cities-timed,fox,health,Four Texas residents forever connected by two kidney donations in different cities: 'Superbly timed'
https://www.foxnews.com/health/ask-doc-why-ears-ringing-should-see-doctor,fox,health,"Ask a doctor: 'Why are my ears ringing, and should I see a physician?'"
https://www.foxnews.com/politics/biden-admin-bucks-climate-activists-holds-enormous-trump-era-oil-gas-lease-sale,fox,politics,"Biden admin bucks climate activists, holds enormous Trump era oil and gas lease sale"
https://www.nbcnews.com/news/nbcblk/maya-rudolph-nabs-sixth-emmy-angela-basset-wins-first-creative-arts-em-rcna170125,nbc,news,Maya Rudolph nabs sixth Emmy and Angela Basset wins her first at Creative Arts Emmys
https://www.foxnews.com/lifestyle/spicy-grilled-shrimp-olive-skewers-dinner-try-recipe,fox,lifestyle,Spicy grilled shrimp and olive skewers for dinner: Try the recipe
https://www.nbcnews.com/select/shopping/october-bestsellers-cerave-oribe-ouai-ncna1300437,nbc,select,"October bestsellers: Loofahs, spoons and more"
https://www.nbcnews.com/select/shopping/kitchen-cooking-gifts-mom-ncna1294776,nbc,select,Upgrade mom's kitchen with new cookware and bakeware this year
https://www.nbcnews.com/tech/tech-news/nft-boom-digital-collectibles-rcna430,nbc,tech,What's an NFT? Behind the boom for digital collectibles
https://www.foxnews.com/lifestyle/on-this-day-history-sept-22-1862-abraham-lincoln-proclaims-slaves-soon-forever-free.print,fox,lifestyle,"On this day in history, September 22, 1862, Abraham Lincoln proclaims slaves will soon be 'forever free'"
https://www.nbcnews.com/tech/senate-online-child-safety-hearing-what-to-know-rcna136239,nbc,tech,"CEOs of TikTok, Meta, Snap and X to testify at Senate online child safety hearing. Here's what to know."
https://www.foxnews.com/us/delphi-murders-cvs-employee-accused-killing-2-girls-own-worst-enemy-expert-says,fox,us,"Delphi murders: Man charged with killing 2 girls is 'his own worst enemy,' expert says"
https://www.nbcnews.com/news/world/kim-jong-un-vladimir-putin-meeting-russia-rcna104775,nbc,news,Kim and Putin meet at Russian spaceport for possible arms talks
https://www.nbcnews.com/select/shopping/best-coffee-makers-brewers-grinders-ncna1172991,nbc,select,The best coffee makers for every kind of coffee drinker
https://www.foxnews.com/entertainment/tom-hanks-movies-watch-self-isolation,fox,entertainment,Best Tom Hanks movies to watch during self isolation
https://www.foxnews.com/lifestyle/what-huggy-wuggy-toy-popping-sale-streets-nyc.print,fox,lifestyle,"What is 'Huggy Wuggy,' the 'sinister' looking toy popping up for sale on streets of NYC?"
https://www.nbcnews.com/select/shopping/best-indoor-garden-kits-ncna1267376,nbc,select,You don't need outdoor space to have fresh produce here's how to grow it right on your countertop
https://www.foxnews.com/us/9-11-survivor-recounts-haunting-escape-from-81st-floor-world-trade-center-tower,fox,us,9/11 survivor recounts haunting escape from 81st floor of World Trade Center tower
https://www.nbcnews.com/news/world/israel-hamas-war-gaza-journalists-deadliest-conflict-rcna172282,nbc,news,"Israel Hamas war in Gaza the deadliest on record for journalists who describe killings, attacks and arrests"
https://www.foxnews.com/politics/republican-aiming-flip-key-senate-seat-dark-blue-state-deadlocked-democrat-poll,fox,politics,New poll reveals Republican Senate candidate deadlocked with Dem in crucial deep blue state
https://www.foxnews.com/travel/amtrak-announces-floridian-train-2-day-route-sparking-reactions-social-media,fox,travel,"Amtrak announces 'Floridian' train with 2 day route, sparking reactions on social media"
https://www.foxnews.com/media/liberal-theory-trying-dismiss-supreme-court-win-christian-graphic-designer-shot-down-legal-experts,fox,media,Liberal theory trying to dismiss Supreme Court win for Christian graphic designer shot down by legal experts
https://www.foxnews.com/entertainment/one-direction-devastated-by-liam-paynes-death-say-will-miss-him-terribly,fox,entertainment,"One Direction members 'devastated by' Liam Payne's death, say they 'will miss him terribly'"
https://www.foxnews.com/us/hurricane-helene-more-than-90-reported-dead-north-carolina-authorities-cant-confirm-how-many-missing.print,fox,us,"Hurricane Helene: More than 100 reported dead in North Carolina, 7 unaccounted for"
https://www.nbcnews.com/politics/politics-news/abortion-civil-rights-groups-aim-put-abortion-floridas-2024-ballot-rcna83081,nbc,politics,Opponents of Florida's abortion ban aim to put reproductive rights on the state's 2024 ballot
https://www.nbcnews.com/politics/2022-election/ohio-democrats-see-abortion-restrictions-opening-dewine-rcna36629,nbc,politics,Ohio Democrats see abortion restrictions as an opening against DeWine
https://www.nbcnews.com/politics/elections/democrats-block-gop-bid-take-control-virginia-state-government-rcna122104,nbc,politics,Virginia Democrats block GOP bid to take full control of state government
https://www.foxnews.com/world/international-criminal-court-20-years-billions-spent-limited-success-us-considers-sanctions,fox,world,"International Criminal Court: 20 years, billions spent, limited success as US considers sanctions"
https://www.foxnews.com/great-outdoors/national-parks-prepare-millions-visitors-summer-some-require-reservations,fox,great-outdoors,National parks prepare for millions to visit this summer; some now require reservations
https://www.nbcnews.com/politics/2024-election/trump-harris-battle-male-voters-masculinity-2024-rcna173031,nbc,politics,The battle over male voters and what masculinity looks like in 2024
https://www.foxnews.com/entertainment/demi-moore-addresses-bruce-willis-dementia-battle.print,fox,entertainment,Demi Moore addresses Bruce Willis' dementia battle: 'He's doing very well'
https://www.foxnews.com/politics/distrust-chaos-georgia-dems-gop-battle-over-new-ballot-rule-early-voting-kicks-off,fox,politics,"'Distrust and chaos': Georgia Dems, GOP battle over new ballot rule as early voting kicks off Tuesday"
https://www.foxnews.com/lifestyle/jack-carr-logan-memorial-day-guard-graves-sacred-vigilance,fox,lifestyle,Jack Carr's take on John A. Logan's Memorial Day order: 'Guard their graves with sacred vigilance'
https://www.foxnews.com/media/usa-today-under-fire-for-allowing-stacey-abrams-to-retroactively-edit-op-ed-to-downplay-boycott-support,fox,media,USA Today under fire for allowing Stacey Abrams to retroactively edit op ed to downplay boycott support
https://www.foxnews.com/world/schumers-anti-netanyahu-speech-strengthens-bibi-israels-war-defeat-hamas,fox,world,Schumer's anti Netanyahu speech strengthens Bibi in Israel's war to defeat Hamas
https://www.foxnews.com/sports/scotus-strikes-down-biden-harris-title-ix-change-some-argued-would-let-men-womens-sports.print,fox,sports,Supreme Court strikes down Biden Harris Title IX change that some argued would allow men in women's sports
https://www.foxnews.com/politics/justice-ketanji-brown-jackson-asks-tough-questions-first-supreme-court-oral-argument,fox,politics,Justice Ketanji Brown Jackson asks tough questions in first Supreme Court oral argument
https://www.nbcnews.com/politics/politics-news/desantis-refuses-take-sides-trump-pence-clash-2024-speculation-grows-rcna15185,nbc,politics,DeSantis refuses to take sides in Trump Pence clash as 2024 speculation grows
https://www.nbcnews.com/politics/donald-trump/project-2025-trump-heritage-foundation-what-know-rcna161338,nbc,politics,"Trump disavows Project 2025, but he has long standing ties to some key architects"
https://www.foxnews.com/sports/nevada-womens-volleyball-captain-slams-trans-athletes-her-sport-team-decides-against-players-refusal.print,fox,sports,Nevada women's volleyball captain slams trans athletes in her sport as team decides against players' refusal
https://www.nbcnews.com/news/world/nobel-laureate-yunus-arrives-bangladesh-lead-interim-government-rcna165731,nbc,news,Nobel laureate Yunus arrives in Bangladesh to lead interim government
https://www.nbcnews.com/news/world/israel-hamas-war-gaza-rafah-invasion-netanyahu-biden-phone-call-rcna144057,nbc,news,"Defying Biden, Netanyahu renews pledge to launch Rafah offensive"
https://www.nbcnews.com/politics/justice-department/fbi-official-was-warned-jan-6-bureau-sympathetic-capitol-rioters-rcna52144,nbc,politics,FBI official was warned after Jan. 6 that some in the bureau were 'sympathetic' to the Capitol rioters
https://www.nbcnews.com/news/latino/living-war-cuba-race-vaccinate-covid-surges-rcna1635,nbc,news,"'Living through a war': In Cuba, a race to vaccinate as Covid surges"
https://www.nbcnews.com/politics/elections/chuck-todd-re-milwaukee-rcna162452,nbc,politics,Chuck Todd: Why we're in Milwaukee
https://www.nbcnews.com/politics/2024-election/ron-desantis-super-pac-taking-financial-pressure-campaign-rcna120160,nbc,politics,How Ron DeSantis' super PAC is taking financial pressure off his campaign
https://www.foxnews.com/health/stiff-person-syndrome-patients-share-like-live-disease,fox,health,Stiff person syndrome patients share what it's like to live with the rare disease
https://www.nbcnews.com/politics/donald-trump/meeting-zelenskyy-trump-says-will-negotiate-ukraine-russia-deal-good-b-rcna172987,nbc,politics,"Meeting with Zelenskyy, Trump says he will negotiate a Ukraine Russia deal 'that's good for both sides'"
https://www.nbcnews.com/select/shopping/best-mattresses-back-pain-rcna157541,nbc,select,"The 7 best mattresses for back pain, according to chiropractors"
https://www.foxnews.com/politics/iran-trying-sabotage-trumps-presidential-campaign-us-intelligence,fox,politics,Iran trying to sabotage Trump's presidential campaign: US intelligence
https://www.nbcnews.com/news/world/putin-heads-north-korea-praises-kims-support-ukraine-war-rcna157469,nbc,news,Putin praises Kim Jong Un's support for Ukraine war as he heads to North Korea
https://www.nbcnews.com/select/shopping/giftable-tech-awards-2023-bestsellers-rcna129150,nbc,select,We tried over 100 giftable tech products these are the most popular ones
https://www.foxnews.com/media/democrats-worry-harris-cautious-media-approach-tight-2024-race-voters-deserve-better,fox,media,Democrats worry about Harris' cautious media approach in tight 2024 race: 'Voters deserve better'
https://www.foxnews.com/media/parents-speak-daughter-assigned-share-bed-trans-student-school-trip-told-hide-it,fox,media,Parents speak out after daughter assigned to share bed with trans student on school trip: 'Told to hide it'
https://www.nbcnews.com/news/world/hamas-leader-yahya-sinwar-israel-investigating-dead-rcna175892,nbc,news,"Sinwar, mastermind of Oct. 7 attacks, was long sought by Israeli forces"
https://www.nbcnews.com/news/investigations/israel-us-miss-hamas-was-planning-rcna119335,nbc,news,How did Israel and the U.S. miss what Hamas was planning?
https://www.foxnews.com/media/cracks-wall-media-praise-harris-multiple-outlets-eviscerate-vp-over-price-control-plan,fox,media,Cracks in the wall of media praise for Harris? Multiple outlets eviscerate VP over price control plan
https://www.nbcnews.com/politics/congress/schumer-good-chance-avoid-government-shutdown-johnson-rcna172148,nbc,politics,Mike Johnson announces vote on bill to avoid government shutdown
https://www.nbcnews.com/politics/2024-election/live-blog/harris-trump-presidential-election-live-updates-rcna172152/rcrd56241?canonicalCard=true,nbc,politics,Trump meets with farmers at roundtable in Pennsylvania
https://www.foxnews.com/lifestyle/meet-american-who-invented-band-aids-cotton-buyer-devoted-husband-earle-dickson,fox,lifestyle,Meet the American who invented Band Aids: cotton buyer and devoted husband Earle Dickson
https://www.nbcnews.com/politics/trump-impeachment-inquiry/trump-rages-bolton-says-former-adviser-would-have-caused-world-n1125351,nbc,politics,"Trump rages at Bolton, says former adviser would have caused 'World War Six'"
https://www.foxnews.com/politics/fox-news-power-rankings-front-runner-contenders-2024-gop-primary-field,fox,politics,Power Rankings: The frontrunner and contenders in the 2024 GOP primary field
https://www.nbcnews.com/news/world/hamas-hostages-netanyahu-israel-captives-gaza-assault-forgotten-rcna140015,nbc,news,"Netanyahu has 'forgotten' Hamas' captives, former hostage says"
https://www.foxnews.com/official-polls/fox-news-poll-harris-tops-trump-two-points,fox,official-polls,Poll: Harris tops Trump by two points
https://www.foxnews.com/politics/sources-close-biden-furious-growing-calls-get-exit-race-report,fox,politics,Sources close to Biden 'furious' about growing calls to get him to exit race: report
https://www.foxnews.com/tech/get-apps-off-your-phone,fox,tech,Get these apps off your phone
https://www.foxnews.com/world/israeli-airstrikes-continue-terrorist-targets-rocket-launchers-southern-lebanon,fox,world,"Israeli airstrikes continue on terrorist targets, rocket launchers in southern Lebanon"
https://www.foxnews.com/opinion/youll-laugh-msnbc-brought-whine-about-trumps-alleged-affair,fox,opinion,You'll laugh at who MSNBC brought to whine about Trump's alleged affair
https://www.nbcnews.com/news/latino/biden-administration-lifts-trump-era-restrictions-stalling-puerto-rico-hurricane-n1264672,nbc,news,Biden administration lifts Trump era restrictions stalling Puerto Rico hurricane aid
https://www.foxnews.com/us/defund-the-police-return-school-resource-officers,fox,us,Crime spikes force schools to reinstate resource officers as defund movement collapses
https://www.foxnews.com/world/idf-investigating-whether-hamas-chief-yahya-sinwar-killed-gaza-operations.print,fox,world,"Hamas terror leader Yahya Sinwar killed in Gaza, Israel says"
https://www.foxnews.com/travel/floridas-forgotten-theme-park-1938-welcomes-tourists-despite-popular-competition,fox,travel,Florida's forgotten theme park from 1938 welcomes tourists despite popular competition
https://www.foxnews.com/lifestyle/memorial-day-lee-greenwood-remembers-americas-heroes-never-take-freedom-granted,fox,lifestyle,"On Memorial Day, Lee Greenwood remembers America's heroes: 'Never take freedom for granted'"
https://www.nbcnews.com/politics/justice-department/shane-jenkins-trump-supporter-jan-6-riot-prison-7-years-rcna119294,nbc,politics,Jan. 6 rioter who smashed Capitol window with tomahawk ax sentenced to 7 years
https://www.foxnews.com/politics/harris-virtually-attend-catholic-charity-dinner-rival-trump-headlining,fox,politics,Harris to virtually attend Catholic charity dinner that rival Trump is headlining
https://www.nbcnews.com/politics/donald-trump/trump-meeting-republicans-first-visit-capitol-hill-jan-6-rcna156779,nbc,politics,Republicans host 'pep rally' with Trump in his first visit to Capitol Hill since Jan. 6 attack
https://www.foxnews.com/politics/harris-led-office-atf-stonewalling-probe-collusion-anti-gun-group-lawsuit-house-oversight-chair,fox,politics,"Harris led office, ATF stonewalling probe into 'collusion' with anti gun group lawsuit: House Oversight chair"
https://www.nbcnews.com/politics/congress/-not-progressive-fetterman-breaks-left-israel-immigration-rcna129747,nbc,politics,"'I'm not a progressive': Fetterman breaks with the left, showing a maverick side"
https://www.foxnews.com/world/stories-torture-torment-revealed-israeli-children-kidnapped-hamas-terrorists,fox,world,"Stories of torture, torment revealed by Israeli children kidnapped by Hamas terrorists"
https://www.foxnews.com/politics/jewish-americans-on-edge-amid-growing-anti-israel-hostility-coordinated-effort,fox,politics,Jewish Americans on edge amid growing anti Israel hostility: 'Coordinated effort'
https://www.nbcnews.com/news/latino/new-probe-confirms-trump-officials-blocked-puerto-rico-receiving-hurri-rcna749,nbc,news,New probe confirms Trump officials blocked Puerto Rico from receiving hurricane aid
https://www.nbcnews.com/news/world/us-china-gina-raimondo-economy-rcna102507,nbc,news,U.S. and China take cautious steps to repair ties
https://www.foxnews.com/politics/arizona-abortion-rights-group-secures-signatures-2024-ballot-referendum.print,fox,politics,Arizona abortion rights group secures signatures for 2024 ballot referendum
https://www.nbcnews.com/investigations/reporters-get-rare-glimpse-us-militarys-troubled-pier-system-gaza-rcna158833,nbc,investigations,Reporters get rare glimpse of the U.S. military's troubled pier system in Gaza
https://www.foxnews.com/politics/countdown-harris-has-just-4-days-left-make-good-sit-down-interview-proclamation,fox,politics,COUNTDOWN: Harris has just 4 days left to make good on sit down interview proclamation
https://www.nbcnews.com/select/shopping/sustainable-eco-friendly-gift-ideas-ncna1284134,nbc,select,24 eco friendly gift ideas for everyone on your list
https://www.foxnews.com/media/trump-hints-he-appear-joe-rogan-podcast-i-think-im-doing-it.print,fox,media,Trump hints he will appear on Joe Rogan podcast: 'I think I'm doing it'
https://www.nbcnews.com/news/us-news/people-think-crime-rate-up-actually-down-rcna129585,nbc,news,Most people think the U.S. crime rate is rising. They're wrong.
https://www.foxnews.com/travel/replica-anne-frank-hidden-annex-unveiled-new-york-city,fox,travel,Full scale replica of Anne Frank's hidden annex to be unveiled in New York City
https://www.nbcnews.com/politics/congress/pelosi-said-new-jan-6-video-wanted-punch-trump-rcna52247,nbc,politics,Pelosi said in new Jan. 6 video she wanted to 'punch' Trump out
https://www.nbcnews.com/news/world/live-blog/live-updates-hamas-israel-gaza-attack-rockets-gunmen-palestinian-rcna119316,nbc,news,Netanyahu vows war as attacks kill hundreds
https://www.nbcnews.com/news/us-news/bullet-found-bodies-2-indiana-teens-delphi-killings-linked-suspects-gu-rcna59235,nbc,news,"Bullet found near bodies of 2 Indiana teens in Delphi killings linked to suspect's gun, officials say"
https://www.foxnews.com/health/supercharge-immune-system-10-foods,fox,health,Supercharge your immune system with these 10 foods
https://www.nbcnews.com/politics/politics-news/pence-idea-overturning-election-results-un-american-n1272334,nbc,politics,Pence: Idea of overturning election results is 'un American'
https://www.foxnews.com/world/idf-shares-video-hamas-leader-yahya-sinwar-escaping-tunnel-network,fox,world,IDF shares video of Hamas leader Yahya Sinwar escaping through tunnel network
https://www.foxnews.com/politics/senate-votes-overturn-biden-eco-regulation-teeing-up-another-likely-veto.print,fox,politics,"Senate votes to overturn Biden eco regulation, teeing up another likely veto"
https://www.nbcnews.com/politics/joe-biden/biden-administration-rejoin-u-n-human-rights-council-another-reversal-n1256997,nbc,politics,Biden administration to rejoin U.N. Human Rights Council in another reversal of Trump
https://www.foxnews.com/world/keir-starmer-become-new-british-prime-minister-after-big-labour-party-win,fox,world,Keir Starmer elected new UK prime minister after big Labour Party win
https://www.nbcnews.com/news/world/israel-hamas-war-far-right-groups-tax-deductible-donations-aid-gaza-rcna162058,nbc,news,Far right groups blocking Gaza aid receive tax deductible gifts from U.S. and Israel
https://www.foxnews.com/media/biden-ripped-gun-control-speech-hours-after-hunters-firearm-conviction-we-live-clown-world,fox,media,Biden ripped for gun control speech hours after Hunter's firearm conviction: 'We live in clown world'
https://www.nbcnews.com/news/latino/cuba-announces-tough-economic-measures-cubans-brace-hardship-rcna130861,nbc,news,Cuba announces tough economic measures as Cubans brace for more hardship.
https://www.foxnews.com/politics/house-dems-sue-fec-accusing-gop-exploiting-campaign-loophole,fox,politics,House Dems sue FEC accusing GOP of exploiting campaign loophole
https://www.foxnews.com/media/kari-lake-shreds-vp-harris-despicable-southern-border-visit-make-mainstream-media-happy,fox,media,Kari Lake shreds VP Harris' 'despicable' southern border visit: Just to make the 'mainstream media happy'
https://www.foxnews.com/politics/sen-bob-menendez-may-blame-wife-nadine-federal-corruption-trial-court-docs,fox,politics,Sen Bob Menendez may blame his wife Nadine during federal corruption trial: court docs
https://www.foxnews.com/politics/top-house-committee-ramps-up-pressure-obtain-important-docs-harris-role-border-crisis,fox,politics,Top House committee ramps up pressure to obtain 'important' docs on Harris' role in border crisis
https://www.nbcnews.com/select/shopping/best-pet-products-amazon-ncna1303326,nbc,select,Treat your pets to these bestselling pet products on Amazon
https://www.foxnews.com/politics/north-korean-troops-now-fighting-russia-ukraine-seoul-says,fox,politics,"North Korean troops now fighting for Russia in Ukraine, Seoul says"
https://www.nbcnews.com/politics/donald-trump/live-blog/live-updates-trump-indictment-classified-documents-rcna88494#rcrd13926,nbc,politics,Trump indictment: Former president faces 37 counts in documents case
https://www.foxnews.com/us/colorado-video-shows-tren-de-aragua-gang-beating-apartment-complex-worker-extortion-bid-company-says,fox,us,"Colorado video shows Tren de Aragua gang beating apartment complex worker in extortion bid, company says"
https://www.nbcnews.com/news/asian-america/big-techs-big-problem-also-best-kept-secret-caste-discrimination-rcna33692,nbc,news,Big Tech's big problem is also its 'best kept secret': Caste discrimination
https://www.nbcnews.com/tech/security/meta-says-broke-chinese-influence-operation-looking-exploit-us-politic-rcna127181,nbc,tech,Meta says it broke up Chinese influence operation looking to exploit U.S. political divisions
https://www.foxnews.com/lifestyle/arizona-grandma-man-she-mistakenly-texted-share-thanksgiving-7th-straight-year-since-2016,fox,lifestyle,"Arizona grandma, man she mistakenly texted, to share Thanksgiving for 7th straight year since 2016"
https://www.foxnews.com/media/kamala-harris-asserts-her-presidency-will-not-continuation-bidens,fox,media,Kamala Harris asserts her presidency 'will not be a continuation' of Biden's
https://www.nbcnews.com/select/shopping/best-digital-photo-frames-ncna1285876,nbc,select,"The best digital photo frames and smart art displays, according to a tech expert"
https://www.nbcnews.com/pop-culture/pop-culture-news/j-hope-bts-finishes-military-service-south-korea-rcna176105,nbc,pop-culture,J Hope from BTS finishes military service in South Korea
https://www.nbcnews.com/sports/nfl/nfl-stadiums-experience-11-billion-climate-related-losses-2050-new-rep-rcna176083,nbc,sports,"NFL stadiums could experience $11 billion in climate related losses by 2050, a new report finds"
https://www.nbcnews.com/politics/justice-department/jan-6-rioter-brought-two-guns-capitol-sentenced-five-years-prison-rcna53454,nbc,politics,Jan. 6 rioter who brought two guns to Capitol sentenced to five years in prison
https://www.nbcnews.com/news/us-news/easy-money-how-international-scam-artists-pulled-epic-theft-covid-n1276789,nbc,news,'Easy money': How international scam artists pulled off an epic theft of Covid benefits
https://www.foxnews.com/entertainment/ozzy-sharon-osbourne-delay-move-back-england-due-rockers-health-la-used-nice,fox,entertainment,"Ozzy, Sharon Osbourne delay move back to England due to rocker's health: 'LA used to be nice'"
https://www.nbcnews.com/tech/gen-z-advocacy-group-launches-tiktok-campaign-voting-jill-stein-rcna175498,nbc,tech,Gen Z advocacy group launches TikTok campaign against voting for Jill Stein
https://www.foxnews.com/opinion/bidens-title-ix-disaster-latest-plan-destroy-left-countrys-moral-foundations,fox,opinion,Biden's Title IX rule disaster latest in plan to destroy what's left of our country's moral foundations
https://www.nbcnews.com/news/asian-america/bts-v-pens-letter-jungkook-jimin-final-two-members-joining-south-korea-rcna129288,nbc,news,"BTS' V pens letter as Jungkook and Jimin, final two members joining South Korean military, begin service"
https://www.foxnews.com/lifestyle/halloween-decorations-costumes-trendy-year-halloweekend-celebrations,fox,lifestyle,Halloween decorations and costumes that are trendy this year for 'Halloweekend celebrations'
https://www.nbcnews.com/politics/politics-news/us-military-members-conscientious-objector-status-israel-gaza-war-rcna158265,nbc,politics,U.S. military members discuss seeking conscientious objector status over support of Israel in Gaza
https://www.nbcnews.com/news/world/israel-hamas-war-gaza-rafah-ground-assault-evacuation-order-leaflets-rcna150811,nbc,news,'Where do we go?' Palestinians flee parts of Rafah after Israeli military order
https://www.foxnews.com/politics/michigan-becomes-top-gop-senate-target-mike-rogers-ties-dem-opponent-among-older-voters,fox,politics,Michigan becomes a top GOP Senate target as Mike Rogers ties with Dem opponent among older voters
https://www.nbcnews.com/politics/joe-biden/biden-press-ukraine-aid-beat-back-russian-invasion-speech-un-rcna105713,nbc,politics,Biden presses allies for Ukraine aid to beat back Russian invasion in U.N. speech
https://www.nbcnews.com/politics/elon-musk-leaps-action-trump-surrogate-unclear-land-politics-desk-rcna174589,nbc,politics,Elon Musk leaps into action as a Trump surrogate but it's unclear how he'll land: From the Politics Desk
https://www.foxnews.com/media/hillary-clinton-blames-women-2016-election-loss-they-left-me,fox,media,Hillary Clinton blames women for 2016 election loss: 'They left me'
https://www.nbcnews.com/news/investigations/top-secret-hamas-documents-show-terrorists-intentionally-targeted-elem-rcna120310,nbc,news,'Top secret' Hamas documents show that terrorists intentionally targeted elementary schools and a youth center
https://www.nbcnews.com/news/asian-america/china-international-adoption-ban-adoptees-rcna172947?cid=sm_in,nbc,news,Chinese adoptees say they feel conflicted after China announces end to international adoptions
https://www.foxnews.com/media/political-analyst-warns-harris-could-lose-key-battleground-state-almost-certainly-not-going-win-without,fox,media,Political analyst warns Harris could lose key battleground state: 'Almost certainly not going to win' without
https://www.foxnews.com/lifestyle/amid-tornado-wedding-couple-forced-first-dance-basement-chaos-ensued,fox,lifestyle,"Amid tornado, wedding couple forced to have first dance in basement: 'Chaos ensued'"
https://www.nbcnews.com/select/shopping/best-scalp-acne-shampoos-treatments-ncna1274741,nbc,select,Can scalp acne actually lead to hair loss? Experts weigh in
https://www.foxnews.com/politics/queen-congress-elizabeth-ii-addressed-capitol-hill-lawmakers-1991,fox,politics,The queen and Congress: Elizabeth II addressed Capitol Hill lawmakers in 1991
https://www.foxnews.com/world/cuba-protesters-demand-food-electricity-rubio-says-nation-verge-collapse-marxist-policies.print,fox,world,"Cuba protesters demand food, electricity as Rubio says nation on 'verge of collapse' from Marxist policies"
https://www.foxnews.com/politics/kamala-harris-finally-fields-questions-press-dodging-media-18-days-since-becoming-dem-nominee,fox,politics,Kamala Harris finally fields questions from press after dodging media for 18 days since becoming Dem nominee
https://www.foxnews.com/lifestyle/pennsylvania-mother-son-both-born-rare-genetic-disease-closer-this,fox,lifestyle,Pennsylvania mother and son both born with rare genetic disease: 'Closer because of this'
https://www.nbcnews.com/news/world/hassan-nasrallah-hezbollah-leader-israel-says-killed-beirut-strike-rcna173053,nbc,news,"Who was Hassan Nasrallah, the Hezbollah leader killed in Beirut strike"
https://www.nbcnews.com/politics/justice-department/jan-6-rioter-sentence-reduced-supreme-court-obstruction-ruling-rcna169442,nbc,politics,Former officer gets reduced Jan. 6 sentence thanks to Supreme Court ruling
https://www.foxnews.com/us/snow-impacts-western-nc-mountain-towns-recovering-hurricane-helene-coldest-air-season-far,fox,us,Snow impacts western NC mountain towns recovering from Hurricane Helene: 'Coldest air of the season so far'
https://www.foxnews.com/travel/hurricane-chaser-florida-says-milton-prompted-race-residents-evacuate,fox,travel,Hurricane chaser in Florida says Milton prompted 'race' for residents to evacuate
https://www.foxnews.com/lifestyle/marathon-every-state-navy-vet-former-nypd-cop-runs-us-help-nonprofit,fox,lifestyle,A marathon in every state: Navy vet and former NYPD cop runs across US to help deserving nonprofit
https://www.foxnews.com/entertainment/josh-hartnett-left-hollywood-struggling-borderline-unhealthy-attention-from-fans.print,fox,entertainment,Josh Hartnett left Hollywood after struggling with 'borderline unhealthy' attention from fans
https://www.nbcnews.com/news/world/israel-braces-weekend-violence-after-spate-shootings-eviction-protests-n1266697,nbc,news,Violence and protests expected in Israel after spate of shootings
https://www.foxnews.com/entertainment/hilary-duff-how-i-met-your-father-series-sequel-hulu,fox,entertainment,Hilary Duff lands 'How I Met Your Father' series sequel role for Hulu
https://www.nbcnews.com/politics/justice-department/texas-man-lit-match-capitol-prosecutor-tells-jurors-first-jan-6-trial-rcna18189,nbc,politics,"Texas man 'lit the match' at Capitol, prosecutor tells jurors in first Jan. 6 trial"
https://www.nbcnews.com/select/shopping/yeti-french-press-review-rcna168442,nbc,select,I tried Yeti's French press for a month here's why I'll keep using it for months
https://www.nbcnews.com/politics/justice-department/intel-community-escapes-major-criticism-jan-6-committee-missing-forese-rcna62628,nbc,politics,Intel community escapes major criticism by Jan. 6 committee for missing 'foreseeable' Capitol violence
https://www.nbcnews.com/select/shopping/best-pruners-gardening-shears-ncna1294550,nbc,select,This is the one gardening tool beginners always underestimate but you really shouldn't skip it
https://www.foxnews.com/lifestyle/america-military-veterans-ptsd-fighting-chance,fox,lifestyle,America's military and veterans with PTSD have a fighting chance to heal
https://www.nbcnews.com/select/shopping/cyber-monday-what-buy-2022-ncna1300894,nbc,select,Is Cyber Monday still a thing? Experts share what to expect in 2022
https://www.foxnews.com/us/aurora-police-react-alleged-venezuelan-gang-member-presence-apartments-have-not-taken-over.print,fox,us,Aurora police react to alleged Venezuelan gang presence at apartments: 'Have not taken over'
https://www.nbcnews.com/politics/donald-trump/trump-called-jan-6-henious-attack-now-calls-day-love-rcna175942,nbc,politics,Trump once called Jan. 6 a 'heinous attack.' Now he calls it a 'day of love.'
https://www.nbcnews.com/news/us-news/alabama-murderer-gives-appeals-asks-executed-victims-families-justice-rcna146404,nbc,news,Alabama murderer gives up appeals and asks to be executed so that victims' families have 'justice'
https://www.nbcnews.com/politics/justice-department/violent-crime-dropped-america-last-year-new-fbi-data-shows-rcna172217,nbc,politics,"Murder and other violent crime dropped across the U.S. last year, FBI data shows"
https://www.foxnews.com/world/researchers-unearth-find-dating-back-2400-years-ancient-greek-city,fox,world,"Researchers unearth find dating back 2,400 years in ancient Greek city"
https://www.nbcnews.com/politics/mideast-trip-biden-face-calls-tougher-action-iran-rcna36741,nbc,politics,"In Mideast trip, Biden to face calls for tougher action against Iran"
https://www.foxnews.com/us/family-lost-11-hurricane-helene-mudslides-says-community-sacrificed-life-limb-save-each-other,fox,us,Family that lost 11 in Hurricane Helene mudslides says community sacrificed 'life and limb' to save each other
https://www.nbcnews.com/science/environment/lead-pipes-biden-sets-10-year-deadline-cities-replace-rcna174465,nbc,science,Biden sets a 10 year deadline for U.S. cities to replace lead pipes and make drinking water safer
https://www.foxnews.com/politics/biden-visit-north-carolina-days-after-helenes-path-destruction-leaves-many-devastated.print,fox,politics,Biden to visit North Carolina days after Helene's path of destruction leaves many devastated
https://www.foxnews.com/media/fox-corporation-launches-donation-drive-american-red-cross-hurricane-helene-relief-efforts,fox,media,"Corporation launches donation drive for American Red Cross Hurricanes Helene, Milton relief efforts"
https://www.nbcnews.com/politics/supreme-court/man-gun-arrested-justice-kavanaughs-residence-rcna32535,nbc,politics,"Man with gun, knife arrested near Justice Kavanaugh's house"
https://www.foxnews.com/world/how-did-hezbollah-pager-explosions-happen-things-know,fox,world,How did the Hezbollah pager explosions happen? 5 things to know
https://www.foxnews.com/lifestyle/this-day-history-july-26-1990-president-george-h-w-bush-signs-americans-disabilities-act,fox,lifestyle,"On this day in history, July 26, 1990, President George H.W. Bush signs Americans with Disabilities Act"
https://www.foxnews.com/media/ny-times-michael-phelps-book-deal,fox,media,NY Times investigating own reporter after she didn't disclose Michael Phelps book deal: 'Significant lapse'
https://www.nbcnews.com/politics/justice-department/trump-republicans-jan-6-hostages-violence-capitol-police-rcna143888,nbc,politics,Meet some of the violent Jan. 6 rioters Donald Trump keeps calling 'hostages'
https://www.foxnews.com/opinion/beware-kamalas-fair-share-lie-taxes.print,fox,opinion,Beware Kamala's 'fair share' lie on taxes
https://www.nbcnews.com/select/shopping/wayfair-wayday-announcement-october-2024-rcna172849,nbc,select,Wayfair's October Way Day will have over one million items on sale here's what you need to know
https://www.nbcnews.com/politics/2024-election/harris-branches-trump-preaches-choir-diverging-media-strategies-rcna175395,nbc,politics,Harris branches out while Trump preaches to the choir in divergent media strategies
https://www.nbcnews.com/select/shopping/best-tech-gifts-giftable-tech-awards-rcna121422,nbc,select,Gift a new set of speakers you won't have to help them set up. We picked the most giftable tech for everyone on your list.
https://www.nbcnews.com/nbc-out/out-news/lgbtq-pride-march-israel-hamas-war-protests-rcna156595,nbc,nbc-out,Israel Hamas war protests have disrupted Pride marches across the U.S.
https://www.nbcnews.com/select/shopping/best-handheld-gaming-systems-ncna1291097,nbc,select,3 important things to consider when buying a handheld gaming console
https://www.foxnews.com/politics/lgbt-advocate-claims-house-hearing-detransitioning-not-real-thing,fox,politics,LGBT advocate claims in House hearing 'detransitioning' is not 'a real thing'
https://www.nbcnews.com/news/world/israel-airstrikes-gaza-rockets-deadly-west-bank-raid-nablus-rcna71917,nbc,news,Israel launches airstrikes in Gaza after deadly West Bank raid sparked rocket fire
https://www.foxnews.com/politics/new-poll-which-voter-group-fueling-trump-narrow-edge-over-harris-battleground.print,fox,politics,New poll reveals which voter group are fueling Trump to a narrow edge over Harris in battleground
https://www.nbcnews.com/select/shopping/best-disposable-face-mask-ncna1252865,nbc,select,"Can you reuse disposable face masks? The do's and don'ts, according to doctors"
https://www.nbcnews.com/select/shopping/best-bed-bath-awards-2023-rcna103452,nbc,select,We tried dozens of bed and bath essentials these are the best
https://www.nbcnews.com/politics/elections/four-people-plead-guilty-north-carolina-ballot-probe-2016-2018-electio-rcna49534,nbc,politics,Four people plead guilty in North Carolina ballot probe of 2016 and 2018 elections
https://www.foxnews.com/lifestyle/world-war-ii-veteran-celebrates-102nd-birthday-blessed,fox,lifestyle,World War II veteran celebrates 102nd birthday: 'Blessed' and 'grateful' for community support
https://www.foxnews.com/us/trump-assassination-plot-exposes-ryan-rouths-bomb-bust-barricade-illegal-gun-professional-demise.print,fox,us,"Trump assassination plot exposes Ryan Routh's bomb bust, barricade with illegal gun in professional demise"
https://www.nbcnews.com/politics/2024-election/gop-bob-casey-family-ties-pennsylvania-senate-race-rcna159748,nbc,politics,GOP turns the spotlight on Sen. Bob Casey's family ties in key Pennsylvania race
https://www.foxnews.com/media/jewish-college-students-scared-class-blame-universities-silence-antisemitism,fox,media,"Jewish college students say they're scared to go to class, blame universities for silence on antisemitism"
https://www.foxnews.com/lifestyle/this-day-history-sept-21-1780-benedict-arnold-betrays-cause-american-independence.print,fox,lifestyle,"On this day in history, September 21, 1780, Benedict Arnold betrays cause of American independence"
https://www.nbcnews.com/news/us-news/live-blog/columbia-protests-live-update-encampment-continue-college-negotiates-p-rcna149111,nbc,news,Campus protests: Pro Palestinian demonstrations spread as some schools crack down
https://www.nbcnews.com/tech/misinformation/armed-north-carolina-man-arrested-suspicion-making-threats-fema-worker-rcna175287,nbc,tech,"Armed man arrested on suspicion of threatening FEMA workers, authorities say"
https://www.foxnews.com/media/rep-clyburn-declares-support-kamala-harris-dem-nominee-biden-has-bow-out-i-support-her,fox,media,Rep. Clyburn declares support for Kamala Harris as Dem nominee if Biden has to bow out: 'I will support her'
https://www.nbcnews.com/news/weather/live-blog/hurricane-helene-live-updates-rcna173973,nbc,news,Hurricane Helene: Over 220 dead as some communities struggle to get basic supplies
https://www.nbcnews.com/sports/olympics/live-blog/olympic-games-2024-live-updates-rcna162868,nbc,sports,"2024 Olympics: Simone Biles takes gold in vault, Sha'Carri Richardson gets silver in 100 meter"
https://www.foxnews.com/entertainment/josh-radnor-talks-shedding-how-i-met-your-mother-character-new-music.print,fox,entertainment,"Josh Radnor talks shedding 'How I Met Your Mother' character, creating new music"
https://www.foxnews.com/media/rolling-stones-tour-sponsored-aarp-80-year-old-rocker-mick-jagger-set-hit-road,fox,media,Rolling Stones tour sponsored by AARP as 80 year old rocker Mick Jagger set to hit the road
https://www.foxnews.com/food-drink/chef-andrew-zimmern-hunts-cooks-wild-animals-creates-recipes-anybody-watching-show.print,fox,food-drink,"Chef Andrew Zimmern hunts, cooks wild animals, creates recipes 'for anybody' watching his show"
https://www.nbcnews.com/tech/tech-news/tiktok-ban-biden-government-college-state-federal-security-privacy-rcna63724,nbc,tech,Biden signs TikTok ban for government devices amid security concerns
https://www.nbcnews.com/news/world/israeli-rescue-hamas-hostages-gaza-brutal-painful-rcna120061,nbc,news,Here's why any Israeli attempt to rescue hostages in Gaza will be 'brutal'
https://www.foxnews.com/us/fbi-says-local-law-enforcement-investigated-ga-shooter-2023-found-no-probable-cause,fox,us,"Georgia officers interviewed Apalachee High School shooting suspect in 2023, could not substantiate threat"
https://www.nbcnews.com/politics/donald-trump/jan-6-rioter-assaulted-police-says-was-duped-trumps-election-lies-rcna176025,nbc,politics,Jan. 6 rioter who assaulted police says she was 'duped' by Trump's election lies
https://www.foxnews.com/media/kamala-harris-ridiculed-post-roe-anniversary-recounts-rage-need-let-out-emotionally,fox,media,"Kamala Harris ridiculed for post on Roe anniversary as she recounts rage, need to 'let it all out' emotionally"
https://www.foxnews.com/media/democratic-national-convention-features-cnn-msnbc-figures-plum-speaking-roles,fox,media,"Democratic National Convention features CNN, MSNBC figures in plum speaking roles"
https://www.nbcnews.com/politics/justice-department/feds-boost-reward-500k-information-capitol-pipe-bomber-rcna64268,nbc,politics,Feds boost reward to $500K for information on Capitol pipe bomber
https://www.foxnews.com/us/illegal-immigrants-arrested-wealthy-florida-county-sexual-crimes-against-child.print,fox,us,Illegal immigrants arrested in wealthy Florida county for sexual crimes against a child
https://www.foxnews.com/science/discovery-civil-war-map-antietam,fox,science,Discovery of Civil War map sheds new light on Antietam's bloody aftermath
https://www.foxnews.com/health/hurricane-helene-flooding-mold-home-could-cause-severe-health-risks-experts-say.print,fox,health,Hurricane flooding: 3 health warnings about mold growing in your home
https://www.foxnews.com/politics/dems-pour-25m-ground-game-gop-inches-closer-senate-majority,fox,politics,Dems pour $25M into ground game as GOP inches closer to Senate majority
https://www.foxnews.com/entertainment/matt-damon-rare-appearance-daughters-ben-affleck-jennifer-lopez-heat-up-air-premiere,fox,entertainment,"Matt Damon makes rare appearance with daughters as Ben Affleck, Jennifer Lopez heat up 'Air' premiere"
https://www.nbcnews.com/politics/2024-election/gop-donors-pour-hundreds-millions-trump-super-pacs-election-day-rcna175705,nbc,politics,GOP donors pour hundreds of millions into pro Trump super PACs before Election Day
https://www.foxnews.com/politics/becerra-federal-gov-looking-helping-women-cross-state-lines-abortions,fox,politics,Becerra: Federal gov 'looking into' helping women cross state lines for abortions
https://www.nbcnews.com/select/shopping/how-to-clean-fridge-rcna145521,nbc,select,You should be cleaning your fridge every three to six months
https://www.foxnews.com/health/tips-adults-age-65-live-well-age-gerontologists,fox,health,"11 tips for adults age 65 and over to 'live well' over time, according to gerontologists"
https://www.foxnews.com/health/health-care-overwhelmingly-complex-older-adults-experts-increasing-hurdle,fox,health,"Health care is 'overwhelmingly complex' for older adults, experts say: 'Ever increasing hurdle'"
https://www.nbcnews.com/politics/2024-election/abortion-rights-amendment-ballot-nevada-rcna159103,nbc,politics,Abortion rights amendment qualifies for the ballot in Nevada
https://www.foxnews.com/entertainment/americas-got-talent-judge-simon-cowell-makes-show-history-shocking-move,fox,entertainment,'America's Got Talent' judge Simon Cowell makes show history with shocking move
https://www.nbcnews.com/select/shopping/bose-ultra-open-earbuds-review-rcna138875,nbc,select,Earbuds or ear cuffs? These new headphones from Bose are both
https://www.foxnews.com/politics/nj-announces-emergency-dune-repairs-shore-town-penalized-doing-itself,fox,politics,NJ announces emergency dune repairs in shore town penalized for doing them itself
https://www.foxnews.com/opinion/morning-glory-why-kamala-harris-skipping-al-smith-dinner-new-york-city,fox,opinion,Morning Glory: Why is Kamala Harris skipping the Al Smith Dinner in New York City?
https://www.nbcnews.com/news/world/qatar-israel-hamas-cease-fire-deal-rcna149702,nbc,news,Key mediator Qatar urges Israel and Hamas to do more to reach a cease fire deal
https://www.foxnews.com/official-polls/fox-news-poll-new-matchup-same-result-trump-bests-harris-one-point.print,fox,official-polls,"Poll: New matchup, same result Trump bests Harris by one point"
https://www.foxnews.com/health/reducing-salt-intake-1-teaspoon-day-same-effect-blood-pressure-meds-study-finds,fox,health,"Reducing salt intake by just 1 teaspoon a day has same effect as blood pressure meds, study finds"
https://www.foxnews.com/sports/san-jose-state-police-battle-womens-volleyball-transgender-culture-war,fox,sports,Inside San Jose State's police battle to protect women's athletes threatened by a transgender culture war
https://www.nbcnews.com/select/shopping/best-cookie-baking-tools-rcna130409,nbc,select,Baking cookies? You should be using your freezer every step of the way
https://www.foxnews.com/politics/flashback-da-harris-plan-prosecute-drug-dealers-starting-third-offense-shot-down-police,fox,politics,Flashback: DA Harris' plan to prosecute drug dealers starting on their 3rd offense shot down by police
https://www.nbcnews.com/politics/2024-primary-elections/minnesota-senate-results,nbc,politics,Minnesota Senate Primary Election 2024 Live Results
https://www.foxnews.com/us/jewish-americans-could-show-significant-change-in-voting-support-republican-candidates-2024-experts,fox,us,"Jewish Americans could show 'significant change' in voting, support Republican candidates in 2024: experts"
https://www.foxnews.com/politics/navy-seal-turned-gop-lawmaker-special-ops-hostages-rescue-israel-would-take-considerable-effort,fox,politics,Navy SEAL turned GOP lawmaker: Special ops hostage rescue mission in Israel would take 'considerable effort'
https://www.nbcnews.com/politics/2024-election/hakeem-jeffries-democrats-house-majority-2024-election-calm-governance-rcna174499,nbc,politics,Hakeem Jeffries pitches calm governance over chaos as Democrats seek the House majority
https://www.foxnews.com/media/hannity-shows-support-for-cubas-fight-for-freedom-they-should-be-living-in-paradise,fox,media,Hannity shows support for Cuba's fight for freedom: 'they should be living in paradise'
https://www.foxnews.com/politics/trump-immunity-case-supreme-court-rules-ex-presidents-substantial-protection-prosecution.print,fox,politics,Trump immunity case: Supreme Court rules ex presidents have substantial protection from prosecution
https://www.foxnews.com/us/every-day-memorial-day-dover-air-force-base,fox,us,Every day is Memorial Day at Dover Air Force Base
https://www.nbcnews.com/politics/donald-trump/trump-secret-service-dc-hotel-emoluments-pardons-jobs-democrat-report-rcna175714,nbc,politics,"Trump overcharged Secret Service agents to stay at his D.C. hotel, new Democratic report says"
https://www.foxnews.com/us/fbi-interviews-classmate-trump-shooter-thomas-matthew-crooks-over-dislike-politicians,fox,us,FBI interviews classmate of Trump shooter Thomas Matthew Crooks over dislike for politicians
https://www.nbcnews.com/politics/2024-election/biden-administration-hit-russia-sanctions-trying-manipulate-us-opinion-rcna169541,nbc,politics,Biden administration hits Russia with sanctions over efforts to manipulate U.S. opinion ahead of the election
https://www.foxnews.com/politics/iran-tried-influence-election-sending-stolen-material-from-trump-campaign-bidens-camp-fbi-says.print,fox,politics,"Iran tried to influence election by sending stolen material from Trump campaign to Biden's camp, FBI says"
https://www.nbcnews.com/investigations/us-preps-evacuate-americans-lebanon-fighting-israel-hezbollah-rcna159303,nbc,investigations,The U.S. readies to evacuate Americans from Lebanon if fighting between Israel and Hezbollah intensifies
https://www.nbcnews.com/news/us-news/phoenix-ends-record-31-day-streak-110-degree-weather-rcna97458,nbc,news,Phoenix ends record 31 day streak of above 110 degree weather
https://www.nbcnews.com/politics/2022-election/maines-paul-lepage-back-changed-rcna33671,nbc,politics,Maine's Paul LePage is back but has he changed?
https://www.nbcnews.com/news/world/iran-saudi-arabia-truce-washington-standing-rcna74402,nbc,news,What does the Iran Saudi Arabia truce mean for Washington's standing on the global stage?
https://www.foxnews.com/politics/biden-executive-action-abortion-access-pressure-democrats.print,fox,politics,Biden to take executive action on abortion access following immense pressure from Democrats
https://www.foxnews.com/travel/top-thrill-2-roller-coaster-cedar-point-closes-indefinitely-days-after-opening,fox,travel,'Top Thrill 2' roller coaster at Cedar Point closes indefinitely just days after long awaited opening
https://www.foxnews.com/media/republican-view-host-leads-four-more-years-chant-biden-state-union,fox,media,'Republican' 'View' host leads 'four more years' chant for Biden after State of the Union
https://www.foxnews.com/lifestyle/power-foods-help-prevent-cancer,fox,lifestyle,"These 6 power foods can prevent cancer, according to various health experts"
https://www.nbcnews.com/news/world/israel-hamas-war-manhunt-leader-yahya-sinwar-video-tunnels-gaza-rcna139032,nbc,news,A glimpse of Hamas' elusive leader is spurring Israel's military to catch him 'dead or alive'
https://www.foxnews.com/media/media-figures-shocked-bidens-bad-debate-performance-total-complete-disaster,fox,media,Media figures shocked at Biden's 'bad' debate performance: 'Total and complete disaster'
https://www.foxnews.com/us/nyc-migrants-consume-drugs-alcohol-public-crime-wave-plagues-tourist-hot-spot.print,fox,us,"NYC migrants consume drugs, alcohol in public as 'crime wave' plagues tourist hot spot"
https://www.nbcnews.com/select/shopping/best-october-prime-day-deals-2024-rcna173960,nbc,select,"Fall Prime Day is *technically* over, but we found 51+ great deals you can still shop"
https://www.foxnews.com/politics/nra-conservative-legal-group-sue-democrat-governor-7-day-waiting-period-buy-guns,fox,politics,NRA and conservative legal group sue Democrat governor over 7 day waiting period to buy guns
https://www.nbcnews.com/politics/2024-election/four-mark-robinson-staffers-step-embattled-campaign-rcna172172,nbc,politics,Four Mark Robinson staffers step down from embattled campaign
https://www.nbcnews.com/politics/2024-election/elon-musk-called-gov-josh-shapiro-steelers-game-investing-pennsylvania-rcna174508,nbc,politics,Elon Musk called Gov. Josh Shapiro during the Steelers game to talk about investing in Pennsylvania
https://www.foxnews.com/entertainment/cher-turned-down-dating-elvis-presley-because-nervous-reputation,fox,entertainment,Cher turned down dating Elvis Presley because she was 'nervous of his reputation'
https://www.foxnews.com/food-drink/brunch-served-try-dutch-baby-fried-eggs-maple-bacon-smoked-cheddar,fox,food-drink,"Brunch is served: Try this delicious Dutch baby with fried eggs, maple bacon and smoked cheddar"
https://www.foxnews.com/politics/out-money-whistleblowers-allege-lack-secret-service-funds-delayed-payments-top-senator-reveals,fox,politics,"'Out of money': Whistleblowers allege lack of Secret Service funds, delayed payments, top senator reveals"
https://www.foxnews.com/entertainment/yellowstone-star-lainey-wilson-testifies-ai-using-voice-gut-punch,fox,entertainment,'Yellowstone' star Lainey Wilson testifies AI using her voice was 'gut punch': 'It is a personal violation'
https://www.nbcnews.com/politics/congress/speaker-johnson-trump-allies-tried-overturn-2020-election-roll-new-vot-rcna151256,nbc,politics,Speaker Mike Johnson and Trump allies who tried to overturn the 2020 election roll out voting 'integrity' bill
https://www.nbcnews.com/politics/congress/clear-capitol-pence-pleaded-timeline-riot-shows-n1263729,nbc,politics,"'Clear the Capitol,' Pence pleaded, timeline of riot shows"
https://www.foxnews.com/entertainment/matt-damons-advice-josh-hartnett-while-filming-oppenheimer-so-unhelpful,fox,entertainment,Matt Damon's advice to Josh Hartnett while filming 'Oppenheimer' was 'so unhelpful'
https://www.nbcnews.com/politics/donald-trump/idaho-man-charged-threatening-kill-trump-phone-calls-mar-lago-rcna172374,nbc,politics,Idaho man charged with threatening to kill Trump in phone calls to Mar a Lago
https://www.nbcnews.com/politics/supreme-court/clarence-thomas-opinion-jack-smith-appointed-special-counsel-rcna161975,nbc,politics,Clarence Thomas signaled how he might rule on a challenge to Trump special counsel. Would other justices follow?
https://www.foxnews.com/politics/esper-replacement-chris-miller-tells-us-troops-its-time-to-come-home,fox,politics,Esper replacement Chris Miller tells US troops: 'It's time to come home'
https://www.foxnews.com/entertainment/euphoria-sydney-sweeney-sex-symbol-nude-scenes,fox,entertainment,"'Euphoria' star Sydney Sweeney on being a sex symbol, why she 'won't stop' doing nude scenes"
https://www.nbcnews.com/politics/2024-election/litigation-certainty-trumps-call-end-birthright-citizenship-face-mount-rcna162314,nbc,politics,'Litigation is a certainty': Trump's call to end birthright citizenship would face a mountain of opposition
https://www.nbcnews.com/politics/2024-election/harris-agenda-2024-election-policy-plans-rcna166938,nbc,politics,Harris is rolling out her agenda. She'll need a Democratic Congress to pass it.
https://www.foxnews.com/lifestyle/meet-the-american-who-first-recorded-blues-nations-original-pop-diva-mamie-smith,fox,lifestyle,"Meet the American who first recorded the blues, nation's original pop diva Mamie Smith"
https://www.foxnews.com/politics/democrats-censor-remove-rfk-jr-hearing-censorship-despicable-comments.print,fox,politics,"Democrats try to censor, remove RFK Jr. at hearing on censorship"
https://www.foxnews.com/lifestyle/new-jersey-restaurant-breaks-guinness-world-record-largest-tequila-mezcal-library,fox,lifestyle,"New Jersey restaurant breaks Guinness World Record for largest tequila, mezcal library"
https://www.foxnews.com/politics/supreme-court-rules-favor-jan-6-capitol-riot-participant-challenged-obstruction-conviction.print,fox,politics,Supreme Court rules in favor of Jan. 6 Capitol riot participant who challenged obstruction conviction
https://www.nbcnews.com/select/shopping/best-amazon-travel-mugs-rcna104393,nbc,select,These Amazon travel mugs keep your coffee hot all morning long
https://www.foxnews.com/media/boyd-jr-america-divided-bitterness-hatred-need-come-together,fox,media,Boyd Jr.: America is divided on 'bitterness' and 'hatred' when we need to come together
https://www.nbcnews.com/news/world/north-korea-kim-jong-un-calls-south-korea-foreign-hostile-country-rcna176058,nbc,news,"North Korea's Kim Jong Un calls South Korea a foreign, hostile country"
https://www.nbcnews.com/select/shopping/cyber-monday-beauty-wellness-deals-2022-ncna1301377,nbc,select,"Shop discounts on razors, duvets, nail care and more this Cyber Monday"
https://www.foxnews.com/politics/female-athlete-injured-transgender-player-slams-dem-lawmakers-who-dismissed-dangers.print,fox,politics,Female athlete injured by transgender player slams Dem lawmakers who dismissed dangers
https://www.nbcnews.com/news/latino/cuba-hundreds-take-streets-rare-protests-economic-crisis-deepens-rcna143871,nbc,news,"In Cuba, hundreds take to the streets in rare protests as economic crisis deepens"
https://www.nbcnews.com/news/asian-america/new-jeans-billboard-award-rcna123225,nbc,news,NewJeans says they're more than solely K pop stars as they break global barriers
https://www.nbcnews.com/politics/2024-election/montana-senate-candidate-tim-sheehy-women-indoctrinated-abortion-rcna174390,nbc,politics,Montana GOP Senate candidate says women have been 'indoctrinated' on abortion
https://www.nbcnews.com/news/world/hamas-says-chosen-yahya-sinwar-mastermind-oct-7-attacks-new-leader-rcna165437,nbc,news,Hamas announces Yahya Sinwar as new political head following Ismail Haniyeh assassination
https://www.nbcnews.com/select/shopping/micellar-water-dry-shampoo-rcna164558,nbc,select,TikTokers are using micellar water as dry shampoo but does it actually work? We asked experts
https://www.foxnews.com/entertainment/taylor-swifts-songs-reappear-tiktok-ahead-pop-stars-new-album-release-despite-dispute,fox,entertainment,Taylor Swift's songs reappear on TikTok ahead of pop star's new album release despite dispute
https://www.nbcnews.com/news/world/palestinian-gunman-kills-2-officials-meet-discuss-surge-violence-rcna72369,nbc,news,Palestinian gunman kills 2 as officials meet to discuss surge in violence
https://www.nbcnews.com/select/shopping/best-sun-hats-upf-ncna1235377,nbc,select,Dermatologists say that sunscreen isn't enough here's what you should be using for full sun protection
https://www.nbcnews.com/select/shopping/best-shampoo-for-dry-hair-rcna125381,nbc,select,Dry hair? Here's how often you should wash it
https://www.nbcnews.com/politics/2024-election/dnc-chair-says-majority-delegates-voted-give-harris-democratic-nominat-rcna164743,nbc,politics,DNC chair says majority of delegates have voted to give Harris the Democratic nomination
https://www.foxnews.com/media/bill-maher-trump-right-dangerous-rhetoric-aimed-him-but-he-threat-democracy,fox,media,"Bill Maher: Trump is 'right' about the dangerous rhetoric aimed at him, 'but he is a threat to democracy!'"
https://www.foxnews.com/lifestyle/planning-vacation-experts-workers-think,fox,lifestyle,Planning a 2 week vacation getaway? Experts say workers should think again
https://www.foxnews.com/world/israel-strikes-hezbollah-targets-lebanon-after-two-rounds-device-explosions,fox,world,Israel strikes Hezbollah targets in Lebanon after two rounds of device explosions
https://www.nbcnews.com/sports/cricket/us-pakistan-cricket-world-cup-historic-upset-rcna155977,nbc,sports,The ultimate embarrassment for a cricket powerhouse: Losing to Team USA
https://www.foxnews.com/politics/trump-announces-may-fundraising-following-massive-post-verdict-haul.print,fox,politics,Trump verdict fires up the donor class leading to massive May fundraising haul
https://www.nbcnews.com/news/asian-america/andy-kim-mike-crispi-north-korea-flag-rcna175890,nbc,news,'Not everything in life is a conspiracy': Andy Kim rejects claim he wore North Korean flag
https://www.nbcnews.com/pop-culture/pop-culture-news/taylor-swift-will-release-eras-tour-concert-film-streaming-celebrate-b-rcna126843,nbc,pop-culture,Taylor Swift will release 'The Eras Tour' concert film to streaming to celebrate her birthday
https://www.foxnews.com/entertainment/elton-john-bids-farewell-philadelphia-freedom-performance,fox,entertainment,Elton John bids farewell to Philly with 'Philadelphia Freedom' performance
https://www.foxnews.com/politics/arizona-speech-vance-next-president-americans-first-slams-fema-money-migrants,fox,politics,"In Arizona speech, Vance says next president must put Americans first, slams FEMA money for migrants"
https://www.foxnews.com/lifestyle/singer-gavin-degraw-surprises-us-soldiers-rescue-pets-paws-war-initiative,fox,lifestyle,Singer Gavin DeGraw surprises US soldiers with rescue pets through Paws of War initiative
https://www.foxnews.com/media/white-women-kamala-speaker-tells-viewers-never-correct-black-women-put-our-listening-ears-on,fox,media,'White Women For Kamala' speaker tells viewers to never correct Black women: 'Put our listening ears on!'
https://www.nbcnews.com/politics/national-security/us-air-force-general-predicts-war-china-2025-memo-rcna67967,nbc,politics,"U.S. general predicts war with China in 2025, tells officers to get ready"
https://www.foxnews.com/politics/anti-israel-protesters-interrupt-jewish-students-testifying-congress-college-antisemitism,fox,politics,Anti Israel protesters interrupt Jewish students testifying before Congress on college antisemitism
https://www.nbcnews.com/politics/2024-election/one-minnesota-college-got-nearly-90-voter-turnout-pushing-rcna175968,nbc,politics,How one Minnesota college got nearly 90% voter turnout and is pushing for more
https://www.nbcnews.com/news/world/us-pauses-weapons-shipment-bombs-israel-rafah-assault-cease-fire-gaza-rcna151187,nbc,news,U.S. pauses bombs shipment to Israel amid Rafah assault dispute
https://www.foxnews.com/media/menendez-bros-attorney-speaks-out-case-amid-appeal,fox,media,"Menendez bros' attorney speaks out about their case amid appeal: 'Everything you think you know...you don't"""
https://www.foxnews.com/politics/sen-joe-manchin-calls-biden-step-aside-pass-torch-a-new-generation,fox,politics,"Sen. Joe Manchin calls on Biden to step aside, pass torch to 'a new generation'"
https://www.foxnews.com/politics/pennsylvania-survey-finds-harris-leading-trump-narrowly-identifies-her-biggest-weakness-pollster-says,fox,politics,"Pennsylvania survey finds Harris leading Trump narrowly, identifies her 'biggest weakness,' pollster says"
https://www.nbcnews.com/politics/2024-election/trump-says-wont-participate-presidential-debates-harris-rcna170905,nbc,politics,Trump says he won't debate Harris again
https://www.foxnews.com/politics/riley-gaines-visits-rnc-message-new-york-ag-letitia-james-democrats-claiming-party-women.print,fox,politics,"Riley Gaines visits RNC with message for New York AG Letitia James, Democrats claiming to be party for women"
https://www.foxnews.com/politics/trumps-first-campaign-event-since-second-assassination-attempt-town-hall-key-battleground,fox,politics,Trump's first campaign event since second assassination attempt to be town hall in key battleground
https://www.foxnews.com/politics/obama-speech-secure-border-without-tearing-kids-from-parents-omits-somber-dhs-report-missing-migrants,fox,politics,Obama speech to secure border without 'tearing' kids from parents omits somber DHS report on missing migrants
https://www.nbcnews.com/politics/donald-trump/false-claims-fema-disaster-funds-migrants-pushed-trump-rcna173955,nbc,politics,False claims about FEMA disaster funds and migrants pushed by Trump
https://www.foxnews.com/opinion/black-history-month-1776-unites-resilience-bob-woodson,fox,opinion,Bob Woodson: Black History Month here's how we celebrate resilience and the promise of 1776
https://www.nbcnews.com/politics/politics-news/biden-student-loan-forgiveness-borrowers-repayments-rcna119032,nbc,politics,Biden approved $9 billion in student loan debt relief. Here's what you need to know.
https://www.foxnews.com/world/russia-fired-80-cruise-missile-ukraine-retaliation-kerch-bridge-explosion-officials,fox,world,Russia fired more than 80 cruise missiles into Ukraine in 'retaliation' of Kerch Bridge explosion: officials
https://www.nbcnews.com/select/shopping/how-to-clean-mattress-rcna138853,nbc,select,"You should be cleaning your mattress, not just your sheets. Here's how to do it"
https://www.foxnews.com/opinion/ncaa-blockbuster-admission-says-about-future-women-sports,fox,opinion,What the NCAA's blockbuster admission says about the future of women's sports
https://www.nbcnews.com/news/world/israel-hamas-war-gaza-new-phase-netanyahu-rcna158982,nbc,news,Israeli war's latest phase may reckon with tension between dismantling Hamas and rescuing hostages
https://www.foxnews.com/politics/trump-applauds-catholic-groups-multi-million-anti-harris-campaign-appealing-church-faithful,fox,politics,Trump applauds Catholic group's multi million anti Harris campaign appealing to Church faithful
https://www.foxnews.com/media/questions-bidens-age-dems-media-comedians-keep-piling-up-following-hur-report,fox,media,"Questions of Biden's age among Dems, media, comedians keep piling up following Hur report"
https://www.nbcnews.com/politics/elections/republicans-say-time-wake-call-abortion-rcna124118,nbc,politics,Republicans say it's time for a wake up call on abortion. Again.
https://www.nbcnews.com/investigations/police-roof-trump-shooter-butler-rally-never-spoke-secret-service-rcna172007,nbc,investigations,"Local police responsible for roof where Trump shooter hid at Butler rally had never spoken to Secret Service, report says"
https://www.foxnews.com/politics/top-five-clashes-harris-trump-presidential-debate-im-talking-now,fox,politics,Top five clashes of the Harris Trump presidential debate: 'I'm talking now'
https://www.nbcnews.com/politics/congress/house-poised-impeach-trump-second-time-incitement-insurrection-n1254051,nbc,politics,"House impeaches Trump for second time, days before term expires"
https://www.foxnews.com/world/putin-says-he-backs-harris-over-trump-adds-hes-ready-talks-ukraine,fox,world,"Putin says he backs Harris over Trump, adds he's ready for talks with Ukraine"
https://www.nbcnews.com/news/world/north-korea-claims-progress-developing-hypersonic-missile-rcna144201,nbc,news,North Korea claims progress in developing a hypersonic missile designed to strike distant U.S. targets
https://www.nbcnews.com/politics/politics-news/secret-service-director-kimberly-cheatle-expected-tell-house-hearing-a-rcna163010,nbc,politics,House committee skewers Secret Service director for not answering major questions on Trump assassination attempt
https://www.foxnews.com/us/trump-assassination-attempt-suspects-possible-personal-vendetta-among-investigators-4-key-questions,fox,us,Trump assassination attempt: Suspect's possible 'personal vendetta' among investigators' 4 key questions
https://www.foxnews.com/politics/scotus-take-up-challenge-biden-admins-ghost-gun-rule-group-deems-abusive.print,fox,politics,SCOTUS to take up challenge to Biden admin's ghost gun rule that group deems 'abusive'
https://www.foxnews.com/entertainment/charlie-sheen-denise-richards-support-sami-sheen-onlyfans,fox,entertainment,Charlie Sheen's ex Denise Richards vows to 'support' their daughter Sami after actor disapproves OnlyFans page
https://www.foxnews.com/official-polls/fox-news-poll-biden-trump-tie-wisconsin-head-to-head-matchup,fox,official-polls,Poll: Biden and Trump tie in Wisconsin head to head matchup
https://www.foxnews.com/us/oklahoma-city-outlaw-biker-boss-jumped-killed-nearly-year-to-day-after-texas-gunfight,fox,us,"Oklahoma City outlaw biker boss jumped, killed nearly year to day after Texas gunfight"
https://www.foxnews.com/media/biden-reveals-meaning-come-to-jesus-expression-hot-mic-moment-following-sotu,fox,media,Biden reveals meaning of 'come to Jesus' expression from hot mic moment following the SOTU
https://www.foxnews.com/us/tren-de-aragua-gang-member-illegal-venezuelan-migrant-arrested-houston,fox,us,"Tren de Aragua gang member, illegal Venezuelan migrant, arrested in Houston"
https://www.nbcnews.com/politics/immigration/jocelyn-nungaray-houston-trump-biden-debate-immigration-rcna158394,nbc,politics,Death of 12 year old girl in Texas fuels Trump Biden debate on immigration
https://www.foxnews.com/health/ear-infections-young-children-could-lead-delayed-speech-study-finds,fox,health,"Ear infections in young children could lead to delayed speech for them, study finds"
https://www.foxnews.com/politics/not-minnesota-nice-gop-congressman-playing-tim-walz-debate-prep-jd-vance-argues-hes-empty-suit,fox,politics,Not Minnesota nice: GOP congressman playing Tim Walz in debate prep with JD Vance argues he's an 'empty suit'
https://www.nbcnews.com/news/world/hamas-chief-ismail-haniyeh-killed-israeli-airstrike-iran-hamas-says-rcna164425,nbc,news,"Hamas political leader Ismail Haniyeh killed in Iran, group says"
https://www.foxnews.com/lifestyle/this-day-history-september-18-1870-old-faithful-geyser-wyoming-discovered-named.print,fox,lifestyle,"On this day in history, September 18, 1870, Old Faithful geyser in Wyoming is documented and named"
https://www.foxnews.com/media/trump-mocks-bidens-beach-naps-somebody-convinced-him-he-looks-great-bathing-suit.print,fox,media,Trump mocks Biden's beach naps: 'somebody convinced him he looks great in a bathing suit'
https://www.nbcnews.com/news/world/prigozhin-plane-crash-sabotage-explosion-evidence-rcna101756,nbc,news,"YevgenyPrigozhin plane crash was likely sabotage, evidence suggests"
https://www.foxnews.com/politics/hardline-gop-effort-decentralize-senate-leader-authority-dashed-mcconnell-ally.print,fox,politics,Hard line GOP effort to decentralize Senate leader authority dashed by McConnell ally
https://www.nbcnews.com/politics/white-house/us-qatar-agree-not-release-iran-6-billion-prisoner-swap-rcna120135,nbc,politics,U.S. and Qatar agree not to release Iran's $6B
https://www.nbcnews.com/nbc-out/out-news/california-store-owner-mother-nine-shot-killed-pride-flag-displayed-sh-rcna100849,nbc,nbc-out,"California store owner, mother of 9, fatally shot over a Pride flag displayed in her shop"
https://www.foxnews.com/politics/who-yahya-sinwar-israeli-prisoner-militant-hamas-leader.print,fox,politics,Who was Yahya Sinwar? The Israeli prisoner turned terrorist Hamas leader killed by IDF troops
https://www.foxnews.com/politics/fireworks-expected-final-pennsylvania-senate-debate-race-may-decide-chambers-majority,fox,politics,Fireworks expected in final Pennsylvania Senate debate in race that may decide chamber's majority
https://www.foxnews.com/media/kamala-harris-avoided-interviews-two-weeks-since-becoming-presumptive-dem-nominee,fox,media,Kamala Harris has avoided interviews for more than two weeks since becoming Dem nominee
https://www.nbcnews.com/select/shopping/best-work-home-pants-men-ncna1266296,nbc,select,"The best men's work from home pants: Everlane, Bonobos and more"
https://www.nbcnews.com/select/shopping/vitruvi-essential-oil-diffuser-ncna1296532,nbc,select,The Vitruvi Stone Diffuser helps me fall asleep faster and is now on sale
https://www.foxnews.com/politics/environmentalists-blocking-forest-management-methods-saving-sequoias-yosemite-wildfire,fox,politics,Environmentalists are blocking forest management methods saving iconic sequoias amid Yosemite wildfire
https://www.nbcnews.com/news/us-news/how-billions-pandemic-aid-was-swindled-con-artists-crime-syndicates-n1257766,nbc,news,How billions in pandemic aid was swindled by con artists and crime syndicates
https://www.nbcnews.com/business/consumer/peloton-recalls-22-million-exercise-bikes-safety-hazard-rcna83932,nbc,business,Peloton recalls 2.2 million exercise bikes over safety hazard
https://www.nbcnews.com/news/world/lebanons-hezbollah-allies-lose-majority-parliament-election-rcna28962,nbc,news,"Hezbollah, allies lose majority in Lebanon's parliament after election"
https://www.foxnews.com/politics/walz-repeats-georgia-abortion-death-falsehood-decried-doctors-fearmongering,fox,politics,Walz repeats Georgia abortion death falsehood decried by doctors as 'fearmongering'
https://www.nbcnews.com/news/latino/song-wins-latin-grammy-one-songwriters-cuban-prison-rcna6150,nbc,news,A hit song wins a Latin Grammy. One of its songwriters is in a Cuban prison.
https://www.nbcnews.com/data-graphics/map-excessive-extreme-heat-vulnerable-your-neighborhood-rcna84666,nbc,data-graphics,Map: How vulnerable is your neighborhood to excessive heat?
https://www.foxnews.com/media/kamala-harris-support-arab-muslim-communities-michigan-tenuous-democratic-strategist,fox,media,Kamala Harris' support with Arab and Muslim communities in Michigan is 'tenuous': Democratic strategist
https://www.nbcnews.com/politics/national-security/cia-director-iranian-attack-israel-was-spectacular-failure-rcna148461,nbc,politics,CIA director: Iranian attack on Israel was a 'spectacular failure'
https://www.nbcnews.com/science/climate-change/hurricane-milton-rapid-intensification-climate-change-rcna174260,nbc,science,Hurricane Milton's rapid intensification is part of a climate fueled trend
https://www.nbcnews.com/politics/2024-election/local-election-officials-georgia-must-certify-results-judge-rules-rcna175467,nbc,politics,"Local election officials in Georgia must certify results, state judge rules"
https://www.foxnews.com/politics/biden-ends-bid-second-term-white-house-he-drops-out-his-2024-rematch-trump,fox,politics,Biden ends bid for second term in White House as he drops out of his 2024 rematch with Trump
https://www.foxnews.com/politics/swing-state-voters-tell-nyt-ditching-biden-trump-2024,fox,politics,Swing state voters tell NYT why they're ditching Biden for Trump in 2024
https://www.nbcnews.com/politics/2024-election/michelle-obama-office-trump-seeks-might-just-one-black-jobs-rcna167426,nbc,politics,Michelle Obama: The office Trump seeks 'might just be one of those Black jobs'
https://www.nbcnews.com/politics/2024-election/trump-vows-stop-gender-affirming-care-minors-re-elected-president-rcna68461,nbc,politics,Trump vows to 'stop' gender affirming care for minors if re elected president
https://www.nbcnews.com/select/shopping/best-wrist-ankle-weights-ncna1267241,nbc,select,The trick to getting gym level intensity from the comforts of home? Adding ankle and wrist weights here are our favorites
https://www.foxnews.com/sports/sean-paytons-broncos-take-advantage-depleted-saints-roster-head-coachs-return-new-orleans,fox,sports,Sean Payton's Broncos take advantage of depleted Saints roster in head coach's return to New Orleans
https://www.foxnews.com/health/one-family-donates-four-kidneys-save-new-york-mans-life-defied-all-odds,fox,health,One family donates four kidneys to save a New York man's life: 'Defied all odds'
https://www.foxnews.com/us/biden-award-medal-of-honor-korean-war-retired-georgia-colonel,fox,us,Biden awards first Medal of Honor to Korean War hero
https://www.nbcnews.com/politics/justice-department/judge-questions-dojs-handling-jan-6-rioter-scuffled-officer-died-suici-rcna82979,nbc,politics,Judge questions DOJ's handling of a Jan. 6 rioter who 'scuffled' with an officer who died by suicide
https://www.nbcnews.com/politics/2024-election/ron-desantis-says-us-shouldnt-take-refugees-gaza-rcna120457,nbc,politics,Ron DeSantis says U.S. shouldn't take in refugees from Gaza
https://www.foxnews.com/politics/trump-risks-losing-some-pro-life-voters-unless-he-changes-his-tune-abortion-activist-warns,fox,politics,"Trump risks losing some pro life voters unless he changes 'his tune' on abortion, activist warns"
https://www.nbcnews.com/politics/elections/glenn-youngkin-united-virginia-republicans-15-week-abortion-ban-pushed-rcna119199,nbc,politics,Glenn Youngkin united Virginia Republicans around a 15 week abortion ban. Some have pushed to go further.
https://www.foxnews.com/lifestyle/delicious-no-churn-cake-ice-cream-recipe-makes-perfect-use-leftover-slices-try-recipe,fox,lifestyle,Delicious no churn cake ice cream makes perfect use of leftover slices: Try the recipe
https://www.nbcnews.com/news/world/israel-far-right-hostage-families-cease-fire-negotiation-rcna126486,nbc,news,Hostage deal exposes tensions between Israel's far right and hostage families
https://www.foxnews.com/media/latinos-shifting-trump-because-have-internalized-racism-journalist-claims,fox,media,"Latinos shifting to Trump because they have 'internalized racism,' journalist claims"
https://www.foxnews.com/official-polls/fox-news-poll-majorities-approve-president-biden-dropping-out-2024-race-dont-think-he-should-resign,fox,official-polls,"Poll: Majorities approve President Biden dropping out of 2024 race, but don't think he should resign"
https://www.foxnews.com/politics/first-potentially-only-presidential-debate-between-harris-trump-being-held-crucial-battleground,fox,politics,First and potentially only presidential debate between Harris and Trump being held in crucial battleground
https://www.nbcnews.com/politics/taylor-swift-transcends-americas-political-divides-barely-rcna125908,nbc,politics,How Taylor Swift transcends America's political divides barely
https://www.nbcnews.com/politics/politics-news/mypillow-lawyers-say-ceo-mike-lindell-owes-millions-dollars-rcna119058,nbc,politics,MyPillow lawyers say CEO Mike Lindell owes them millions of dollars
https://www.nbcnews.com/select/shopping/best-sunscreens-kids-according-dermatologists-ncna1019866,nbc,select,All kids 6 months and older should be wearing sunscreen regardless of skin tone
https://www.foxnews.com/politics/nebraska-gop-senator-opposes-electoral-college-change-may-have-helped-trump-win-re-election,fox,politics,Nebraska GOP senator opposes Electoral College change that may have helped Trump win re election
https://www.nbcnews.com/politics/2024-election/harris-accepts-invitation-second-debate-october-rcna172104,nbc,politics,Harris accepts invitation for second potential debate in October
https://www.foxnews.com/politics/biden-replacement-illinois-gov-pritzker-keeping-options-open-some-democrats-look-new-blood,fox,politics,Biden replacement? Illinois Gov. Pritzker keeping options open as some Democrats look for new blood
https://www.nbcnews.com/politics/donald-trump/trump-describes-detail-shot-assassin-rcna162647,nbc,politics,Trump describes in detail being shot by a would be assassin
https://www.foxnews.com/media/trump-thrilled-harris-tapping-very-liberal-tim-walz-running-mate-shocking-pick,fox,media,Trump 'thrilled' with Harris tapping 'very liberal' Tim Walz as running mate: 'Shocking pick'
https://www.foxnews.com/lifestyle/this-day-history-sept-8-1565-st-augustine-oldest-city-north-america-settled-spain,fox,lifestyle,"On this day in history, Sept. 8, 1565, St. Augustine oldest city in North America is settled by Spain"
https://www.nbcnews.com/politics/donald-trump/secret-service-boosts-protection-donald-trump-rcna172368,nbc,politics,Secret Service takes new steps to boost protection around Trump
https://www.foxnews.com/us/sniper-killed-would-be-trump-assassin-one-million-shot-source,fox,us,Sniper killed would be Trump assassin with 'one in a million shot': source
https://www.nbcnews.com/politics/politics-news/us-soldier-detained-russia-officials-say-rcna150928,nbc,politics,"U.S. soldier detained in Russia and accused of stealing, officials say"
https://www.nbcnews.com/news/nbcblk/trump-comments-kamala-harris-race-multiracial-voters-2024-election-rcna164856,nbc,news,Mixed race voters say Donald Trump's attacks on Kamala Harris' race are painfully familiar
https://www.nbcnews.com/news/world/gaza-hospitals-israel-hamas-international-law-rcna125889,nbc,news,International law questions abound as Israeli forces raid Gaza hospitals
https://www.foxnews.com/politics/from-shark-tank-campaign-trail-mark-cuban-teams-up-kamala-harris.print,fox,politics,From the 'Shark Tank' to the campaign trail: Mark Cuban teams up with Kamala Harris
https://www.nbcnews.com/news/world/netanyahu-speech-congress-israel-hostage-families-gaza-hamas-rcna163581,nbc,news,"Netanyahu's speech was cheered in Congress, decried by hostage families back home"
https://www.foxnews.com/politics/republican-convention-gets-underway-two-days-after-trump-survived-assassination-attempt,fox,politics,Republican convention gets underway two days after Trump survived an assassination attempt
https://www.foxnews.com/media/don-lemon-speaks-out-about-cnn-firing,fox,media,"Don Lemon speaks out about CNN firing, says he feels 'vindicated' after ex boss was ousted"
https://www.foxnews.com/politics/harris-does-about-face-several-far-left-policies-distances-herself-from-biden,fox,politics,"Harris does about face on several far left policies, distances herself from Biden"
https://www.foxnews.com/politics/biden-blames-european-trips-debate-flop-despite-long-huddle-camp-david-almost-fell-asleep-onstage.print,fox,politics,"Biden blames European trips for debate flop, despite long huddle at Camp David: 'Almost fell asleep onstage'"
https://www.foxnews.com/media/tim-walz-turns-down-ny-times-interview-requests-about-response-george-floyd-riots,fox,media,Tim Walz turns down NY Times interview requests about response to George Floyd riots
https://www.nbcnews.com/politics/2024-election/kamala-harris-questions-trumps-transparency-releases-medical-report-rcna174896,nbc,politics,Harris questions Trump's transparency with voters after she releases her medical report
https://www.nbcnews.com/news/world/humanitarian-crisis-grips-gaza-rcna120467,nbc,news,Humanitarian crisis grips Gaza
https://www.foxnews.com/media/ron-desantis-says-harris-has-no-role-hurricane-preparation-i-dont-have-time-political-games,fox,media,Ron DeSantis says Harris has 'no role' in hurricane response: 'I don't have time for political games'
https://www.nbcnews.com/politics/florida-abortion-ballot-measure-2024-constitution-rcna129771,nbc,politics,Florida abortion rights groups collect enough signatures to advance ballot measure
https://www.foxnews.com/us/trump-assassination-attempt-butler-pennsylvania-town-manager-defends-police-amid-response-misconception,fox,us,"Trump assassination attempt: Butler, Pennsylvania town manager defends police amid response 'misconception'"
https://www.nbcnews.com/news/epstein-victim-drops-lawsuit-lawyer-alan-dershowitz-rcna56250,nbc,news,Epstein victim drops her lawsuit against lawyer Alan Dershowitz
https://www.nbcnews.com/news/world/israel-rafah-strike-ground-assault-dont-cross-bidens-red-line-rcna154428,nbc,news,White House says Israel's Rafah strike and ground assault don't cross Biden's 'red line'
https://www.foxnews.com/entertainment/john-lennon-final-days-1980-music-dakota,fox,entertainment,"John Lennon's final days were blissful as he thrived on music, book says: 'You can feel this positive emotion'"
https://www.foxnews.com/politics/itll-upend-community-pa-town-roiled-talk-migrant-housing-civil-war-era-orphanage-building.print,fox,politics,'It'll upend the community': PA town roiled by talk of migrant housing in Civil War era orphanage building
https://www.foxnews.com/politics/biden-admin-under-fire-opening-borders-food-imports-potentially-containing-devastating-disease.print,fox,politics,Biden admin under fire for opening borders to food imports potentially containing devastating disease
https://www.foxnews.com/lifestyle/this-day-history-jan-8-1790-george-washington-delivers-first-state-union-address,fox,lifestyle,"On this day in history, January 8, 1790, George Washington delivers first ever State of the Union address"
https://www.foxnews.com/us/jewish-students-uc-berkeley-fight-campus-antisemitism-not-hiding-anymore,fox,us,Jewish students at UC Berkeley fight against campus antisemitism: 'We're not hiding anymore'
https://www.foxnews.com/lifestyle/pastor-greg-laurie-john-lennon-god-today.print,fox,lifestyle,Pastor Greg Laurie details how John Lennon found God and why it matters today
https://www.foxnews.com/politics/blinken-meets-with-qatars-prime-minister.print,fox,politics,"Blinken meets Qatar PM, says Israeli actions are not 'retaliation,' but 'defending the lives of its people'"
https://www.foxnews.com/food-drink/cake-democracy-sweet-combination-bestselling-author-freedom-treat,fox,food-drink,"Cake and democracy are a 'sweet' combination, says bestselling author: 'Freedom is a treat'"
https://www.nbcnews.com/politics/politics-news/elaine-chao-issues-rare-rebuke-trump-racist-attacks-rcna67605,nbc,politics,Elaine Chao issues rare rebuke of Trump over his racist attacks on her
https://www.foxnews.com/politics/republican-buttigieg-playing-politics-comments-turbulence-climate-change,fox,politics,Critics accuse Buttigieg of 'playing politics' after comments linking turbulence to climate change
https://www.foxnews.com/us/cdc-urges-proper-cooking-wild-game-family-sickened-bear-meat-parasite,fox,us,CDC urges proper cooking of wild game after family sickened by bear meat parasite
https://www.nbcnews.com/news/illinois-man-charged-murder-fatal-stabbing-palestinian-american-boy-pl-rcna122757,nbc,news,Illinois man charged with murder in the fatal stabbing of a Palestinian American boy pleads not guilty
https://www.foxnews.com/politics/chicago-schools-sex-ed-curriculum-teaches-elementary-school-kids-about-gender-identity-puberty-blockers,fox,politics,"Chicago schools' sex ed curriculum teaches elementary school kids about gender identity, puberty blockers"
https://www.nbcnews.com/news/world/china-sanctions-5-us-defense-companies-taiwan-arms-sales-rcna132694,nbc,news,China sanctions 5 U.S. defense companies over Taiwan arms sales
https://www.foxnews.com/politics/trump-has-9-point-lead-most-important-issue-voters-poll,fox,politics,Trump has 9 point lead on most important issue to voters: poll
https://www.foxnews.com/opinion/civil-rights-movement-betrayed-progressive-ideology-bob-woodson.print,fox,opinion,Bob Woodson: The Civil Rights Movement I was a part of has been betrayed by a twisted progressive ideology
https://www.foxnews.com/us/witness-saw-trump-assassination-suspect-flee-bushes-took-photo-getaway-car,fox,us,"Witness saw Trump assassination suspect flee bushes, took photo of getaway car"
https://www.foxnews.com/sports/herschel-walker-says-obama-forgot-our-fight-right-vote-after-scolding-black-voters-against-harris,fox,sports,Herschel Walker says Obama 'forgot our fight for right to vote' after scolding Black voters against Harris
https://www.foxnews.com/media/hillary-clinton-floated-mightiest-all-biden-replacements-column-gets-mocked-online.print,fox,media,"Hillary Clinton floated as 'mightiest of all' Biden replacements in column, gets mocked online"
https://www.nbcnews.com/pop-culture/victorias-secret-fashion-show-what-expect-controversies-hiatus-rcna175325,nbc,pop-culture,Victoria's Secret Fashion Show return: What to expect
https://www.foxnews.com/media/cbs-stephen-colbert-takes-democratic-party-shilling-new-level-as-he-hosts-convo-glitzy-biden-fundraiser,fox,media,CBS' Stephen Colbert takes Democratic Party shilling to new level as he hosts convo at glitzy Biden fundraiser
https://www.foxnews.com/entertainment/denise-richards-felt-guilty-splitting-up-family-divorce-charlie-sheen,fox,entertainment,Denise Richards 'felt guilty' for splitting up her family after divorce from Charlie Sheen
https://www.foxnews.com/politics/trump-visits-atlanta-chick-fil-a-buys-customers-chicken-shakes,fox,politics,"Trump visits Atlanta Chick fil A, buys customers chicken and shakes"
https://www.nbcnews.com/select/shopping/best-sensitive-skin-products-ncna1303313,nbc,select,The best gentle skin care products for sensitive skin
https://www.foxnews.com/health/puppies-rescued-hurricane-helene-rehomed-military-veterans-first-responders,fox,health,"Puppies rescued from Hurricane Helene to be rehomed with military veterans, first responders"
https://www.nbcnews.com/politics/2024-election/harris-proposes-raising-corporate-tax-rate-28-rolling-back-trump-law-rcna167208,nbc,politics,"Harris proposes raising the corporate tax rate to 28%, rolling back a Trump law"
https://www.nbcnews.com/select/shopping/best-single-serve-coffee-makers-ncna1281365,nbc,select,How to shop for single serve coffee makers
https://www.foxnews.com/lifestyle/disney-alternative-provides-wholesome-family-faith-entertainment-that-missing-culture,fox,lifestyle,Disney 'alternative' provides wholesome family and faith entertainment that's missing in today's culture
https://www.foxnews.com/lifestyle/travel-essentials-for-first-cruise,fox,lifestyle,Don't set sail without these 17 cruise essentials
https://www.foxnews.com/sports/womens-volleyball-team-transgender-player-getting-police-security-amid-backlash-lawsuit,fox,sports,Women's volleyball team with transgender player getting police protection amid backlash and lawsuit
https://www.nbcnews.com/news/world/palestinians-israeli-troops-kill-9-west-bank-raid-rcna67578,nbc,news,Palestinians say Israeli troops kill 10 in West Bank violence
https://www.foxnews.com/media/national-black-farmers-president-issues-dire-warning-biden-admin-heading-food-shortage,fox,media,National Black Farmers president issues dire warning to Biden admin: 'We're heading for a food shortage'
https://www.foxnews.com/us/texas-woman-robbed-gunpoint-ritzy-neighborhood-4-venezuelan-illegal-immigrants-gang-ties.print,fox,us,"Texas woman robbed, pistol whipped in ritzy Dallas area by illegal Venezuelan migrants with gang ties: report"
https://www.foxnews.com/health/reduce-dementia-risk-seniors-should-take-outdoor-activity-study-suggests.print,fox,health,"To reduce dementia risk, seniors should take up this outdoor activity, study suggests"
https://www.foxnews.com/us/florida-residents-wouldnt-evacuate-from-milton-heres-how-theyre-doing,fox,us,These Florida residents wouldn't evacuate from Milton here's how they're doing
https://www.nbcnews.com/news/world/iran-blame-violence-killed-mahsa-amini-un-finds-rcna142504,nbc,news,"Iran to blame for violence that killed Mahsa Amini, U.N. finds"
https://www.foxnews.com/sports/4-horses-died-churchill-downs-ahead-149th-kentucky-derby,fox,sports,4 horses have died at Churchill Downs ahead of 149th Kentucky Derby
https://www.nbcnews.com/select/shopping/best-point-and-shoot-cameras-rcna130454,nbc,select,I've tested nearly a dozen point and shoot cameras these are the best no matter your experience level
https://www.nbcnews.com/politics/2024-election/-enemy-trump-claims-democrats-are-dangerous-us-foreign-adversaries-rcna175198,nbc,politics,'The enemy from within': Trump calls Democrats more dangerous than U.S. foreign adversaries
https://www.foxnews.com/health/halloween-costume-contact-lenses-scarier-cdc,fox,health,Halloween costume contact lenses may be scarier than you think
https://www.foxnews.com/lifestyle/100-wwii-veteran-first-pitch-long-island-ducks-ballpark,fox,lifestyle,100 year old WWII veteran throws first pitch at Long Island Ducks ballpark
https://www.foxnews.com/media/fetterman-reams-ny-times-platforming-terrorist-propaganda-after-interview-senior-hamas-official,fox,media,Fetterman reams out NY Times for platforming terrorist propaganda after interview with senior Hamas official
https://www.nbcnews.com/science/environment/heat-wave-record-temperatures-california-arizona-october-rcna173796,nbc,science,October heat wave sets dozens of records in California and Arizona
https://www.foxnews.com/lifestyle/deployed-soldier-pleads-rescue-puppy-found-overseas.print,fox,lifestyle,Deployed soldier pleads for rescue of puppy found overseas: 'Part of my soul'
https://www.foxnews.com/us/tennessee-shooting-nashville-police-release-security-camera-footage-covenant-school-attack-killed-6,fox,us,Tennessee shooting: Nashville police release security camera footage of Covenant school attack that killed 6
https://www.foxnews.com/media/fox-news-digital-thumps-cnn-ny-times-other-major-news-brands-key-metrics-during-second-quarter,fox,media,"Digital thumps CNN, NY Times, other major brands in key metrics during second quarter"
https://www.foxnews.com/politics/zelenskyy-downplays-comment-trump-doesnt-know-how-end-russias-war-ukraine,fox,politics,Zelenskyy downplays comment that Trump doesn't know how to end Russia's war with Ukraine
https://www.foxnews.com/us/nashville-shooter-audrey-hale-transgender-woman-opened-fire-covenant-school.print,fox,us,Nashville school shooter Audrey Hale: Who is 28 year old transgender former student who opened fire at school
https://www.nbcnews.com/news/nbcblk/simple-reason-kamala-harris-shade-room-rcna175931,nbc,news,The simple reason Kamala Harris is on The Shade Room
https://www.nbcnews.com/politics/2024-election/trump-pushes-baseless-claim-immigrants-eating-pets-rcna170537,nbc,politics,Trump pushes baseless claim about immigrants 'eating the pets'
https://www.foxnews.com/politics/tim-walz-claims-using-ivf-have-family-arent-exactly-true-report,fox,politics,Tim Walz's claims about using IVF to have family aren't exactly true
https://www.nbcnews.com/politics/congress/mike-johnson-wont-commit-bringing-house-back-election-hurricane-relief-rcna174174,nbc,politics,Mike Johnson won't commit to bringing House back before the election for more hurricane relief
https://www.foxnews.com/media/snl-head-insists-therell-no-trump-harris-cameos-season-cites-equal-time-provisions,fox,media,"'SNL' head insists there'll be no Trump or Harris cameos this season, cites 'equal time provisions'"
https://www.foxnews.com/sports/cowboys-demarcus-lawrence-says-he-burned-through-his-entire-rookie-salary-his-3rd-season,fox,sports,Cowboys' DeMarcus Lawrence says he burned through his entire rookie salary by his 3rd season
https://www.nbcnews.com/news/world/israel-gaza-aid-letter-blinken-austin-warning-netanyahu-government-rcna175657,nbc,news,Stern U.S. letter prompts Israel to allow first aid into northern Gaza this month. Will it last?
https://www.nbcnews.com/news/world/russian-veto-brings-end-un-panel-monitors-north-korea-nuclear-sanction-rcna145577,nbc,news,Russian veto brings an end to the U.N. panel that monitors North Korea nuclear sanctions
https://www.foxnews.com/politics/cattlemen-roast-vegan-nyc-mayor-cracking-down-food-part-climate-agenda,fox,politics,Cattlemen roast vegan NYC mayor for cracking down on food as part of climate agenda
https://www.foxnews.com/media/jd-vance-calls-out-deranged-mindset-we-need-illegal-immigrants-build-houses,fox,media,JD Vance calls out 'deranged' mindset that we need illegal immigrants to build houses
https://www.foxnews.com/politics/aoc-fires-back-fetterman-accuses-him-bleak-dunk-attempt,fox,politics,"AOC fires back at Fetterman, accuses him of 'bleak dunk attempt'"
https://www.foxnews.com/entertainment/euphorias-sydney-sweeney-faces-heat-moms-party-featuring-maga-like-hats-blue-lives-matter-shirt,fox,entertainment,"'Euphoria's' Sydney Sweeney faces heat for mom's party featuring MAGA like hats, 'Blue Lives Matter' shirt"
https://www.foxnews.com/politics/gop-moves-save-womens-sports-bill-backed-riley-gaines-headed-house-vote,fox,politics,GOP moves to 'save women's sports': Bill backed by Riley Gaines headed for House vote
https://www.nbcnews.com/news/asian-america/dave-min-congress-racist-slurs-vandalism-signs-rcna175317,nbc,news,Police arrest man after Korean American candidate's campaign signs appear spray painted with slurs
https://www.nbcnews.com/select/shopping/best-accessories-travel-awards-2024-rcna158329,nbc,select,We tested over 50 travel accessories for our first ever Travel Awards these are our favorites
https://www.nbcnews.com/select/shopping/jbl-clip-5-review-rcna172453,nbc,select,Amazon just marked down my favorite clip on speaker to a crazy low price
https://www.foxnews.com/politics/ryan-routh-armed-man-arrested-trump-golf-course-posted-prolifically-about-trump-politics,fox,politics,"Ryan Routh, armed man arrested at Trump golf course, posted prolifically about Trump, politics"
https://www.nbcnews.com/investigations/iran-helping-houthi-rebels-yemen-target-us-reaper-drones-us-officials-rcna171834,nbc,investigations,"Iran is helping the Houthi rebels in Yemen target and down U.S. Reaper drones, U.S. officials say"
https://www.nbcnews.com/news/world/live-blog/israel-hamas-war-live-updates-relief-hostage-release-gaza-border-set-o-rcna121527,nbc,news,First aid crosses into Gaza from Egypt
https://www.foxnews.com/media/biden-shrugs-off-age-concerns-friendly-seth-meyers-chat,fox,media,Biden shrugs off age concerns during friendly Seth Meyers chat: 'It's about how old your ideas are'
https://www.foxnews.com/sports/ncaa-faces-lawsuit-transgender-policies-fight-very-essence-womens-sports.print,fox,sports,NCAA faces lawsuit over transgender policies: 'Fight for the very essence of women's sports'
https://www.nbcnews.com/news/world/china-floods-drought-farming-wheat-climate-change-rcna96111,nbc,news,China's summer of extremes has farmers worried
https://www.foxnews.com/politics/harris-once-boasted-behind-scenes-work-get-every-trans-inmate-access-gender-surgeries,fox,politics,Harris once boasted of 'behind the scenes' work to get 'every' trans inmate access to gender surgeries
https://www.nbcnews.com/politics/2024-election/trump-glares-angrily-ahead-harris-stares-tense-debate-rcna170538,nbc,politics,"With smirks and head shakes, Harris uses the split screen format to provoke Trump"
https://www.nbcnews.com/news/world/we-don-t-deserve-10-year-old-girl-reflects-destruction-n1267576,nbc,news,"Girl, 10, asks America for help from Gaza City"
https://www.foxnews.com/live-news/may-30-trump-trial-jury-deliberations-day-2,fox,live-news,"Trump convicted on all counts in NY trial, Bragg makes remarks"
https://www.foxnews.com/lifestyle/nashville-hot-chicken-conquers-america-tennessee-tradition-popularity,fox,lifestyle,Nashville hot chicken conquers America: Tennessee tradition has exploded in popularity
https://www.foxnews.com/politics/trump-says-biden-is-not-fit-serve-who-going-running-country-next-5-months,fox,politics,Trump says Biden 'is not fit to serve': 'Who is going to be running the country for the next 5 months?'
https://www.nbcnews.com/news/world/israeli-woman-kidnapped-by-hamas-fighting-for-hostages-rcna172509,nbc,news,Israeli woman freed from Hamas captivity recalls brutal conditions inside tunnels
https://www.foxnews.com/media/cnns-christiane-amanpour-calls-out-boss-chris-licht-offers-stunning-rebuke-trump-town-hall,fox,media,"CNN's Christiane Amanpour calls out boss Chris Licht, offers stunning rebuke of Trump town hall"
https://www.nbcnews.com/politics/2024-election/barack-obama-cuts-new-ad-elissa-slotkin-battleground-michigan-senate-r-rcna173937,nbc,politics,Barack Obama cuts new ads in major Senate races
https://www.nbcnews.com/health/health-news/gaza-hospitals-airstrikes-children-supplies-power-rcna119877,nbc,health,Gaza hospitals face a 'tsunami of wounded' as supplies and power run out
https://www.foxnews.com/travel/autumn-new-england-six-states-pack-big-color-major-history-small-area,fox,travel,"Autumn in New England: 6 states pack big color, major history, in small area"
https://www.nbcnews.com/news/world/israel-hamas-war-gaza-battles-jabalia-rafah-evacuations-rcna151852,nbc,news,"Battles rage across Gaza as death toll tops 35,000 and tens of thousands evacuate Rafah"
https://www.nbcnews.com/select/shopping/cyber-monday-black-friday-deals-compared-ncna1279444,nbc,select,Which has better deals: Black Friday or Cyber Monday? Here's when to shop to save the most
https://www.foxnews.com/lifestyle/seattle-protesters-kirk-cameron-growing-real-pain,fox,lifestyle,Seattle protesters tell patriotic Kirk Cameron he's 'growing to be a real pain'
https://www.foxnews.com/health/taking-10k-steps-associated-reduction-risk-cancer-cardiovascular-disease-deaths-study.print,fox,health,"Taking 10K steps may be associated with reduction in risk of cancer, cardiovascular disease deaths: study"
https://www.nbcnews.com/select/shopping/amazon-climate-pledge-friendly-label-ncna1271141,nbc,select,"How to shop for the 75,000 Climate Pledge Friendly products on Amazon"
https://www.foxnews.com/media/harris-campaign-danger-zone-americans-worry-countrys-direction,fox,media,"Harris campaign is in 'danger zone' as Americans worry about country's direction, says CNN data guru"
https://www.nbcnews.com/select/shopping/target-circle-week-announcement-oct-2024-rcna171322,nbc,select,Target just announced the next Target Circle Week here's what you need to know
https://www.nbcnews.com/politics/justice-department/proud-boy-sentenced-rcna102857,nbc,politics,Proud Boy who smashed Capitol window with police shield sentenced to 10 years
https://www.foxnews.com/politics/kamala-harris-offers-vague-day-1-oval-office-plan-cnn-interview-a-number-things,fox,politics,Kamala Harris offers vague 'Day 1' Oval Office plan in CNN interview: 'A number of things'
https://www.foxnews.com/politics/how-would-president-whitmer-handle-immigration-border-crisis,fox,politics,"How would a President Whitmer handle immigration, border crisis?"
https://www.nbcnews.com/news/asian-america/harris-trump-poll-asian-american-voters-rcna172255,nbc,news,"Harris leads Trump by almost 40 points among Asian American voters, a new poll shows"
https://www.nbcnews.com/select/shopping/target-circle-loyalty-program-ncna1301043,nbc,select,Target Circle is free. Here's why you should use it.
https://www.foxnews.com/politics/newsoms-progressive-activism-debate-skills-among-vulnerabilities-potential-national-campaign-expert,fox,politics,"Newsom's progressive activism, debate skills among vulnerabilities in potential national campaign: expert"
https://www.nbcnews.com/politics/white-house/hundreds-jewish-organization-staffers-call-white-house-back-gaza-cease-rcna128465,nbc,politics,Hundreds of Jewish organization staffers call for White House to back Gaza cease fire
https://www.nbcnews.com/politics/politics-news/secretary-state-blinken-says-spoke-paul-whelan-week-rcna138703,nbc,politics,"Secretary of State Blinken says he spoke this week with Paul Whelan, former Marine imprisoned in Russia"
https://www.foxnews.com/food-drink/best-worst-foods-people-diabetes-maintain-good-health,fox,food-drink,Best and worst foods for people with diabetes to maintain good health
https://www.nbcnews.com/select/shopping/how-often-to-wash-hair-rcna136821,nbc,select,How often should you wash your hair? Experts weigh in
https://www.foxnews.com/politics/white-house-warns-ultra-maga-policies-abortion-ban-gop-takes-majority-congress,fox,politics,"White House warns of 'ultra MAGA' policies, abortion ban if GOP takes majority in Congress"
https://www.foxnews.com/politics/rent-too-damn-high-rosen-panned-biden-aligned-votes-high-housing-costs,fox,politics,"'Rent is too damn high': Rosen panned for Biden aligned votes, high housing costs"
https://www.foxnews.com/food-drink/tequila-more-than-shot-fun-facts-spirit,fox,food-drink,"Tequila is more than just a shot, plus other fun facts about this spirit"
https://www.nbcnews.com/news/hamas-attack-bears-hallmarks-iranian-involvement-former-us-officials-s-rcna119400,nbc,news,"Hamas attack bears hallmarks of Iranian involvement, former U.S. officials say"
https://www.nbcnews.com/politics/nebraska-2024-presidential-map-politics-desk-rcna146257,nbc,politics,How Nebraska could shake up the presidential map: From the Politics Desk
https://www.foxnews.com/media/msnbc-contributor-crisis-latinos-democratic-party,fox,media,MSNBC contributor complains of 'crisis' as Latinos move away from Democrats
https://www.foxnews.com/politics/harris-campaign-celebrates-georgia-judge-blocking-hand-count-ballot-rule.print,fox,politics,Harris campaign celebrates after Georgia judge blocks hand count ballot rule
https://www.foxnews.com/politics/harris-fires-up-major-swing-state-voters-first-campaign-rally-since-biden-quit-race,fox,politics,Harris repeats debunked claim Trump wants to 'ban' abortion during first campaign rally since Biden quit race
https://www.foxnews.com/sports/ravens-fan-seen-viral-fight-video-identified-has-warrant-issued-arrest-police-say.print,fox,sports,"Ravens fan seen in viral fight video identified, warrant issued for arrest, police say"
https://www.nbcnews.com/news/us-news/tiktoker-rachel-yaffe-dies-rare-liver-cancer-27-rcna175880,nbc,news,TikToker Rachel Yaffe dies of rare liver cancer at 27
https://www.foxnews.com/media/fox-news-digital-crushes-cnn-ny-times-key-metrics-during-unprecedented-july,fox,media,"Digital crushes CNN, NY Times in key metrics during unprecedented July"
https://www.foxnews.com/food-drink/5-egg-myths-dispelled-expert-tips-egg-lover,fox,food-drink,"5 egg myths dispelled by an expert, plus tips for every egg lover"
https://www.nbcnews.com/politics/supreme-court/live-blog/trump-immunity-supreme-court-ruling-live-updates-rcna159539,nbc,politics,"Trump has some immunity in D.C. election interference case, Supreme Court rules: Highlights"
https://www.nbcnews.com/politics/justice-department/tense-new-jan-6-video-shows-republican-congressmen-admonishing-rioters-rcna132625,nbc,politics,A tense new Jan. 6 video shows Republican congressmen admonishing rioters trying to enter House chamber
https://www.nbcnews.com/news/crime-courts/us-crime-rate-still-dropping-says-fbi-rcna144100,nbc,news,"The U.S. crime rate is still dropping, FBI data shows"
https://www.foxnews.com/media/dnc-attendees-pressed-what-harris-presidency-would-mean-middle-class,fox,media,DNC attendees pressed on what Harris presidency would mean for middle class
https://www.foxnews.com/us/houston-police-hunt-costumed-gunman-accomplice-after-strangers-argument-turns-deadly,fox,us,"Houston police hunt costumed gunman, accomplice after strangers' argument turns deadly"
https://www.foxnews.com/us/study-contradicts-claims-critical-race-theory-isnt-schools-90-students-exposed,fox,us,"Study contradicts claims critical race theory isn't in schools, over 90% students exposed to it"
https://www.nbcnews.com/nbc-out/out-news/italy-makes-illegal-seek-surrogacy-abroad-rcna175758,nbc,nbc-out,Italy makes it illegal to seek surrogacy abroad
https://www.nbcnews.com/politics/2024-election/live-blog/dnc-2024-live-updates-rcna165226/rcrd52513?canonicalCard=true,nbc,politics,Police make at least one arrest after some protesters breached a barricade and refused to leave
https://www.foxnews.com/politics/fetterman-lauds-israel-leaving-iran-exposed-humiliated-after-strikes-hamas-hezbollah.print,fox,politics,"Fetterman lauds Israel for leaving Iran 'exposed and humiliated' after strikes on Hamas, Hezbollah"
https://www.nbcnews.com/politics/2024-election/federal-judge-blocks-alabama-voter-purge-program-rcna175808,nbc,politics,Federal judge blocks Alabama's voter purge program ahead of election
https://www.foxnews.com/travel/world-traveling-couple-walks-across-least-visited-country-under-60-seconds,fox,travel,World traveling couple walks across 'least visited country' in under 60 seconds
https://www.foxnews.com/politics/unearthed-photo-shows-tim-walz-appointee-decorated-house-posters-communist-dictators,fox,politics,Unearthed photo shows Tim Walz appointee decorated house with posters of murderous communist dictators
https://www.foxnews.com/media/politico-alters-headline-calling-kamala-harris-support-banning-fracking-trump-accusation,fox,media,Politico alters headline calling Kamala Harris' support for banning fracking a 'Trump accusation'
https://www.nbcnews.com/weather/hurricanes/92-people-still-missing-north-carolina-hurricane-helene-governor-says-rcna175503,nbc,weather,"92 people still missing in North Carolina after Hurricane Helene, governor says"
https://www.nbcnews.com/politics/2024-election/jd-vance-says-trump-veto-national-abortion-ban-rcna168084,nbc,politics,JD Vance says Trump would veto a national abortion ban
https://www.nbcnews.com/nbc-out/out-politics-and-policy/rnc-speakers-lean-homophobic-transphobic-rhetoric-rcna162505,nbc,nbc-out,RNC speakers lean into homophobic and transphobic rhetoric
https://www.nbcnews.com/politics/supreme-court/liberal-justices-say-trump-immunity-decision-will-disastrous-consequen-rcna159755,nbc,politics,Liberal justices say Trump immunity decision 'will have disastrous consequences' for the U.S.
https://www.foxnews.com/politics/gorsuch-blasts-sotomayors-dissent-in-christian-web-designer-ruling-reimagines-facts-from-top-to-bottom.print,fox,politics,Gorsuch blasts Sotomayor's dissent in Christian web designer ruling: 'Reimagines' facts from 'top to bottom'
https://www.foxnews.com/lifestyle/ahead-sept-11-2023-washington-pastor-urges-remember-loved-ones-find-peace-purpose,fox,lifestyle,"Ahead of Sept. 11, 2023, Washington pastor urges, 'Remember our loved ones' and 'find peace and purpose'"
https://www.nbcnews.com/politics/2024-election/live-blog/dnc-2024-live-updates-rcna165226/rcrd52630?canonicalCard=true,nbc,politics,Biden receives more than four minutes of applause
https://www.nbcnews.com/news/world/live-blog/israel-hamas-war-live-updates-gaza-hit-shelling-israel-defends-evacuat-rcna120419/rcrd21310?canonicalCard=true,nbc,news,"Hundreds waiting at Rafah crossing as it remains closed, says woman trapped in Gaza"
https://www.foxnews.com/politics/fox-news-politics-crunch-time-harris.print,fox,politics,Politics: Crunch time for Harris
https://www.foxnews.com/politics/michelle-obama-wore-3k-pantsuit-dnc-while-touting-her-parents-were-suspicious-wealthy,fox,politics,Michelle Obama wore nearly $3K pantsuit to DNC while touting her parents were 'suspicious' of the wealthy
https://www.foxnews.com/auto/jeep-saluting-u-s-military-veterans-cash-back-deal,fox,auto,"Jeep saluting US military and veterans with $1,000 cash back deal"
https://www.foxnews.com/politics/hospital-delayed-emergency-abortion-bears-blame-georgia-womans-death-familys-lawyer-claims,fox,politics,"Hospital that delayed emergency abortion bears blame for Georgia woman's death, family's lawyer claims"
https://www.nbcnews.com/select/shopping/best-facial-cleansing-brush-ncna1235250,nbc,select,"If you can't squeeze in a facial, these cleansing brushes are the next best thing"
https://www.foxnews.com/media/researchers-argue-rapid-onset-gender-dysphoria-does-exist-despite-narrative-against-it,fox,media,"Researchers argue 'rapid onset gender dysphoria' does exist, despite narrative against it"
https://www.foxnews.com/politics/former-leader-walzs-battalion-publishes-scathing-message-aimed-governors-military-career-report,fox,politics,Former leader of Walz's battalion publishes scathing message aimed at governor's military career: Report
https://www.nbcnews.com/news/world/putin-visit-north-korea-kim-jong-un-rcna157463,nbc,news,Putin to visit North Korea starting Tuesday for talks with Kim Jong Un
https://www.nbcnews.com/news/world/senior-hamas-leader-killed-beirut-was-key-figure-patched-ties-iran-rcna131993,nbc,news,Senior Hamas leader killed in Beirut was a key figure who patched up ties with Iran
https://www.nbcnews.com/news/world/live-blog/israel-iran-live-updates-beirut-strikes-hezbollah-ayatollah-rcna173983,nbc,news,Israel targets presumed new Hezbollah leader in massive Beirut strikes; Iran's leader issues warnings in rare speech
https://www.foxnews.com/politics/trump-team-calls-out-walz-weird-flex-veiled-vance-reference-dnc,fox,politics,Trump team calls out Walz for 'weird flex' after veiled Vance reference at DNC
https://www.nbcnews.com/politics/2024-election/kamala-harris-campaign-suburban-women-north-carolina-strategy-rcna171904,nbc,politics,Harris campaign seizes on suburban women as a key part of its North Carolina strategy
https://www.nbcnews.com/select/shopping/best-skin-care-products-rosacea-ncna1299897,nbc,select,"There's no real cure for rosacea, but there are ways to tame flare ups"
https://www.foxnews.com/us/utah-mom-kept-missing-daughter-hidden-cult-compound-months-help-from-adult-sons-prosecutors,fox,us,"Utah mom kept missing daughter, 5, hidden in cult 'compound' for months with help from adult sons: prosecutors"
https://www.nbcnews.com/politics/white-house/biden-cancels-nearly-6-billion-student-debt-78k-public-service-workers-rcna144378,nbc,politics,Biden cancels nearly $6 billion in student debt for 78K public service workers
https://www.nbcnews.com/news/world/israel-iran-attack-escalation-war-fears-drones-missiles-rcna147739,nbc,news,Biden officials fret that Israeli response to Iran's attack may trigger wider war
https://www.foxnews.com/politics/bernie-sanders-silent-cuban-pro-democracy-uprisings-praising-fidel-castros-communist-policies,fox,politics,Bernie Sanders silent on Cuban pro freedom uprisings after praising Fidel Castro's communist policies
https://www.foxnews.com/politics/oprah-winfrey-makes-surprise-dnc-appearance-rail-against-man-she-once-considered-running-office,fox,politics,Oprah Winfrey makes surprise DNC appearance to rail against man she once considered running for office with
https://www.nbcnews.com/news/world/sinwar-killed-hamas-gaza-israel-war-rcna176064,nbc,news,Sinwar's killing is a win for Israel but many Palestinians are proud of his defiant last stand
https://www.nbcnews.com/politics/justice-department/former-west-virginia-lawmaker-derrick-evans-sentenced-storming-capitol-rcna34329,nbc,politics,'Derrick Evans is in the Capitol!' he yelled. Derrick Evans has now been sentenced for storming the Capitol.
https://www.foxnews.com/politics/swiss-billionaire-backed-environmental-groups-spent-big-targeting-millions-biden-voters,fox,politics,Swiss billionaire backed environmental groups spent big targeting millions of Biden voters
https://www.nbcnews.com/select/shopping/best-retinol-creams-serums-acne-wrinkles-ncna1244298,nbc,select,How to incorporate retinol into your skin care routine without irritating your skin
https://www.foxnews.com/entertainment/ellen-degeneres-reveals-3-recent-health-diagnoses,fox,entertainment,Ellen DeGeneres reveals 3 health diagnoses after 'excruciating pain': 'I could disintegrate in the shower'
https://www.nbcnews.com/news/world/live-blog/live-updates-israel-urges-civilians-leave-eastern-rafah-cease-fire-hop-rcna150801,nbc,news,Hamas says it agreed to a cease fire proposal; Israel strikes Rafah and says deal âfar fromâ meeting its demands
https://www.foxnews.com/lifestyle/meet-american-invented-video-games-ralph-baer-german-jew-fled-nazis-served-us-army-wwii,fox,lifestyle,"Meet the American who invented video games, Ralph Baer, a German Jew who fled Nazis, served US Army in WWII"
https://www.foxnews.com/sports/taylor-swift-sits-separate-from-brittany-mahomes-chiefs-game-amid-trump-support-controversy.print,fox,sports,Taylor Swift sits separate from Brittany Mahomes at Chiefs game amid Trump support controversy
https://www.foxnews.com/politics/who-ryan-wesley-routh-alleged-gunman-trump-golf-club,fox,politics,Who is Ryan Wesley Routh: Alleged gunman at Trump golf club
https://www.nbcnews.com/politics/2024-election/rick-scott-debbie-mucarsel-powell-florida-primary-senate-rcna167143,nbc,politics,GOP Sen. Rick Scott to face off against Democrat Debbie Mucarsel Powell in Florida
https://www.foxnews.com/politics/tim-walz-said-he-went-china-dozens-times-now-his-campaign-says-its-closer-15.print,fox,politics,"Tim Walz said he went to China 'dozens' of times, now his campaign says its 'closer to 15'"
https://www.nbcnews.com/politics/congress/senate-poised-pass-significant-child-online-safety-bills-decades-rcna164259,nbc,politics,Senate passes the most significant child online safety bills in decades
https://www.foxnews.com/politics/voters-react-vance-non-answer-when-asked-trump-won-2020-election,fox,politics,Voters react to Vance 'non answer' when asked if Trump won 2020 election
https://www.foxnews.com/lifestyle/jack-carrs-take-9-11-terror-attacks-hope-lessons-afghanistan,fox,lifestyle,Jack Carr's take on the 9/11 terror attacks including 'hope' and the lessons from Afghanistan
https://www.foxnews.com/lifestyle/meet-american-made-flip-fast-food-white-castle-founder-billy-ingram,fox,lifestyle,Meet the American who made us flip for fast food: White Castle founder Billy Ingram
https://www.nbcnews.com/news/latino/judge-esther-salas-law-son-killed-gunman-target-rcna62637,nbc,news,"Latina judge applauds law named after son, killed by gunman targeting her"
https://www.foxnews.com/politics/early-voting-begins-california-texas-5-other-states,fox,politics,"Early voting begins in California, Texas, 5 other states"
https://www.foxnews.com/politics/nrsc-launches-funds-give-republican-senate-candidates-war-chest-key-2024-senate-races,fox,politics,NRSC launches funds to give Republican Senate candidates a 'war chest' for key 2024 Senate races
https://www.foxnews.com/us/jocelyn-nungaray-family-confirms-sexual-assault-opposes-death-penalty-murder-illegal-immigrants,fox,us,"Jocelyn Nungaray was sexually assaulted before alleged murder by illegal immigrants, family says"
https://www.nbcnews.com/politics/donald-trump/live-blog/capitol-riot-january-6-committee-hearing-n1275078,nbc,politics,Live updates: Police officers give firsthand account of Capitol riot
https://www.nbcnews.com/investigations/trump-doj-officials-supreme-court-made-easy-trump-attack-enemies-rcna160144,nbc,investigations,Some ex DOJ officials who worked for Trump say the Supreme Court just made it easy for him to weaponize the DOJ
https://www.nbcnews.com/news/us-news/iowa-meteorologist-quitting-tv-cites-ptsd-death-threat-climate-change-rcna90791,nbc,news,"Iowa meteorologist quitting TV, cites PTSD from death threat over climate change coverage"
https://www.nbcnews.com/politics/donald-trump/florida-judge-overseeing-trumps-trial-hobble-justice-departments-case-rcna88694,nbc,politics,How the Florida judge overseeing Trump's trial could hobble the Justice Department's case
https://www.foxnews.com/media/blue-philly-working-class-voters-start-leaning-towards-trump-ahead-election-people-actually-love-him,fox,media,Blue Philly working class voters start leaning toward Trump ahead of election: 'People actually love him'
https://www.foxnews.com/sports/auburn-cheeleader-knocks-down-oklahoma-player-running-onto-field-while-performing-stunts.print,fox,sports,Auburn cheerleader knocks down Oklahoma player running onto field while performing stunts
https://www.nbcnews.com/news/world/dozens-children-drown-hindu-festival-india-rcna172969,nbc,news,Dozens of children drown during Hindu festival in India
https://www.nbcnews.com/politics/national-security/china-wants-avoid-escalation-us-spy-chief-says-rcna73990,nbc,politics,"China wants to avoid escalation with U.S., U.S. spy chief says"
https://www.nbcnews.com/politics/2024-election/trump-compares-north-carolina-lt-gov-mark-robinson-martin-luther-king-rcna141523,nbc,politics,Trump calls GOP candidate with a history of offensive remarks 'Martin Luther King on steroids'
https://www.nbcnews.com/news/world/bts-k-pop-stars-military-service-south-korea-rcna52497,nbc,news,BTS stars to serve military duty in South Korea
https://www.foxnews.com/politics/gov-wolf-migrant-flights-only-passed-through-scranton-en-route-to-their-final-destination,fox,politics,Pennsylvania Gov. Wolf: Migrant flights only 'passed through' Scranton 'en route to their final destination'
https://www.foxnews.com/politics/house-gop-doubts-grow-johnson-digs-funding-fight-playing-government-shutdown,fox,politics,House GOP doubts grow as Johnson digs in on funding fight: 'Playing with a government shutdown'
https://www.foxnews.com/us/baltimore-key-bridge-collapse-cargo-ship-caused-disaster-2-power-failures-before-departure.print,fox,us,Baltimore Key Bridge collapse: Cargo ship that caused disaster had 2 power failures before departure
https://www.foxnews.com/politics/what-donald-trump-told-us-weekend-about-his-search-running-mate,fox,politics,Donald Trump has picked his running mate and they will be at Thursday's debate
https://www.nbcnews.com/politics/2024-election/poll-democrats-catch-election-enthusiasm-two-key-groups-lag-rcna176039,nbc,politics,"Poll: Democrats catch up on election enthusiasm, but two key groups lag behind"
https://www.nbcnews.com/select/shopping/last-minute-valentines-day-gifts-ncna1288868,nbc,select,21 last minute Valentine's Day gifts that will arrive quickly
https://www.nbcnews.com/tech/tech-news/tiktok-says-disrupted-15-influence-operations-year-one-china-rcna153831,nbc,tech,TikTok says it disrupted 15 influence operations this year including one from China
https://www.nbcnews.com/sports/nfl/tom-brady-expected-become-part-owner-nfls-las-vegas-raiders-rcna175455,nbc,sports,Tom Brady and partner Tom Wagner to pay over $200 million for stake in Las Vegas Raiders
https://www.nbcnews.com/news/world/north-korea-missiles-russia-ukraine-rcna123453,nbc,news,"North Korea has most likely sent missiles to Russia, South says"
https://www.foxnews.com/us/trump-assassination-suspect-wrote-chilling-letter-months-before-golf-course-plot-i-failed-you.print,fox,us,Trump assassination suspect wrote chilling letter months before golf course plot
https://www.foxnews.com/media/washington-post-kamala-harris-small-c-conservative,fox,media,Washington Post columnist panned for calling Kamala Harris a 'small c conservative'
https://www.nbcnews.com/news/world/israel-stand-alone-netanyahu-biden-rafah-weapons-hamas-rcna151608,nbc,news,U.S. still sending some weapons to Israel despite Biden's Rafah warning
https://www.nbcnews.com/politics/2024-election/gop-crackdowns-noncitizen-voting-ensnare-newly-naturalized-americans-rcna168234,nbc,politics,GOP crackdowns on noncitizen voting ensnare newly naturalized Americans
https://www.foxnews.com/politics/johnson-dhs-migrant-releases-gop-border-crisis,fox,politics,"Johnson grills DHS on migrant releases, as GOP pressure builds on border crisis"
https://www.foxnews.com/sports/trans-inclusion-womens-sports-becomes-hotter-topic.print,fox,sports,Trans inclusion in women's sports becomes hotter topic in 2023
https://www.foxnews.com/media/maher-rips-rappers-profanity-laced-tired-against-usa-sure-big-hit-queers-gaza-crowd,fox,media,Maher rips rapper's profanity laced tirade against USA: 'Sure it was a big hit with the Queers for Gaza crowd'
https://www.foxnews.com/lifestyle/meet-american-founded-american-legion-theodore-roosevelt-privileged-fight-serve,fox,lifestyle,"Meet the American who founded the American Legion, Theodore Roosevelt Jr., privileged to fight and to serve"
https://www.foxnews.com/entertainment/jim-morrison-the-doors-memoir-robby-krieger,fox,entertainment,"The Doors' Jim Morrison had 'a fascination with death' before passing away at 27, bandmate Robby Krieger says"
https://www.nbcnews.com/select/shopping/bala-weights-fitness-gear-ncna1267112,nbc,select,"A shopping guide to Bala fitness gear, from Bangles to Bars"
https://www.foxnews.com/food-drink/nicholas-sparks-chicken-salad-recipe-leaves-fans-upset-secret-ingredient-gone-too-far,fox,food-drink,Nicholas Sparks' chicken salad recipe leaves fans upset over secret ingredient: 'Gone too far'
https://www.nbcnews.com/politics/2024-election/fact-check-presidential-debate-trump-harris-rcna169687,nbc,politics,Fact checking the presidential debate between Trump and Harris
https://www.nbcnews.com/politics/2024-election/republicans-spend-100-million-iowa-ads-come-rcna130856,nbc,politics,"Republicans spend over $100 million on Iowa ads, with more to come"
https://www.nbcnews.com/news/world/israel-hamas-war-gaza-tent-city-rafah-bombardment-sheets-buckets-rcna129543,nbc,news,'God help us': Displaced Gazans who fled bombardment now face health crisis in a makeshift tent city
https://www.foxnews.com/us/honduran-illegal-immigrant-deported-twice-sentenced-texas-burglary-ring,fox,us,"Honduran illegal immigrant deported from US twice, sentenced for leading Texas burglary ring: 'Masterminded'"
https://www.foxnews.com/media/x-melts-down-trump-musks-interview-space-immediately-crashes,fox,media,X melts down after Trump Musk's interview 'Space' immediately crashes
https://www.nbcnews.com/news/world/protests-world-commemorate-76th-anniversary-nakba-call-cease-fire-gaza-rcna151966,nbc,news,Protests around the world commemorate 76th anniversary of the Nakba and call for a cease fire in Gaza
https://www.foxnews.com/food-drink/tiktok-video-fast-food-restaurant-shows-how-speedy-machine-makes-salad-bowl-no-time,fox,food-drink,TikTok video at fast food restaurant shows how speedy machine makes salad bowl in no time
https://www.foxnews.com/travel/oldest-jewish-book-world-display-museum-bible-ahead-rosh-hashanah,fox,travel,Rosh Hashanah prompts Museum of the Bible to display oldest Jewish book in the world
https://www.foxnews.com/politics/swing-state-gop-chair-slams-biden-harris-admin-out-of-touch-key-issue.print,fox,politics,Swing state GOP chair slams Biden Harris admin for being out of touch on key issue: 'Abandoned this country'
https://www.foxnews.com/sports/donald-trump-takes-clear-stance-transgender-athlete-participation-womens-sports-rnc-speech,fox,sports,Donald Trump takes clear stance on transgender athlete participation in women's sports in RNC speech
https://www.nbcnews.com/politics/congress/benjamin-netanyahu-address-congress-speaker-mike-johnson-says-rcna153847,nbc,politics,"Netanyahu to address Congress, House Speaker Mike Johnson says"
https://www.nbcnews.com/news/latino/taylor-swift-welcomed-brazil-christ-redeemer-statue-projection-rcna125542,nbc,news,Brazil's Christ the Redeemer welcomes Taylor Swift with unique display
https://www.foxnews.com/entertainment/kurt-cobain-courtney-love-attempted-escape-craziness-fame,fox,entertainment,Kurt Cobain and Courtney Love attempted to escape 'craziness' of fame
https://www.nbcnews.com/news/world/bangladesh-prime-minister-reportedly-ousted-student-led-protests-rcna165110,nbc,news,Bangladesh prime minister is ousted after weeks of deadly protests
https://www.nbcnews.com/investigations/agency-crisis-secret-service-decade-old-staffing-shortfall-rcna162698,nbc,investigations,'Agency in crisis': Secret Service has decade old staffing shortfall
https://www.foxnews.com/us/gold-star-families-gwot-memorial-national-mall,fox,us,"Gold Star families want National Mall memorial for service members killed in war on terror, decry delays"
https://www.nbcnews.com/news/world/no-sign-israel-gaza-violence-abating-amid-calls-end-bloodshed-n1267548,nbc,news,Israel pounds Gaza with heavy strikes as conflict enters second week
https://www.foxnews.com/us/border-patrol-apprehends-58k-migrants-august-down-from-record-250k-december,fox,us,"Border Patrol apprehends 58K migrants in August, down from record 250K in December"
https://www.nbcnews.com/news/world/israel-hamas-war-investigation-doctors-hospitals-targeted-gaza-rcna162684,nbc,news,"Israeli military is destroying hospitals and targeting medical staff in Gaza, doctors and nurses there say"
https://www.foxnews.com/politics/judge-rules-montana-law-defining-sex-only-male-female-unconstitutional,fox,politics,Judge rules Montana law defining sex as only male or female is unconstitutional
https://www.nbcnews.com/politics/2024-election/charlie-kirk-turning-point-donald-trump-christian-nationalism-rcna156565,nbc,politics,Charlie Kirk once pushed a 'secular worldview.' Now he's fighting to make America Christian again.
https://www.foxnews.com/politics/new-york-republican-co-sponsors-bill-defending-ivf-treatment,fox,politics,New York Republican co sponsors bill defending IVF treatment
https://www.foxnews.com/politics/9-11-survivors-suffering-from-health-complications-completely-left-out-controversial-plea-deal,fox,politics,9/11 survivors with potentially fatal illnesses left out of controversial plea deal talks: attorneys
https://www.nbcnews.com/politics/congress/holding-photos-deceased-children-parents-lobby-congress-pass-online-sa-rcna136835,nbc,politics,"Holding photos of their deceased children, parents lobby Congress to pass online safety legislation"
https://www.foxnews.com/travel/travel-nfl-best-worst-tailgating-cities-your-wallet,fox,travel,Travel the NFL: Best and worst tailgating cities for your wallet
https://www.foxnews.com/world/south-korea-spy-agency-kim-jong-uns-daughter-likely-heir-dictatorship,fox,world,South Korea spy agency says Kim Jong Un's daughter is likely heir to dictatorship
https://www.nbcnews.com/business/business-news/zyn-maker-increases-production-capacity-new-600-million-facility-color-rcna162072,nbc,business,Zyn maker Philip Morris announces $600 million facility to produce the popular pouches in Colorado
https://www.foxnews.com/media/iowa-farmer-blasts-biden-inflation-warns-monthly-grocery-bills-increase-1000,fox,media,"Iowa farmer blasts Biden inflation, warns monthly grocery bills will increase $1,000"
https://www.nbcnews.com/politics/donald-trump/trump-launches-group-seeking-black-support-detroit-church-event-rcna156825,nbc,politics,Trump launches group to build Black support at Detroit church event
https://www.nbcnews.com/health/health-news/long-helene-iv-fluid-shortages-plagued-hospitals-rcna175563,nbc,health,"Long before Helene, IV fluid shortages plagued hospitals"
https://www.foxnews.com/entertainment/bruce-willis-relatively-incommunicative-not-totally-verbal-dementia-diagnosis,fox,entertainment,"Bruce Willis is relatively 'incommunicative,' 'not totally verbal' after dementia diagnosis, friend reveals"
https://www.nbcnews.com/investigations/trump-says-crime-up-fbi-numbers-say-crime-historic-lows-rcna173590,nbc,investigations,Trump says crime is out of control. The numbers tell a different story.
https://www.nbcnews.com/news/world/prigozhin-plane-crash-what-we-know-video-flight-radar-rcna101557,nbc,news,"Videos, flight data show plane crash believed to have killed Prigozhin"
https://www.foxnews.com/us/university-michigan-jewish-students-rabbi-held-gunpoint-during-dinner,fox,us,"University of Michigan Jewish students, rabbi held at gunpoint during dinner"
https://www.nbcnews.com/politics/politics-news/false-pet-claims-springfield-ohio-mayor-says-trump-visit-strain-rcna171558,nbc,politics,"After false pet claims, Springfield mayor says Trump visit would be 'an extreme strain' on resources"
https://www.nbcnews.com/news/world/canada-india-killing-sikh-activist-hardeep-singh-nijjar-rcna105749,nbc,news,"Canada accuses India of an assassination on its soil, leading both countries to expel diplomats"
https://www.nbcnews.com/politics/politics-news/virginia-gov-youngkin-eyes-15-week-abortion-ban-consensus-voters-will-rcna101476,nbc,politics,Virginia Gov. Youngkin eyes a 15 week abortion ban as a 'consensus' voters would back
https://www.nbcnews.com/politics/joe-biden/hunter-biden-settles-long-running-child-support-case-arkansas-rcna91937,nbc,politics,Hunter Biden settles long running child support case in Arkansas
https://www.nbcnews.com/news/world/india-g20-christian-church-attack-rcna103571,nbc,news,Religious violence reaches India's capital as a Hindu mob swarms a church
https://www.nbcnews.com/politics/donald-trump/trump-indicted-jan-6-grand-jury-2020-election-rcna95199,nbc,politics,Special counsel charges Trump with conspiracy to defraud the U.S.
https://www.nbcnews.com/news/world/russia-china-vladimir-putin-xi-jingpin-ukraine-rcna152749,nbc,news,Putin concludes China trip by emphasizing ties with Russia
https://www.foxnews.com/politics/walz-mocked-after-being-caught-video-struggling-load-his-own-shotgun.print,fox,politics,Walz mocked after being caught on video struggling to load his own shotgun
https://www.foxnews.com/sports/transgender-backlash-prompts-pro-womens-soccer-team-apologize-too-many-balls-branding-announcement.print,fox,sports,Transgender backlash prompts pro women's soccer team to apologize for 'too many balls' branding announcement
https://www.nbcnews.com/politics/national-security/top-israeli-official-ron-dermer-yelling-meeting-us-officials-gaza-rcna146293,nbc,politics,Top Israeli official Ron Dermer began yelling during a meeting with U.S. officials on Gaza
https://www.nbcnews.com/select/shopping/best-home-teeth-whitening-products-ncna1253852,nbc,select,These over the counter teeth whitening products come pretty close to giving you dentist office results
https://www.nbcnews.com/politics/2024-election/live-blog/trump-harris-presidential-election-live-updates-rcna172156/rcrd56341?canonicalCard=true,nbc,politics,Blinken says he's 'profoundly disappointed' over contempt vote
https://www.foxnews.com/media/cnn-anchor-invokes-nazi-germany-blasts-trumps-antisemitic-incredibly-dangerous-remarks-jewish-dems.print,fox,media,"CNN anchor invokes Nazi Germany, blasts Trump's 'antisemitic and incredibly dangerous' remarks on Jewish Dems"
https://www.nbcnews.com/politics/2024-election/kamala-harris-running-president-democratic-challengers-vp-biden-rcna162939,nbc,politics,Kamala Harris is officially running for president. Will any Democrats challenge her?
https://www.foxnews.com/politics/biden-admin-facing-congressional-probe-proposed-ban-menthol-cigarettes.print,fox,politics,Biden admin facing congressional probe over proposed ban on menthol cigarettes
https://www.nbcnews.com/news/world/israel-lebanon-ground-invasion-rcna172913,nbc,news,Israel launches invasion into southern Lebanon targeting Hezbollah
https://www.foxnews.com/politics/jd-vance-makes-choice-critical-senate-race-gop-control-hangs-balance,fox,politics,JD Vance makes choice in critical Senate race as GOP control hangs in the balance
https://www.nbcnews.com/politics/donald-trump/trump-degrading-language-immigrants-rcna171120,nbc,politics,From 'rapists' to 'eating the pets': Trump has long used degrading language toward immigrants
https://www.nbcnews.com/science/science-news/maui-wildfires-grass-overgrown-nonnative-flammable-hawaii-rcna99963,nbc,science,"Left unchecked, Maui's nonnative grasses turned into wildfire fuel"
https://www.foxnews.com/lifestyle/on-this-day-history-jan-17-1706-benjamin-franklin-founding-father-born-boston,fox,lifestyle,"On this day in history, January 17, 1706, Benjamin Franklin, Founding Father, is born in Boston"
https://www.nbcnews.com/news/asian-america/anti-asian-hate-crimes-increased-339-percent-nationwide-last-year-repo-rcna14282,nbc,news,"Anti Asian hate crimes increased 339 percent nationwide last year, report says"
https://www.foxnews.com/media/bloodied-pro-cuba-demonstrator-slams-biden-cubans-dont-want-vaccines-they-want-freedom,fox,media,"'Bloodied' Little Havana demonstrator slams Biden: 'Cubans don't want vaccines, they want freedom'"
https://www.foxnews.com/world/north-korea-unveils-daughter-kim-jong-un-missile-launch,fox,world,North Korea unveils daughter of Kim Jong Un at missile launch site
https://www.foxnews.com/politics/top-5-moments-during-trump-harris-presidential-debate-im-talking-now,fox,politics,Top 5 moments during Trump Harris presidential debate: 'I'm talking now'
https://www.nbcnews.com/politics/donald-trump/major-setback-trump-appeals-court-ends-special-masters-review-seized-m-rcna59714,nbc,politics,"In major setback for Trump, appeals court ends special master's review of seized Mar a Lago records"
https://www.foxnews.com/politics/trump-blasts-harris-as-part-of-truth-social-flurry-on-what-she-didnt-mention-in-dnc-speech.print,fox,politics,Trump blasts Harris as part of Truth Social flurry on what she 'didn't mention' in DNC speech
https://www.nbcnews.com/tech/tech-news/fewer-people-using-elon-musks-x-struggles-keep-users-rcna144115,nbc,tech,"Fewer people are using Elon Musk's X as the platform struggles to attract and keep users, according to analysts"
https://www.foxnews.com/politics/tough-call-atlanta-voters-split-who-win-georgia.print,fox,politics,'Tough call': Atlanta voters split on who will win Georgia
https://www.foxnews.com/world/hamas-launches-rockets-from-gaza-one-year-after-oct-7-attacks-while-idf-strikes-terror-targets,fox,world,"Hamas launches rockets from Gaza one year after Oct. 7 attacks, while IDF strikes terror targets"
https://www.nbcnews.com/politics/congress/house-republicans-censure-rep-adam-schiff-trump-era-probes-rcna90451,nbc,politics,Republicans take the rare step of censuring Rep. Adam Schiff over Trump era probes
https://www.foxnews.com/media/trump-vance-ticket-has-done-combined-interviews-compared-harris-walz,fox,media,Trump Vance ticket has done combined 105 interviews since August compared to 103 for Harris Walz
https://www.foxnews.com/media/hurricane-helene-fox-weather-meteorologist-rescues-woman-from-car-live-shot-floodwaters-rise,fox,media,Hurricane Helene: Weather meteorologist rescues woman from car during live shot as floodwaters rise
https://www.nbcnews.com/politics/congress/house-passes-17-trillion-spending-bill-rewrites-us-election-law-sendin-rcna62608,nbc,politics,"House passes $1.7 trillion spending bill that rewrites U.S. election law, sending it to Biden to sign"
https://www.foxnews.com/media/sage-steele-calls-out-obama-scolding-black-men-lack-enthusiasm-kamala-harris-back-off,fox,media,Sage Steele calls out Obama for 'scolding' Black men for lack of enthusiasm for Kamala Harris: 'Back off!'
https://www.foxnews.com/us/tennessee-school-shooting-what-know-about-covenant-school-nashville,fox,us,Tennessee school shooting: What to know about Covenant School in Nashville
https://www.nbcnews.com/politics/2020-election/wisconsin-set-vote-national-guard-called-out-many-polling-places-n1178206,nbc,politics,"Wisconsin voters face long waits, lines amid coronavirus outbreak"
https://www.nbcnews.com/politics/2024-election/nebraska-supreme-court-rules-convicted-felons-completed-sentences-can-rcna175676,nbc,politics,Nebraska Supreme Court rules convicted felons who completed their sentences can vote
https://www.foxnews.com/travel/national-museum-marine-corps-unveils-new-exhibits-honoring-soldiers-made-ultimate-sacrifice,fox,travel,"National Museum of the Marine Corps unveils new exhibits, honoring those 'who made the ultimate sacrifice'"
https://www.foxnews.com/politics/zuckerberg-expressing-regrets-admits-bowing-biden-administration-pressure-remove-content,fox,politics,"Zuckerberg, expressing regrets, admits bowing to Biden administration pressure to remove content"
https://www.nbcnews.com/news/world/india-dalits-still-feel-bottom-caste-ladder-n1239846,nbc,news,They're Hindu too but still feel at the bottom of India's social ladder
https://www.nbcnews.com/news/world/live-blog/israel-hamas-war-live-updates-rcna121849,nbc,news,U.S. intel says it has âhigh confidenceâ Israel didnât cause Gaza hospital blast
https://www.nbcnews.com/news/us-news/janet-jackson-tells-interviewer-heard-kamala-harris-not-black-echoing-rcna172121,nbc,news,"Janet Jackson tells interviewer she's heard Kamala Harris is not Black, echoing election disinformation"
https://www.nbcnews.com/news/us-news/delphi-murders-trial-richard-allen-what-know-rcna175789,nbc,news,Delphi murders trial: What we know about Richard Allen and the teens he was convicted of killing
https://www.foxnews.com/media/44-days-kamala-harris-has-yet-do-formal-press-conference-since-emerging-democratic-nominee,fox,media,107 days: Kamala Harris has yet to do formal press conference since emerging as Democratic nominee
https://www.foxnews.com/politics/supreme-court-rules-favor-colorado-graphic-designer-refused-create-same-sex-wedding-websites,fox,politics,Supreme Court rules in favor of Colorado graphic designer who refused to create same sex wedding websites
https://www.foxnews.com/health/alzheimers-dementia-diagnoses-vary-zip-code-study-finds,fox,health,"Alzheimer's and other dementia diagnoses can vary by zip code, new study finds"
https://www.nbcnews.com/select/shopping/best-sunscreen-skiing-snowboarding-rcna175919,nbc,select,There's no such thing as a waterproof sunscreen. Here's what SPF to wear while skiing
https://www.nbcnews.com/news/world/death-heartbreak-every-turn-kibbutz-gaza-was-ambushed-hamas-rcna119975,nbc,news,Death and heartbreak at every turn in kibbutz near Gaza that was ambushed by Hamas
https://www.nbcnews.com/tech/tech-news/nbcuniversal-ad-chief-leaves-twitter-rcna84128,nbc,tech,Former NBCUniversal ad chief Linda Yaccarino named CEO of Twitter
https://www.nbcnews.com/politics/2024-election/poll-harris-trump-democrats-advantage-latino-voters-continues-shrink-rcna172686,nbc,politics,Poll: Democrats' advantage with Latino voters continues to shrink
https://www.foxnews.com/world/vietnam-war-formally-ends-this-day-in-history,fox,world,Vietnam War formally ends: This Day in History
https://www.nbcnews.com/science/environment/extreme-heat-cities-growing-problem-climate-warms-study-finds-rcna3379,nbc,science,"Extreme heat in cities a growing problem as climate warms, study finds"
https://www.foxnews.com/politics/bidens-star-studded-nyc-fundraiser-25m-photo-clinton-obama-100k,fox,politics,"Biden's star studded NYC fundraiser raises more than $25M where photo with him, Clinton, Obama costs $100K"
https://www.nbcnews.com/news/world/israel-airstrikes-hit-gaza-after-rocket-attacks-clashes-intensify-jerusalem-n1265180,nbc,news,Israel airstrikes hit Gaza after rocket attacks
https://www.nbcnews.com/politics/biden-vowed-consequences-saudi-arabia-oil-production-cut-us-no-plans-f-rcna59799,nbc,politics,Biden vowed 'consequences' for Saudi Arabia after oil production cut. But the U.S. has no plans to follow through.
https://www.nbcnews.com/tech/tech-news/esim-card-gaza-palestine-israel-war-hamas-rcna134498,nbc,tech,Palestinians are using donated eSIM cards to stay in touch with the outside world
https://www.foxnews.com/opinion/boy-beat-track-sexually-harassed-biden-thinks-problem.print,fox,opinion,A boy beat me in track and sexually harassed me. Biden thinks I'm the problem
https://www.foxnews.com/media/morning-joe-hosts-staff-shocked-after-being-only-msnbc-show-monday-replaced-nbc-news-feed,fox,media,"'Morning Joe' hosts, staff shocked after being only MSNBC show Monday replaced by feed"
https://www.nbcnews.com/politics/2024-election/live-blog/trump-harris-election-live-updates-rcna175179/rcrd60345?canonicalCard=true,nbc,politics,Harris bashes Trump for calling himself 'the father of IVF'
https://www.nbcnews.com/politics/2024-election/kamala-harris-talks-mcdonalds-gig-criticizing-trumps-economic-plans-rcna172763,nbc,politics,Harris talks up McDonald's gig in criticizing Trump's economic plans
https://www.nbcnews.com/news/world/violence-between-israel-hamas-shows-no-sign-slowing-n1267055,nbc,news,"More than 70 dead as violence escalates between Israel, Hamas"
https://www.foxnews.com/media/philadelphia-crime-surge-democrat-scanlon-carjacked,fox,media,Philadelphia attorney says crime 'out of control' after Dem lawmaker is carjacked at gunpoint
https://www.foxnews.com/media/cnn-says-democrats-anxious-about-tight-race-people-nervous-having-flashbacks-2016.print,fox,media,Democrats reportedly anxious about tight race: 'People are nervous... having flashbacks to 2016'
https://www.nbcnews.com/select/shopping/best-stainless-steel-cookware-rcna169399,nbc,select,"Using stainless steel cookware can actually make your food taste better, according to experts"
https://www.foxnews.com/lifestyle/this-day-history-april-1-1945-us-forces-invade-okinawa-last-major-battle-wwii,fox,lifestyle,"On this day in history, April 1, 1945, US forces invade Okinawa, last major battle of World War II"
https://www.foxnews.com/travel/travelers-tiktok-making-grocery-stores-hottest-vacation-destination.print,fox,travel,Travelers on TikTok are making grocery stores the hottest vacation 'destination'
https://www.foxnews.com/sports/riley-gaines-rips-georgia-tech-president-remarks-lawmakers-why-didnt-you-protect-me,fox,sports,Riley Gaines rips Georgia Tech president in remarks to lawmakers: 'Why didn't you protect me?'
https://www.nbcnews.com/news/world/pressure-netanyahu-israeli-hostages-rcna122945,nbc,news,'Bring them home now': Pressure mounts on Netanyahu to prioritize Israeli hostages
https://www.nbcnews.com/news/world/israeli-cabinet-members-join-thousands-marching-west-bank-sign-right-w-rcna79146,nbc,news,Israeli Cabinet members join thousands marching to West Bank in a sign the right wing government hopes to accelerate settlements
https://www.nbcnews.com/select/shopping/slip-silk-sleep-mask-ncna1260550,nbc,select,Why I use my Slip silk sleep mask every night for a good night's sleep
https://www.nbcnews.com/news/us-news/nyc-mayor-eric-adams-charged-bribery-wire-fraud-scheme-spanning-nearly-rcna172804,nbc,news,NYC Mayor Eric Adams charged with bribery and wire fraud in scheme spanning nearly 10 years
https://www.nbcnews.com/news/world/live-blog/united-nations-general-assembly-live-updates-rcna172388,nbc,news,World leaders flock to U.N. General Assembly
https://www.nbcnews.com/news/world/china-reports-third-quarter-gdp-growth-46-slightly-beating-expectation-rcna176047,nbc,news,"China reports third quarter GDP growth of 4.6%, slightly beating expectations"
https://www.nbcnews.com/news/world/israel-strikes-lebanon-hezbollah-revenge-device-blasts-nasrallah-rcna171946,nbc,news,Israel says it killed a top Hezbollah official in 'targeted' Beirut strike
https://www.nbcnews.com/select/shopping/best-gifts-under-25-ncna1299948,nbc,select,"41 surprisingly great gifts, all for $25 or less"
https://www.nbcnews.com/politics/donald-trump/donald-trump-verdict-hush-money-trial-rcna152492,nbc,politics,Donald Trump found guilty in historic New York hush money case
https://www.foxnews.com/live-news/democratic-national-convention-august-22-2024,fox,live-news,Kamala Harris accepts Democratic nomination at the DNC 2024
https://www.nbcnews.com/news/asian-america/narendra-modi-india-election-us-opinion-rcna155712,nbc,news,"After election setbacks, Narendra Modi's image in the U.S. is more important than ever"
https://www.foxnews.com/entertainment/taylor-swift-brushes-off-wardrobe-malfunction-stage-during-stockholm-eras-tour-stop,fox,entertainment,Taylor Swift brushes off wardrobe malfunction on stage during Stockholm Eras Tour stop
https://www.nbcnews.com/politics/2024-election/kamala-harris-rallies-pennsylvania-bellwether-county-focuses-blue-wall-rcna175046,nbc,politics,"Harris rallies in a Pennsylvania bellwether county, calling Trump too 'unstable and unhinged' to be president"
https://www.nbcnews.com/investigations/three-fugitives-stole-18-million-covid-relief-loans-captured-montenegr-rcna17375,nbc,investigations,Three fugitives convicted in $18 million Covid relief scam captured in Montenegro
https://www.nbcnews.com/sports/nfl/jets-davante-adams-raiders-rcna173669,nbc,sports,Jets acquire WR Davante Adams from Raiders
https://www.nbcnews.com/politics/donald-trump/federal-judge-set-trump-trial-date-election-interference-case-rcna101669,nbc,politics,Federal judge sets Trump trial date in election interference case
https://www.nbcnews.com/politics/2024-election/ron-desantis-super-pac-never-back-down-jeff-roe-top-strategist-rcna130126,nbc,politics,Ron DeSantis' super PAC loses its top strategist in latest sign of turmoil
https://www.foxnews.com/politics/gop-lawmakers-warn-biden-parole-scheme-could-lead-massive-spike-marriage-fraud,fox,politics,GOP lawmakers warn Biden parole scheme could lead to massive spike in marriage fraud
https://www.nbcnews.com/news/us-news/asheville-north-carolina-helene-damage-rcna173131,nbc,news,Historic North Carolina village underwater after devastating damage from Helene
https://www.nbcnews.com/shopping/eco-friendly/favorite-eco-friendly-products-n1264537,nbc,shopping,"Staff picks: Eco friendly bags, straws and skincare"
https://www.nbcnews.com/politics/justice-department/new-jan-6-footage-appears-show-rioter-firing-gun-air-capitol-attack-rcna138137,nbc,politics,New Jan. 6 footage appears to show rioter firing a gun in the air during Capitol attack
https://www.nbcnews.com/politics/donald-trump/trump-bring-country-together-abortion-meet-the-press-rcna105311,nbc,politics,Trump criticizes Republicans pushing abortion bans with no exceptions: 'You're not going to win'
https://www.nbcnews.com/politics/politics-news/capitol-police-officer-brian-sicknick-died-natural-causes-after-riot-n1264562,nbc,politics,"Capitol Police Officer Brian Sicknick died of natural causes after riot, medical examiner says"
https://www.nbcnews.com/politics/2024-election/tim-walz-makes-direct-appeal-conflicted-muslim-voters-rcna173863,nbc,politics,Tim Walz makes direct appeal to conflicted Muslim voters
https://www.nbcnews.com/politics/2020-election/congress-begin-electoral-vote-count-amid-protests-inside-outside-capitol-n1253013,nbc,politics,Congress confirms Biden's win after pro Trump mob's assault on Capitol
https://www.foxnews.com/sports/dodgers-star-mookie-betts-sends-warning-shot-mets-who-brink-elimination,fox,sports,"Dodgers star Mookie Betts sends warning shot to Mets, who are on brink of elimination"
https://www.nbcnews.com/nbc-out/out-pop-culture/hbos-last-us-adaptation-milestone-lgbtq-gamers-rcna67082,nbc,nbc-out,HBO's 'The Last of Us' adaptation is a milestone for LGBTQ gamers
https://www.foxnews.com/politics/litigation-minefield-georgia-republicans-readying-post-election-legal-strategy.print,fox,politics,Georgia Republicans readying post election legal strategy
https://www.nbcnews.com/select/shopping/best-squalene-products-rcna101821#anchor-Squaleneversussqualane,nbc,select,Dry skin? Squalene might be your saving grace
https://www.foxnews.com/us/pennsylvania-state-police-identify-victims-shot-during-attempted-assassination-former-president-trump,fox,us,Pennsylvania State Police identify victims shot during attempted assassination of former President Trump
https://www.nbcnews.com/tech/internet/lieutenant-dan-tampa-florida-hurricane-milton-boat-mayor-cam-gofundme-rcna174647,nbc,tech,A Florida man riding out Hurricane Milton on his boat alarms TikTok and local officials
https://www.foxnews.com/media/rachel-maddow-defends-msnbcs-refusal-air-trumps-iowa-victory-speech-not-spite,fox,media,Rachel Maddow defends MSNBC's refusal to air Trump's Iowa victory speech: 'Not out of spite'
https://www.nbcnews.com/news/clippers-star-kawhi-leonard-reportedly-indefinitely-knee-inflamaation-rcna175999,nbc,news,Clippers star Kawhi Leonard reportedly out indefinitely with knee inflammation
https://www.foxnews.com/politics/abortion-rights-expand-blue-states-roe-v-wade-overturned-dobbs-decision,fox,politics,Abortion rights to expand in blue states after Roe v Wade overturned in Dobbs decision
https://www.foxnews.com/media/kamala-harris-repeatedly-pivots-trump-when-grilled-immigration-record-fox-news-interview.print,fox,media,Kamala Harris repeatedly pivots to Trump when grilled on immigration record in interview
https://www.nbcnews.com/politics/2024-election/trump-911-laura-loomer-conspiracy-theorist-rcna170743,nbc,politics,Trump attends 9/11 event with a far right activist who pushed a conspiracy theory about the tragedy
https://www.nbcnews.com/politics/2024-election/harris-deploys-mark-cuban-elon-musk-stumps-trump-rcna175930,nbc,politics,Battle of the billionaires: Harris deploys Mark Cuban as Elon Musk stumps for Trump
https://www.foxnews.com/politics/leader-race-looms-john-thune-takes-senate-map-storm-boost-gop-candidates,fox,politics,"As leader race looms, John Thune takes Senate map by storm to boost GOP candidates"
https://www.foxnews.com/media/randi-weingarten-angrily-claims-pompeo-hurting-kids-attacks,fox,media,Randi Weingarten angrily claims Pompeo 'hurting kids' with attacks on her
https://www.nbcnews.com/health/health-news/fda-authorizes-novavaxs-updated-covid-vaccine-rcna118665,nbc,health,FDA authorizes Novavax's updated Covid vaccine
https://www.foxnews.com/media/obama-produces-first-fiction-movie-netflix-gave-extensive-notes-director-cyberattack-plot,fox,media,"Barack Obama produces first fiction movie for Netflix, gave extensive notes to director for cyberattack plot"
https://www.nbcnews.com/politics/supreme-court/supreme-court-weigh-state-restrictions-gender-affirming-care-youths-rcna142825,nbc,politics,Supreme Court to weigh state restrictions on gender affirming care for youths
https://www.nbcnews.com/investigations/iran-assassination-plot-trump-secret-service-tightened-security-rcna162203,nbc,investigations,Secret Service tightened security around Trump after learning of alleged Iranian assassination plot
https://www.foxnews.com/us/nasa-astronaut-shares-timelapse-video-massive-hurricane-milton-from-space,fox,us,NASA astronaut shares timelapse video of massive Hurricane Milton from space
https://www.foxnews.com/media/biden-called-out-border-crisis-texas-democrat-absolutely-president-should-be-here,fox,media,Biden called out on border crisis by Texas Democrat: 'Absolutely the president should be here'
https://www.nbcnews.com/news/world/china-japan-end-dispute-fukushima-water-discharge-rcna171950,nbc,news,China and Japan end dispute over Fukushima water discharge
https://www.foxnews.com/politics/biden-district-republican-says-this-issue-will-define-2024-elections.print,fox,politics,Biden district Republican says this critical issue will define 2024 elections
https://www.foxnews.com/opinion/heads-up-farmers-biden-is-coming-your-water,fox,opinion,"Heads up, farmers: Biden is coming for your water"
https://www.foxnews.com/politics/biden-admin-backs-down-key-eco-regulations-supreme-court-ruling,fox,politics,Biden admin backs down on key eco regulations after Supreme Court ruling
https://www.foxnews.com/politics/what-paying-your-fair-share-mean-jury-still-out-members-congress.print,fox,politics,What does paying your 'fair share' mean? The jury is still out for members of Congress.
https://www.foxnews.com/politics/critics-drag-harris-cringe-pre-recorded-video-aired-during-catholic-charity-dinner.print,fox,politics,Critics drag Harris for 'cringe' pre recorded video aired during Catholic charity dinner
https://www.nbcnews.com/science/environment/amazons-crucial-water-cycle-faces-collapse-scientists-say-rcna138639,nbc,science,"The Amazon's crucial water cycle faces collapse, scientists say"
https://www.foxnews.com/politics/aclu-lgbt-groups-sue-missouri-ag-gender-transition-emergency-rule,fox,politics,"ACLU, LGBT groups sue Missouri AG over gender transition emergency rule"
https://www.foxnews.com/lifestyle/from-salmon-shark-best-worst-fish-health-according-experts,fox,lifestyle,"From salmon to shark, here are the best and worst fish for your health, according to experts"
https://www.nbcnews.com/news/world/sultan-qaboos-bin-said-who-modernized-oman-dies-79-n1113991,nbc,news,"Sultan Qaboos bin Said, who modernized Oman, dies at 79"
https://www.nbcnews.com/tech/internet/internets-popular-trump-pundits-ended-paid-messengers-russian-propagan-rcna169803,nbc,tech,How some of the internet's most popular pro Trump pundits ended up as paid messengers for Russian propaganda
https://www.foxnews.com/us/trump-shooter-thomas-matthew-crooks-cause-manner-death-revealed,fox,us,"Trump shooter Thomas Matthew Crooks' cause, manner of death revealed"
https://www.foxnews.com/entertainment/demi-moore-says-ex-bruce-willis-stable-health-he-battles-dementia,fox,entertainment,Demi Moore says ex Bruce Willis is in 'stable' health as he battles dementia
https://www.foxnews.com/entertainment/taylor-swift-travis-kelce-turn-heads-blake-lively-ryan-reynolds-romantic-double-date-dinner.print,fox,entertainment,"Taylor Swift, Travis Kelce turn heads with Blake Lively, Ryan Reynolds at romantic double date dinner"
https://www.nbcnews.com/politics/2024-election/kamala-harris-trump-father-ivf-rcna175788,nbc,politics,Harris slams Trump for claiming to be 'the father of IVF'
https://www.foxnews.com/politics/trump-plans-plead-not-guilty-jack-smiths-revised-federal-election-interference-charges,fox,politics,Trump plans to plead not guilty to Jack Smith's revised federal election interference charges
https://www.foxnews.com/entertainment/charlie-sheen-reacts-daughter-sami-sheen-joining-onlyfans,fox,entertainment,"Charlie Sheen reacts to daughter Sami Sheen, 18, joining OnlyFans: 'This did not occur under my roof'"
https://www.nbcnews.com/news/world/bangladesh-protesters-call-nobel-laureate-muhammad-yunus-lead-rcna165310,nbc,news,Bangladesh protesters call on Nobel laureate Muhammad Yunus to lead
https://www.foxnews.com/politics/trump-says-he-is-honored-invigorated-after-winning-iowa-caucuses-make-america-great-again.print,fox,politics,"Trump says he is 'honored,' 'invigorated' after winning Iowa caucuses: 'We want to Make America Great Again'"
https://www.foxnews.com/opinion/what-happens-supreme-court-struck-down-biden-student-loan-handout-scheme,fox,opinion,What happens now that Supreme Court struck down Biden's student loan handout scheme
https://www.nbcnews.com/nbc-out/out-news/biden-honors-matthew-shepard-condemns-anti-lgbtq-violence-rcna120131,nbc,nbc-out,Biden honors Matthew Shepard and condemns anti LGBTQ violence
https://www.foxnews.com/travel/new-titanic-exhibit-boston-feature-250-artifacts-recovered-from-wreck.print,fox,travel,Titanic exhibit in Boston to feature 250 artifacts recovered from wreck
https://www.nbcnews.com/politics/2024-election/live-blog/trump-harris-election-live-updates-rcna174212,nbc,politics,Election 2024: Harris goes on high profile media blitz; Trump postpones town hall with RFK Jr.
https://www.nbcnews.com/news/nbcblk/black-conservative-radio-host-field-house-slaves-arguing-black-rcna175945,nbc,news,A Black conservative radio host invoked 'field' and 'house' slaves in arguing why some Black men back Trump
https://www.foxnews.com/us/texas-borderland-car-crash-leaves-three-people-dead-human-smuggling-attempt,fox,us,Texas borderland car crash leaves three people dead in human smuggling attempt
https://www.foxnews.com/world/hamas-leader-ismail-haniyeh-killed-tehran-hidden-explosive-device-report,fox,world,Hamas leader Ismail Haniyeh was killed in Tehran by hidden explosive device: report
https://www.foxnews.com/lifestyle/meet-american-gave-nation-thanksgiving-origin-story.print,fox,lifestyle,Meet the American who gave the nation our Thanksgiving origin story: Pilgrim Edward Winslow
https://www.foxnews.com/media/survivor-hamas-terror-lost-many-friends-count-says-october-7-first-shot,fox,media,"Survivor of Hamas terror lost too many friends to count, says October 7 was 'only the first shot'"
https://www.foxnews.com/media/fox-nation-debut-american-history-series-kelsey-grammer,fox,media,Nation to debut new American history series hosted by Kelsey Grammer
https://www.foxnews.com/politics/mayorkas-moves-shield-hundreds-thousands-from-deportation-back-troubled-caribbean-nation,fox,politics,Mayorkas moves to shield hundreds of thousands from deportation back to troubled Caribbean nation
https://www.nbcnews.com/politics/justice-department/enrique-tarrio-proud-boys-sentenced-jan-6-sedition-case-rcna103280,nbc,politics,"Former Proud Boys leader Enrique Tarrio gets 22 years, longest Jan. 6 sentence yet"
https://www.foxnews.com/media/james-carville-regrets-biden-running-worries-younger-generation-uninterested-politics,fox,media,"James Carville regrets that Biden is running, worries younger generation uninterested in politics"
https://www.nbcnews.com/politics/politics-news/secretary-state-antony-blinken-declines-identify-red-line-aid-israel-rcna151826,nbc,politics,Secretary of State Antony Blinken declines to identify 'red line' for aid to Israel
https://www.foxnews.com/food-drink/sandwich-new-england-most-unusual-treat-fascinating-story-5-cool-facts,fox,food-drink,"Sandwich from New England, a most unusual treat, has fascinating story, plus 5 fun facts"
https://www.nbcnews.com/select/shopping/best-carry-travel-backpacks-ncna1267028,nbc,select,"The best backpacks for long and short trips, according to travel bloggers"
https://www.foxnews.com/lifestyle/faith-leader-says-parents-should-not-trust-world-teach-kids-about-god,fox,lifestyle,Faith leader says parents 'should not trust the world to teach their kids about God'
https://www.foxnews.com/us/trump-safe-after-gunshots-his-vicinity-campaign-says,fox,us,"Trump safe after 'gunshots in his vicinity,' campaign says"
https://www.nbcnews.com/select/shopping/best-hyaluronic-acid-serums-creams-ncna1290282,nbc,select,Hyaluronic acid is a must have your dry skin routine here are the best products that will leave your skin glowy and hydrated
https://www.foxnews.com/opinion/happy-birthday-americas-first-presidential-centenarian,fox,opinion,Happy birthday to America's first presidential centenarian
https://www.foxnews.com/politics/kamala-harris-presidential-campaign-raises-nearly-50-million-since-biden-endorsement,fox,politics,Kamala Harris' presidential campaign raises nearly $50 million since Biden endorsement
https://www.nbcnews.com/news/nbcblk/hurricane-helene-rips-apart-nc-farm-feeds-1500-people-food-desert-week-rcna174371,nbc,news,A pastor started a farm because he lived in a food desert then came the hurricane
https://www.nbcnews.com/news/latino/three-kings-day-still-big-these-latino-households-despite-santa-n1110076,nbc,news,"Three Kings Day is big in these Latino households, despite Santa's pull"
https://www.foxnews.com/politics/working-class-come-home-harris-rallygoers-postindustrial-pennsylvania-say.print,fox,politics,"Working class will come home to Harris, rallygoers in postindustrial Pennsylvanians say"
https://www.foxnews.com/politics/white-house-says-trumps-tariffs-destroy-manufacturing-exacerbate-inflation,fox,politics,"White House says Trump's tariffs will destroy manufacturing, exacerbate inflation"
https://www.nbcnews.com/select/shopping/best-gift-ideas-mom-ncna1286378,nbc,select,Found: the perfect gift for every type of mom out there
https://www.nbcnews.com/health/health-news/overdose-death-rate-increased-30-2020-staggering-rise-rcna38756,nbc,health,"Drug overdose death rates rose dramatically during the first year of the pandemic, CDC reports"
https://www.nbcnews.com/news/world/shehbaz-sharif-elected-pakistans-prime-minister-second-term-rcna141541,nbc,news,Shehbaz Sharif elected Pakistan's prime minister for second term
https://www.nbcnews.com/select/shopping/white-elephant-secret-santa-gifts-ncna1285678,nbc,select,21+ Secret Santa and White Elephant gifts that will make holiday shopping so much easier
https://www.foxnews.com/health/healthy-living-habits-eating-dinner-earlier-may-help-weight.print,fox,health,Healthy living habits include eating dinner earlier it may also help keep weight down
https://www.foxnews.com/media/cnn-political-director-warns-trouble-sign-harris-she-lags-white-male-voters-key-states,fox,media,CNN political director warns of 'trouble sign for Harris' as she lags with White male voters in key states
https://www.foxnews.com/politics/early-voting-begins-illinois-north-dakota-florida-michigan,fox,politics,"Early voting begins in Illinois, North Dakota, Florida and Michigan"
https://www.nbcnews.com/politics/justice-department/trump-fan-assaulted-officers-hockey-stick-jan-6-sentenced-prison-rcna140969,nbc,politics,Trump fan who assaulted officers with a hockey stick on Jan. 6 is sentenced to prison
https://www.foxnews.com/media/cookie-monster-hides-sen-bob-caseys-reply-x-dem-sought-campaign-donation-sesame-street-muppet.print,fox,media,Cookie Monster hides Sen. Bob Casey's reply on X after Dem sought campaign donation: 'Can you chip in?'
https://www.nbcnews.com/politics/donald-trump/trump-trials-court-cases-2024-what-expect-rcna130465,nbc,politics,Trump on trial: What to expect in 2024 from the former president's legal cases
https://www.nbcnews.com/politics/2024-election/live-blog/trump-harris-election-live-updates-rcna174214,nbc,politics,Election 2024: Harris speaks in Phoenix after Obama's Pittsburgh rally; Biden slams Trump
https://www.nbcnews.com/tech/internet/israel-hamas-war-discourse-fraught-nature-online-speech-rcna119589,nbc,tech,Israel Hamas war discourse shows the increasingly fraught nature of online speech
https://www.nbcnews.com/politics/2024-election/desantis-florida-primary-night-losses-rcna167550,nbc,politics,Ron DeSantis' political star is tarnished after key Florida primary night losses
https://www.nbcnews.com/politics/congress/wife-jan-6-officer-died-riot-feels-duty-represent-hearings-rcna32883,nbc,politics,Wife of Jan. 6 officer who died after riot feels duty to represent him at hearings
https://www.nbcnews.com/politics/2024-election/ron-desantis-signs-6-week-abortion-ban-law-florida-rcna78989,nbc,politics,Ron DeSantis quietly signs Florida's 6 week abortion ban into law
https://www.nbcnews.com/news/world/explainer-how-did-latest-israeli-palestinian-crisis-emerge-n1267399,nbc,news,What you need to know about Israeli Palestinian crisis
https://www.nbcnews.com/politics/2024-election/vivek-ramaswamy-calls-rep-ayanna-pressley-author-ibram-kendi-part-mode-rcna101873,nbc,politics,"Vivek Ramaswamy calls Rep. Ayanna Pressley, author Ibram Kendi part of 'modern KKK'"
https://www.nbcnews.com/health/health-news/alabama-fertility-clinic-says-will-resume-ivf-services-bill-passes-pro-rcna141682,nbc,health,Two Alabama fertility clinics say they will resume IVF services after bill to protect doctors passes
https://www.nbcnews.com/news/world/sinwars-killing-boost-netanyahu-israeli-politics-hamas-war-rcna176067,nbc,news,"Sinwar's killing looks set to boost Netanyahu, the Houdini of Israeli politics"
https://www.foxnews.com/world/geologists-study-5600-year-old-submerged-bridge-new-details-life-emerge-from-mallorca-spain,fox,world,"Geologists study 5,600 year old submerged bridge; new details of life emerge from Mallorca, Spain"
https://www.nbcnews.com/nbc-out/out-news/matthew-shepards-mom-calls-anti-lgbtq-bills-vicious-attack-25-years-mu-rcna121240,nbc,nbc-out,Matthew Shepard's mom calls anti LGBTQ bills a 'vicious attack' 25 years after his murder
https://www.nbcnews.com/news/us-news/prosecutor-seek-death-penalty-hate-crime-charges-atlanta-area-spa-n1267019,nbc,news,"Prosecutor to seek death penalty, hate crime charges in Atlanta area spa shootings"
https://www.foxnews.com/us/fbi-fears-venezuela-migrant-gangbangers-teaming-up-ms-13-killers.print,fox,us,FBI fears Venezuela migrant gang members could potentially team up with MS 13 killers
https://www.foxnews.com/media/flashback-see-how-kamala-harris-answered-when-she-confronted-2020-the-most-liberal-senator,fox,media,FLASHBACK: See how Kamala Harris answered when she was confronted in 2020 as 'the most liberal senator'
https://www.nbcnews.com/news/world/biden-top-adviser-saudi-crown-prince-israel-normalization-jake-sulliva-rcna96818,nbc,news,Biden dispatches top adviser for talks with Saudi crown prince
https://www.foxnews.com/media/israeli-spokesmans-shocked-face-viral-bizarre-question-about-hostage-deal-left-speechless,fox,media,Israeli spokesman's shocked face goes viral over bizarre question about hostage deal: 'Left me speechless'
https://www.foxnews.com/us/laken-riley-murder-suspect-jose-ibarra-pleads-not-guilty,fox,us,"Laken Riley murder suspect Jose Ibarra pleads not guilty, mother sobs in court"
https://www.foxnews.com/travel/newlywed-couple-details-unique-destination-wedding-mexico-perfect-day,fox,travel,Newlywed couple reveals details of their unique destination wedding in Mexico: 'Perfect day'
https://www.nbcnews.com/select/shopping/alpha-hydroxy-acids-ahas-ncna1234611,nbc,select,"Want smoother, glowier skin? Dermatologists swear by these AHA products"
https://www.nbcnews.com/select/shopping/how-to-clean-coffee-maker-rcna156776,nbc,select,You should be cleaning your coffee maker at least once a month here's how to do it
https://www.nbcnews.com/news/world/october-7-might-biggest-test-netanyahu-faced-yet-rcna122301,nbc,news,"Netanyahu has weathered many political storms, but the Oct. 7 attack is the strongest one yet"
https://www.foxnews.com/politics/lies-throughout-trump-backed-challenger-longtime-dem-senator-face-off-heated-battleground-debate,fox,politics,"'Lies throughout': Trump backed challenger, longtime Dem senator face off in heated battleground debate"
https://www.foxnews.com/politics/ex-usda-official-blasts-mind-boggling-biden-regulations-farming-menthol.print,fox,politics,"Ex USDA official blasts 'mind boggling' Biden regulations on farming, menthol: 'Doesn't seem very American'"
https://www.foxnews.com/politics/top-new-york-republican-scorches-state-dems-effort-ban-gas-stoves-attack-working-people,fox,politics,Top New York Republican scorches state Dems' effort to ban gas stoves: 'An attack on working people'
https://www.nbcnews.com/select/shopping/best-moisturizers-mature-skin-rcna149213,nbc,select,Our skin gets drier as we age look for these 7 ingredients in a moisturizer for mature skin
https://www.nbcnews.com/news/world/saudi-arabia-opec-oil-production-joe-biden-mohammed-bin-salman-russia-rcna52039,nbc,news,Too late for a Saudi rethink? Critics say oil cut was a predictable blow for Biden
https://www.nbcnews.com/news/world/israel-fury-biden-threat-weapons-rafah-attack-rcna151221,nbc,news,Israel fumes as Biden signals a harder line against a Rafah ground assault
https://www.foxnews.com/politics/4th-gen-farmer-blasts-biden-admin-for-sending-billions-to-ukraine-as-u-s-farmers-suffer-facing-extinction,fox,politics,4th gen farmer blasts Biden admin for sending billions to Ukraine as US farmers suffer: 'Facing extinction'
https://www.nbcnews.com/news/world/floods-casualties-torrential-rain-central-europe-rcna171187,nbc,news,Floods claim two more casualties as torrential rain batters central Europe
https://www.foxnews.com/official-polls/fox-news-poll-voters-think-harris-did-better-than-trump-debate.print,fox,official-polls,Poll: Voters think Harris did better than Trump in debate
https://www.nbcnews.com/politics/2024-election/trump-election-chaos-detroit-misinformation-rcna174091,nbc,politics,How Trump allies stoked election chaos in Detroit in 2020 and what they're planning in 2024
https://www.nbcnews.com/politics/congress/retired-commander-oversaw-afghanistan-withdrawal-says-alone-bears-resp-rcna144094,nbc,politics,Retired commander who oversaw Afghanistan withdrawal says he alone bears responsibility for airport attack
https://www.nbcnews.com/news/us-news/ryan-routh-custody-trump-golf-club-incident-rcna171225,nbc,news,Man in custody after Trump golf club incident was once convicted of possessing a machine gun
https://www.foxnews.com/politics/softened-abortion-language-trump-approved-gop-platform-irks-some-social-conservatives,fox,politics,Softened abortion language in Trump approved GOP platform irks some social conservatives
https://www.nbcnews.com/news/world/un-security-council-cease-fire-resolution-us-rcna144556,nbc,news,U.N. Security Council fails to pass U.S. resolution calling for Gaza cease fire
https://www.foxnews.com/lifestyle/rural-travel-destinations-unplug-fun-summer,fox,lifestyle,Rural travel destinations where you can unplug and have fun this summer
https://www.nbcnews.com/news/world/climate-change-made-uk-heat-wave-hotter-likely-study-finds-rcna40680,nbc,news,"Climate change made U.K. heat wave hotter and more likely, study finds"
https://www.foxnews.com/politics/obama-calls-out-brothers-apprehensive-vote-harris-youre-thinking-sitting-out.print,fox,politics,Obama calls out 'brothers' apprehensive to vote for Harris: 'You're thinking of sitting out?'
https://www.foxnews.com/tech/fox-news-ai-newsletter-creepy-yet-helpful,fox,tech,AI Newsletter: Creepy yet helpful robot is ready to assist
https://www.foxnews.com/world/i-will-be-haunted-forever-israels-horrific-video-hamas-atrocities-leaves-viewers-shocked-sickened,fox,world,'I will be haunted forever': Israel's horrific video of Hamas atrocities leaves viewers shocked and sickened
